scenario,scenario_label,group,x_mode,cancer,x_index,x_label,x_numeric,regime,ibs_mean,delta_ibs,n_folds,color
pan_tcga_incremental_then_pan_seer,Pan-cancer TCGA → + pan-SEER continuation,TCGA + SEER,numeric,ACC,0,Single-cancer TCGA,0.0,single_cancer_tcga_baseline,0.13019362466347986,0.0,5,#1f77b4
pan_tcga_incremental_then_pan_seer,Pan-cancer TCGA → + pan-SEER continuation,TCGA + SEER,numeric,ACC,1,12k,11967.0,seer_n001k_00pct,0.10570011765031637,-0.024493507013163496,5,#1f77b4
pan_tcga_incremental_then_pan_seer,Pan-cancer TCGA → + pan-SEER continuation,TCGA + SEER,numeric,ACC,2,14k,13969.0,seer_n003k_00pct,0.061579565036705516,-0.06861405962677435,5,#1f77b4
pan_tcga_incremental_then_pan_seer,Pan-cancer TCGA → + pan-SEER continuation,TCGA + SEER,numeric,ACC,3,21k,20967.0,seer_n010k_00pct,0.05562991168335276,-0.0745637129801271,5,#1f77b4
pan_tcga_incremental_then_pan_seer,Pan-cancer TCGA → + pan-SEER continuation,TCGA + SEER,numeric,ACC,4,46.4k,46438.0,seer_n035k_00pct,0.04946927093297655,-0.08072435373050331,5,#1f77b4
pan_tcga_incremental_then_pan_seer,Pan-cancer TCGA → + pan-SEER continuation,TCGA + SEER,numeric,ACC,5,81.9k,81906.0,seer_01pct,0.045749983726759015,-0.08444364093672085,5,#1f77b4
pan_tcga_incremental_then_pan_seer,Pan-cancer TCGA → + pan-SEER continuation,TCGA + SEER,numeric,ACC,6,365.7k,365661.0,seer_05pct,0.048466247639482,-0.08172737702399786,5,#1f77b4
pan_tcga_incremental_then_pan_seer,Pan-cancer TCGA → + pan-SEER continuation,TCGA + SEER,numeric,ACC,7,720.4k,720352.0,seer_10pct,0.052179070976595535,-0.07801455368688433,5,#1f77b4
pan_tcga_incremental_then_pan_seer,Pan-cancer TCGA → + pan-SEER continuation,TCGA + SEER,numeric,ACC,8,1.4M,1429739.0,seer_20pct,0.05719016241756618,-0.07300346224591368,5,#1f77b4
pan_tcga_incremental_then_pan_seer,Pan-cancer TCGA → + pan-SEER continuation,TCGA + SEER,numeric,ACC,9,3.6M,3557888.0,seer_50pct,0.06588727014636968,-0.06430635451711018,4,#1f77b4
pan_tcga_incremental_then_pan_seer,Pan-cancer TCGA → + pan-SEER continuation,TCGA + SEER,numeric,ACC,10,7.1M,7104810.5,seer_100pct,0.07597586747138677,-0.0542177571920931,2,#1f77b4
pan_tcga_incremental_then_pan_seer,Pan-cancer TCGA → + pan-SEER continuation,TCGA + SEER,numeric,BLCA,0,Single-cancer TCGA,0.0,single_cancer_tcga_baseline,0.18769773132151082,0.0,5,#ff7f0e
pan_tcga_incremental_then_pan_seer,Pan-cancer TCGA → + pan-SEER continuation,TCGA + SEER,numeric,BLCA,1,11.9k,11903.0,seer_n001k_00pct,0.09233370546365999,-0.09536402585785084,5,#ff7f0e
pan_tcga_incremental_then_pan_seer,Pan-cancer TCGA → + pan-SEER continuation,TCGA + SEER,numeric,BLCA,2,13.9k,13905.0,seer_n003k_00pct,0.07192734992931221,-0.11577038139219861,5,#ff7f0e
pan_tcga_incremental_then_pan_seer,Pan-cancer TCGA → + pan-SEER continuation,TCGA + SEER,numeric,BLCA,3,20.9k,20903.0,seer_n010k_00pct,0.04663264451515216,-0.14106508680635865,5,#ff7f0e
pan_tcga_incremental_then_pan_seer,Pan-cancer TCGA → + pan-SEER continuation,TCGA + SEER,numeric,BLCA,4,46.4k,46374.0,seer_n035k_00pct,0.044391398668337995,-0.14330633265317283,5,#ff7f0e
pan_tcga_incremental_then_pan_seer,Pan-cancer TCGA → + pan-SEER continuation,TCGA + SEER,numeric,BLCA,5,81.8k,81842.0,seer_01pct,0.040007153431637146,-0.14769057788987366,5,#ff7f0e
pan_tcga_incremental_then_pan_seer,Pan-cancer TCGA → + pan-SEER continuation,TCGA + SEER,numeric,BLCA,6,365.6k,365597.0,seer_05pct,0.04032786748072177,-0.14736986384078904,5,#ff7f0e
pan_tcga_incremental_then_pan_seer,Pan-cancer TCGA → + pan-SEER continuation,TCGA + SEER,numeric,BLCA,7,720.3k,720288.0,seer_10pct,0.03835408968496457,-0.14934364163654626,5,#ff7f0e
pan_tcga_incremental_then_pan_seer,Pan-cancer TCGA → + pan-SEER continuation,TCGA + SEER,numeric,BLCA,8,1.4M,1429675.0,seer_20pct,0.04396832676649787,-0.14372940455501296,5,#ff7f0e
pan_tcga_incremental_then_pan_seer,Pan-cancer TCGA → + pan-SEER continuation,TCGA + SEER,numeric,BLCA,9,3.6M,3557824.0,seer_50pct,0.04500006625711367,-0.14269766506439716,5,#ff7f0e
pan_tcga_incremental_then_pan_seer,Pan-cancer TCGA → + pan-SEER continuation,TCGA + SEER,numeric,BRCA,0,Single-cancer TCGA,0.0,single_cancer_tcga_baseline,0.15702010993520168,0.0,5,#2ca02c
pan_tcga_incremental_then_pan_seer,Pan-cancer TCGA → + pan-SEER continuation,TCGA + SEER,numeric,BRCA,1,11.8k,11768.0,seer_n001k_00pct,0.08810463138392426,-0.06891547855127743,5,#2ca02c
pan_tcga_incremental_then_pan_seer,Pan-cancer TCGA → + pan-SEER continuation,TCGA + SEER,numeric,BRCA,2,13.8k,13770.0,seer_n003k_00pct,0.06752100496264765,-0.08949910497255403,5,#2ca02c
pan_tcga_incremental_then_pan_seer,Pan-cancer TCGA → + pan-SEER continuation,TCGA + SEER,numeric,BRCA,3,20.8k,20768.0,seer_n010k_00pct,0.042099814800697855,-0.11492029513450383,5,#2ca02c
pan_tcga_incremental_then_pan_seer,Pan-cancer TCGA → + pan-SEER continuation,TCGA + SEER,numeric,BRCA,4,46.2k,46239.0,seer_n035k_00pct,0.03592657574396414,-0.12109353419123754,5,#2ca02c
pan_tcga_incremental_then_pan_seer,Pan-cancer TCGA → + pan-SEER continuation,TCGA + SEER,numeric,BRCA,5,81.7k,81707.0,seer_01pct,0.04048737664731313,-0.11653273328788855,5,#2ca02c
pan_tcga_incremental_then_pan_seer,Pan-cancer TCGA → + pan-SEER continuation,TCGA + SEER,numeric,BRCA,6,365.5k,365462.0,seer_05pct,0.038820579335725615,-0.11819953059947608,5,#2ca02c
pan_tcga_incremental_then_pan_seer,Pan-cancer TCGA → + pan-SEER continuation,TCGA + SEER,numeric,BRCA,7,720.2k,720153.0,seer_10pct,0.03703987683318851,-0.11998023310201317,5,#2ca02c
pan_tcga_incremental_then_pan_seer,Pan-cancer TCGA → + pan-SEER continuation,TCGA + SEER,numeric,BRCA,8,1.4M,1429540.0,seer_20pct,0.03460645414659154,-0.12241365578861015,5,#2ca02c
pan_tcga_incremental_then_pan_seer,Pan-cancer TCGA → + pan-SEER continuation,TCGA + SEER,numeric,BRCA,9,3.6M,3557689.0,seer_50pct,0.04015928962489703,-0.11686082031030465,5,#2ca02c
pan_tcga_incremental_then_pan_seer,Pan-cancer TCGA → + pan-SEER continuation,TCGA + SEER,numeric,BRCA,10,7.1M,7104612.0,seer_100pct,0.03715812899967351,-0.11986198093552818,1,#2ca02c
pan_tcga_incremental_then_pan_seer,Pan-cancer TCGA → + pan-SEER continuation,TCGA + SEER,numeric,CESC,0,Single-cancer TCGA,0.0,single_cancer_tcga_baseline,0.20832889945955496,0.0,5,#d62728
pan_tcga_incremental_then_pan_seer,Pan-cancer TCGA → + pan-SEER continuation,TCGA + SEER,numeric,CESC,1,11.9k,11926.0,seer_n001k_00pct,0.12600101838593894,-0.08232788107361602,5,#d62728
pan_tcga_incremental_then_pan_seer,Pan-cancer TCGA → + pan-SEER continuation,TCGA + SEER,numeric,CESC,2,13.9k,13928.0,seer_n003k_00pct,0.08467425689838035,-0.12365464256117462,5,#d62728
pan_tcga_incremental_then_pan_seer,Pan-cancer TCGA → + pan-SEER continuation,TCGA + SEER,numeric,CESC,3,20.9k,20926.0,seer_n010k_00pct,0.06375551073358188,-0.14457338872597308,5,#d62728
pan_tcga_incremental_then_pan_seer,Pan-cancer TCGA → + pan-SEER continuation,TCGA + SEER,numeric,CESC,4,46.4k,46397.0,seer_n035k_00pct,0.05589567102525941,-0.15243322843429555,5,#d62728
pan_tcga_incremental_then_pan_seer,Pan-cancer TCGA → + pan-SEER continuation,TCGA + SEER,numeric,CESC,5,81.9k,81865.0,seer_01pct,0.050720665483136695,-0.15760823397641827,5,#d62728
pan_tcga_incremental_then_pan_seer,Pan-cancer TCGA → + pan-SEER continuation,TCGA + SEER,numeric,CESC,6,365.6k,365620.0,seer_05pct,0.04761909205013005,-0.16070980740942492,5,#d62728
pan_tcga_incremental_then_pan_seer,Pan-cancer TCGA → + pan-SEER continuation,TCGA + SEER,numeric,CESC,7,720.3k,720311.0,seer_10pct,0.05008120910515977,-0.15824769035439518,5,#d62728
pan_tcga_incremental_then_pan_seer,Pan-cancer TCGA → + pan-SEER continuation,TCGA + SEER,numeric,CESC,8,1.4M,1429698.0,seer_20pct,0.05663920977543829,-0.15168968968411667,5,#d62728
pan_tcga_incremental_then_pan_seer,Pan-cancer TCGA → + pan-SEER continuation,TCGA + SEER,numeric,CESC,9,3.6M,3557847.0,seer_50pct,0.0695736022404632,-0.13875529721909174,5,#d62728
pan_tcga_incremental_then_pan_seer,Pan-cancer TCGA → + pan-SEER continuation,TCGA + SEER,numeric,CESC,10,7.1M,7104770.0,seer_100pct,0.06295978123142543,-0.14536911822812953,3,#d62728
pan_tcga_incremental_then_pan_seer,Pan-cancer TCGA → + pan-SEER continuation,TCGA + SEER,numeric,CHOL,0,Single-cancer TCGA,0.0,single_cancer_tcga_baseline,0.29743321998166006,0.0,4,#9467bd
pan_tcga_incremental_then_pan_seer,Pan-cancer TCGA → + pan-SEER continuation,TCGA + SEER,numeric,CHOL,1,12k,11974.0,seer_n001k_00pct,0.041911516262956736,-0.2555217037187033,4,#9467bd
pan_tcga_incremental_then_pan_seer,Pan-cancer TCGA → + pan-SEER continuation,TCGA + SEER,numeric,CHOL,2,14k,13976.0,seer_n003k_00pct,0.0425775552171802,-0.25485566476447985,4,#9467bd
pan_tcga_incremental_then_pan_seer,Pan-cancer TCGA → + pan-SEER continuation,TCGA + SEER,numeric,CHOL,3,21k,20974.0,seer_n010k_00pct,0.041773310597889066,-0.255659909383771,4,#9467bd
pan_tcga_incremental_then_pan_seer,Pan-cancer TCGA → + pan-SEER continuation,TCGA + SEER,numeric,CHOL,4,46k,45974.0,seer_n035k_00pct,0.03591580986739827,-0.2615174101142618,4,#9467bd
pan_tcga_incremental_then_pan_seer,Pan-cancer TCGA → + pan-SEER continuation,TCGA + SEER,numeric,CHOL,5,81.9k,81913.0,seer_01pct,0.03547278514045992,-0.26196043484120013,4,#9467bd
pan_tcga_incremental_then_pan_seer,Pan-cancer TCGA → + pan-SEER continuation,TCGA + SEER,numeric,CHOL,6,365.7k,365668.0,seer_05pct,0.03618504552513971,-0.2612481744565204,4,#9467bd
pan_tcga_incremental_then_pan_seer,Pan-cancer TCGA → + pan-SEER continuation,TCGA + SEER,numeric,CHOL,7,720.4k,720359.0,seer_10pct,0.03612276240550293,-0.2613104575761571,4,#9467bd
pan_tcga_incremental_then_pan_seer,Pan-cancer TCGA → + pan-SEER continuation,TCGA + SEER,numeric,CHOL,8,1.4M,1429746.0,seer_20pct,0.040850574068949194,-0.25658264591271085,4,#9467bd
pan_tcga_incremental_then_pan_seer,Pan-cancer TCGA → + pan-SEER continuation,TCGA + SEER,numeric,CHOL,9,3.6M,3557895.0,seer_50pct,0.04245243518781506,-0.254980784793845,4,#9467bd
pan_tcga_incremental_then_pan_seer,Pan-cancer TCGA → + pan-SEER continuation,TCGA + SEER,numeric,CHOL,10,7.1M,7104818.0,seer_100pct,0.04067055087834341,-0.25676266910331663,4,#9467bd
pan_tcga_incremental_then_pan_seer,Pan-cancer TCGA → + pan-SEER continuation,TCGA + SEER,numeric,COAD,0,Single-cancer TCGA,0.0,single_cancer_tcga_baseline,0.19789065085078533,0.0,5,#8c564b
pan_tcga_incremental_then_pan_seer,Pan-cancer TCGA → + pan-SEER continuation,TCGA + SEER,numeric,COAD,1,11.9k,11897.0,seer_n001k_00pct,0.07978854742586887,-0.11810210342491646,5,#8c564b
pan_tcga_incremental_then_pan_seer,Pan-cancer TCGA → + pan-SEER continuation,TCGA + SEER,numeric,COAD,2,13.9k,13899.0,seer_n003k_00pct,0.039837865612587675,-0.15805278523819766,5,#8c564b
pan_tcga_incremental_then_pan_seer,Pan-cancer TCGA → + pan-SEER continuation,TCGA + SEER,numeric,COAD,3,20.9k,20897.0,seer_n010k_00pct,0.03150561540027568,-0.16638503545050964,5,#8c564b
pan_tcga_incremental_then_pan_seer,Pan-cancer TCGA → + pan-SEER continuation,TCGA + SEER,numeric,COAD,4,45.9k,45897.0,seer_n035k_00pct,0.02782995008512178,-0.17006070076566354,5,#8c564b
pan_tcga_incremental_then_pan_seer,Pan-cancer TCGA → + pan-SEER continuation,TCGA + SEER,numeric,COAD,5,81.8k,81836.0,seer_01pct,0.02765675684186298,-0.17023389400892236,5,#8c564b
pan_tcga_incremental_then_pan_seer,Pan-cancer TCGA → + pan-SEER continuation,TCGA + SEER,numeric,COAD,6,365.6k,365591.0,seer_05pct,0.02513937940910017,-0.17275127144168517,5,#8c564b
pan_tcga_incremental_then_pan_seer,Pan-cancer TCGA → + pan-SEER continuation,TCGA + SEER,numeric,COAD,7,720.3k,720282.0,seer_10pct,0.025732052243852173,-0.17215859860693317,5,#8c564b
pan_tcga_incremental_then_pan_seer,Pan-cancer TCGA → + pan-SEER continuation,TCGA + SEER,numeric,COAD,8,1.4M,1429669.0,seer_20pct,0.026295802267031643,-0.17159484858375368,5,#8c564b
pan_tcga_incremental_then_pan_seer,Pan-cancer TCGA → + pan-SEER continuation,TCGA + SEER,numeric,COAD,9,3.6M,3557818.0,seer_50pct,0.027402091222118546,-0.1704885596286668,5,#8c564b
pan_tcga_incremental_then_pan_seer,Pan-cancer TCGA → + pan-SEER continuation,TCGA + SEER,numeric,COAD,10,7.1M,7104741.0,seer_100pct,0.02774694107547217,-0.17014370977531315,5,#8c564b
pan_tcga_incremental_then_pan_seer,Pan-cancer TCGA → + pan-SEER continuation,TCGA + SEER,numeric,DLBC,0,Single-cancer TCGA,0.0,single_cancer_tcga_baseline,0.18958032099060812,0.0,2,#e377c2
pan_tcga_incremental_then_pan_seer,Pan-cancer TCGA → + pan-SEER continuation,TCGA + SEER,numeric,DLBC,1,12k,11961.5,seer_n001k_00pct,0.1187622208518102,-0.07081810013879793,2,#e377c2
pan_tcga_incremental_then_pan_seer,Pan-cancer TCGA → + pan-SEER continuation,TCGA + SEER,numeric,DLBC,2,14k,13963.5,seer_n003k_00pct,0.1448952935598206,-0.04468502743078753,2,#e377c2
pan_tcga_incremental_then_pan_seer,Pan-cancer TCGA → + pan-SEER continuation,TCGA + SEER,numeric,DLBC,3,21k,20961.5,seer_n010k_00pct,0.11860539963974015,-0.07097492135086797,2,#e377c2
pan_tcga_incremental_then_pan_seer,Pan-cancer TCGA → + pan-SEER continuation,TCGA + SEER,numeric,DLBC,4,46k,45961.5,seer_n035k_00pct,0.10731629583896969,-0.08226402515163843,2,#e377c2
pan_tcga_incremental_then_pan_seer,Pan-cancer TCGA → + pan-SEER continuation,TCGA + SEER,numeric,DLBC,5,81.9k,81900.5,seer_01pct,0.07027250462347083,-0.11930781636713729,2,#e377c2
pan_tcga_incremental_then_pan_seer,Pan-cancer TCGA → + pan-SEER continuation,TCGA + SEER,numeric,DLBC,6,365.7k,365655.5,seer_05pct,0.06725543531758962,-0.1223248856730185,2,#e377c2
pan_tcga_incremental_then_pan_seer,Pan-cancer TCGA → + pan-SEER continuation,TCGA + SEER,numeric,DLBC,7,720.3k,720346.5,seer_10pct,0.06297078891154596,-0.12660953207906217,2,#e377c2
pan_tcga_incremental_then_pan_seer,Pan-cancer TCGA → + pan-SEER continuation,TCGA + SEER,numeric,DLBC,8,1.4M,1429733.5,seer_20pct,0.0669460056579311,-0.12263431533267702,2,#e377c2
pan_tcga_incremental_then_pan_seer,Pan-cancer TCGA → + pan-SEER continuation,TCGA + SEER,numeric,DLBC,9,3.6M,3557882.5,seer_50pct,0.10270871965065245,-0.08687160133995567,2,#e377c2
pan_tcga_incremental_then_pan_seer,Pan-cancer TCGA → + pan-SEER continuation,TCGA + SEER,numeric,DLBC,10,7.1M,7104805.5,seer_100pct,0.062117892363801275,-0.12746242862680685,2,#e377c2
pan_tcga_incremental_then_pan_seer,Pan-cancer TCGA → + pan-SEER continuation,TCGA + SEER,numeric,ESCA,0,Single-cancer TCGA,0.0,single_cancer_tcga_baseline,0.17158701151986538,0.0,5,#7f7f7f
pan_tcga_incremental_then_pan_seer,Pan-cancer TCGA → + pan-SEER continuation,TCGA + SEER,numeric,ESCA,1,11.9k,11948.0,seer_n001k_00pct,0.026173450325014967,-0.1454135611948504,5,#7f7f7f
pan_tcga_incremental_then_pan_seer,Pan-cancer TCGA → + pan-SEER continuation,TCGA + SEER,numeric,ESCA,2,13.9k,13950.0,seer_n003k_00pct,0.025319436032499188,-0.14626757548736619,5,#7f7f7f
pan_tcga_incremental_then_pan_seer,Pan-cancer TCGA → + pan-SEER continuation,TCGA + SEER,numeric,ESCA,3,20.9k,20948.0,seer_n010k_00pct,0.02181744613928415,-0.14976956538058123,5,#7f7f7f
pan_tcga_incremental_then_pan_seer,Pan-cancer TCGA → + pan-SEER continuation,TCGA + SEER,numeric,ESCA,4,45.9k,45948.0,seer_n035k_00pct,0.020555100375930353,-0.15103191114393502,5,#7f7f7f
pan_tcga_incremental_then_pan_seer,Pan-cancer TCGA → + pan-SEER continuation,TCGA + SEER,numeric,ESCA,5,81.9k,81887.0,seer_01pct,0.01948230135273062,-0.15210471016713475,5,#7f7f7f
pan_tcga_incremental_then_pan_seer,Pan-cancer TCGA → + pan-SEER continuation,TCGA + SEER,numeric,ESCA,6,365.6k,365642.0,seer_05pct,0.0231992526704455,-0.14838775884941988,5,#7f7f7f
pan_tcga_incremental_then_pan_seer,Pan-cancer TCGA → + pan-SEER continuation,TCGA + SEER,numeric,ESCA,7,720.3k,720333.0,seer_10pct,0.027360194580305797,-0.14422681693955958,5,#7f7f7f
pan_tcga_incremental_then_pan_seer,Pan-cancer TCGA → + pan-SEER continuation,TCGA + SEER,numeric,ESCA,8,1.4M,1429720.0,seer_20pct,0.02638025079816389,-0.1452067607217015,5,#7f7f7f
pan_tcga_incremental_then_pan_seer,Pan-cancer TCGA → + pan-SEER continuation,TCGA + SEER,numeric,ESCA,9,3.6M,3557869.0,seer_50pct,0.026905845042886678,-0.1446811664769787,5,#7f7f7f
pan_tcga_incremental_then_pan_seer,Pan-cancer TCGA → + pan-SEER continuation,TCGA + SEER,numeric,ESCA,10,7.1M,7104792.0,seer_100pct,0.025625273729577083,-0.14596173779028832,3,#7f7f7f
pan_tcga_incremental_then_pan_seer,Pan-cancer TCGA → + pan-SEER continuation,TCGA + SEER,numeric,GBM,0,Single-cancer TCGA,0.0,single_cancer_tcga_baseline,0.07419544391772423,0.0,5,#bcbd22
pan_tcga_incremental_then_pan_seer,Pan-cancer TCGA → + pan-SEER continuation,TCGA + SEER,numeric,GBM,1,11.9k,11866.0,seer_n001k_00pct,0.04027375137375399,-0.03392169254397024,5,#bcbd22
pan_tcga_incremental_then_pan_seer,Pan-cancer TCGA → + pan-SEER continuation,TCGA + SEER,numeric,GBM,2,13.9k,13868.0,seer_n003k_00pct,0.03220388435814152,-0.04199155955958271,5,#bcbd22
pan_tcga_incremental_then_pan_seer,Pan-cancer TCGA → + pan-SEER continuation,TCGA + SEER,numeric,GBM,3,20.9k,20866.0,seer_n010k_00pct,0.027729744104371436,-0.046465699813352794,5,#bcbd22
pan_tcga_incremental_then_pan_seer,Pan-cancer TCGA → + pan-SEER continuation,TCGA + SEER,numeric,GBM,4,45.9k,45866.0,seer_n035k_00pct,0.025280562026357156,-0.04891488189136707,5,#bcbd22
pan_tcga_incremental_then_pan_seer,Pan-cancer TCGA → + pan-SEER continuation,TCGA + SEER,numeric,GBM,5,81.8k,81805.0,seer_01pct,0.02627523698942331,-0.047920206928300915,5,#bcbd22
pan_tcga_incremental_then_pan_seer,Pan-cancer TCGA → + pan-SEER continuation,TCGA + SEER,numeric,GBM,6,365.6k,365560.0,seer_05pct,0.025555026782049815,-0.048640417135674414,5,#bcbd22
pan_tcga_incremental_then_pan_seer,Pan-cancer TCGA → + pan-SEER continuation,TCGA + SEER,numeric,GBM,7,720.3k,720251.0,seer_10pct,0.026828292890836863,-0.047367151026887364,5,#bcbd22
pan_tcga_incremental_then_pan_seer,Pan-cancer TCGA → + pan-SEER continuation,TCGA + SEER,numeric,GBM,8,1.4M,1429638.0,seer_20pct,0.03005060203952093,-0.0441448418782033,5,#bcbd22
pan_tcga_incremental_then_pan_seer,Pan-cancer TCGA → + pan-SEER continuation,TCGA + SEER,numeric,GBM,9,3.6M,3557787.0,seer_50pct,0.046574239903299064,-0.027621204014425166,5,#bcbd22
pan_tcga_incremental_then_pan_seer,Pan-cancer TCGA → + pan-SEER continuation,TCGA + SEER,numeric,GBM,10,7.1M,7104710.0,seer_100pct,0.04234008315720303,-0.0318553607605212,2,#bcbd22
pan_tcga_incremental_then_pan_seer,Pan-cancer TCGA → + pan-SEER continuation,TCGA + SEER,numeric,HNSC,0,Single-cancer TCGA,0.0,single_cancer_tcga_baseline,0.17671435433196686,0.0,5,#17becf
pan_tcga_incremental_then_pan_seer,Pan-cancer TCGA → + pan-SEER continuation,TCGA + SEER,numeric,HNSC,1,11.9k,11880.0,seer_n001k_00pct,0.10799538684008089,-0.06871896749188597,2,#17becf
pan_tcga_incremental_then_pan_seer,Pan-cancer TCGA → + pan-SEER continuation,TCGA + SEER,numeric,HNSC,2,13.9k,13882.0,seer_n003k_00pct,0.09554494807487027,-0.0811694062570966,2,#17becf
pan_tcga_incremental_then_pan_seer,Pan-cancer TCGA → + pan-SEER continuation,TCGA + SEER,numeric,HNSC,3,20.9k,20880.0,seer_n010k_00pct,0.060269122764177334,-0.11644523156778952,2,#17becf
pan_tcga_incremental_then_pan_seer,Pan-cancer TCGA → + pan-SEER continuation,TCGA + SEER,numeric,HNSC,4,45.9k,45880.0,seer_n035k_00pct,0.05170617330645952,-0.12500818102550734,2,#17becf
pan_tcga_incremental_then_pan_seer,Pan-cancer TCGA → + pan-SEER continuation,TCGA + SEER,numeric,HNSC,5,81.8k,81819.0,seer_01pct,0.0431073625459092,-0.13360699178605767,5,#17becf
pan_tcga_incremental_then_pan_seer,Pan-cancer TCGA → + pan-SEER continuation,TCGA + SEER,numeric,HNSC,6,365.6k,365574.0,seer_05pct,0.04489449983393776,-0.1318198544980291,5,#17becf
pan_tcga_incremental_then_pan_seer,Pan-cancer TCGA → + pan-SEER continuation,TCGA + SEER,numeric,HNSC,7,720.3k,720265.0,seer_10pct,0.04591678275228049,-0.13079757157968636,5,#17becf
pan_tcga_incremental_then_pan_seer,Pan-cancer TCGA → + pan-SEER continuation,TCGA + SEER,numeric,HNSC,8,1.4M,1429652.0,seer_20pct,0.052264642536354586,-0.12444971179561228,4,#17becf
pan_tcga_incremental_then_pan_seer,Pan-cancer TCGA → + pan-SEER continuation,TCGA + SEER,numeric,HNSC,9,3.6M,3557801.0,seer_50pct,0.059151248362054216,-0.11756310596991265,2,#17becf
pan_tcga_incremental_then_pan_seer,Pan-cancer TCGA → + pan-SEER continuation,TCGA + SEER,numeric,HNSC,10,7.1M,7104724.0,seer_100pct,0.05435739358551078,-0.12235696074645608,1,#17becf
pan_tcga_incremental_then_pan_seer,Pan-cancer TCGA → + pan-SEER continuation,TCGA + SEER,numeric,KICH,0,Single-cancer TCGA,0.0,single_cancer_tcga_baseline,0.09220573582640403,0.0,2,#393b79
pan_tcga_incremental_then_pan_seer,Pan-cancer TCGA → + pan-SEER continuation,TCGA + SEER,numeric,KICH,1,11.9k,11929.0,seer_n001k_00pct,0.0628891313416208,-0.029316604484783224,1,#393b79
pan_tcga_incremental_then_pan_seer,Pan-cancer TCGA → + pan-SEER continuation,TCGA + SEER,numeric,KICH,2,13.9k,13931.0,seer_n003k_00pct,0.07374216829897243,-0.0184635675274316,1,#393b79
pan_tcga_incremental_then_pan_seer,Pan-cancer TCGA → + pan-SEER continuation,TCGA + SEER,numeric,KICH,3,20.9k,20929.0,seer_n010k_00pct,0.029999099895235533,-0.06220663593116849,1,#393b79
pan_tcga_incremental_then_pan_seer,Pan-cancer TCGA → + pan-SEER continuation,TCGA + SEER,numeric,KICH,4,45.9k,45929.0,seer_n035k_00pct,0.025782640618357177,-0.06642309520804685,1,#393b79
pan_tcga_incremental_then_pan_seer,Pan-cancer TCGA → + pan-SEER continuation,TCGA + SEER,numeric,KICH,5,81.9k,81868.0,seer_01pct,0.023881088323713724,-0.0683246475026903,2,#393b79
pan_tcga_incremental_then_pan_seer,Pan-cancer TCGA → + pan-SEER continuation,TCGA + SEER,numeric,KICH,6,365.6k,365623.0,seer_05pct,0.026335750277492673,-0.06586998554891135,2,#393b79
pan_tcga_incremental_then_pan_seer,Pan-cancer TCGA → + pan-SEER continuation,TCGA + SEER,numeric,KICH,7,720.3k,720314.0,seer_10pct,0.026474512949380337,-0.06573122287702368,2,#393b79
pan_tcga_incremental_then_pan_seer,Pan-cancer TCGA → + pan-SEER continuation,TCGA + SEER,numeric,KICH,8,1.4M,1429701.0,seer_20pct,0.028239002389812383,-0.06396673343659165,2,#393b79
pan_tcga_incremental_then_pan_seer,Pan-cancer TCGA → + pan-SEER continuation,TCGA + SEER,numeric,KICH,9,3.6M,3557850.0,seer_50pct,0.028524727272139828,-0.0636810085542642,1,#393b79
pan_tcga_incremental_then_pan_seer,Pan-cancer TCGA → + pan-SEER continuation,TCGA + SEER,numeric,KICH,10,7.1M,7104773.0,seer_100pct,0.030316872665797585,-0.06188886316060644,1,#393b79
pan_tcga_incremental_then_pan_seer,Pan-cancer TCGA → + pan-SEER continuation,TCGA + SEER,numeric,KIRC,0,Single-cancer TCGA,0.0,single_cancer_tcga_baseline,0.12842819576082887,0.0,5,#637939
pan_tcga_incremental_then_pan_seer,Pan-cancer TCGA → + pan-SEER continuation,TCGA + SEER,numeric,KIRC,1,11.9k,11878.0,seer_n001k_00pct,0.06725544032166958,-0.06117275543915929,2,#637939
pan_tcga_incremental_then_pan_seer,Pan-cancer TCGA → + pan-SEER continuation,TCGA + SEER,numeric,KIRC,2,13.9k,13880.0,seer_n003k_00pct,0.05512827923148032,-0.07329991652934854,2,#637939
pan_tcga_incremental_then_pan_seer,Pan-cancer TCGA → + pan-SEER continuation,TCGA + SEER,numeric,KIRC,3,20.9k,20878.0,seer_n010k_00pct,0.04505052510642512,-0.08337767065440374,2,#637939
pan_tcga_incremental_then_pan_seer,Pan-cancer TCGA → + pan-SEER continuation,TCGA + SEER,numeric,KIRC,4,45.9k,45878.0,seer_n035k_00pct,0.0392645011140859,-0.08916369464674297,2,#637939
pan_tcga_incremental_then_pan_seer,Pan-cancer TCGA → + pan-SEER continuation,TCGA + SEER,numeric,KIRC,5,81.8k,81817.0,seer_01pct,0.034931960797138714,-0.09349623496369015,5,#637939
pan_tcga_incremental_then_pan_seer,Pan-cancer TCGA → + pan-SEER continuation,TCGA + SEER,numeric,KIRC,6,365.6k,365572.0,seer_05pct,0.03700499042070486,-0.091423205340124,5,#637939
pan_tcga_incremental_then_pan_seer,Pan-cancer TCGA → + pan-SEER continuation,TCGA + SEER,numeric,KIRC,7,720.3k,720263.0,seer_10pct,0.040828005684683234,-0.08760019007614564,5,#637939
pan_tcga_incremental_then_pan_seer,Pan-cancer TCGA → + pan-SEER continuation,TCGA + SEER,numeric,KIRC,8,1.4M,1429650.0,seer_20pct,0.04341612249209873,-0.08501207326873014,5,#637939
pan_tcga_incremental_then_pan_seer,Pan-cancer TCGA → + pan-SEER continuation,TCGA + SEER,numeric,KIRC,9,3.6M,3557799.0,seer_50pct,0.05277381648155819,-0.07565437927927068,2,#637939
pan_tcga_incremental_then_pan_seer,Pan-cancer TCGA → + pan-SEER continuation,TCGA + SEER,numeric,KIRP,0,Single-cancer TCGA,0.0,single_cancer_tcga_baseline,0.16245695200985902,0.0,5,#8c6d31
pan_tcga_incremental_then_pan_seer,Pan-cancer TCGA → + pan-SEER continuation,TCGA + SEER,numeric,KIRP,1,11.9k,11927.0,seer_n001k_00pct,0.07609202335920856,-0.08636492865065046,5,#8c6d31
pan_tcga_incremental_then_pan_seer,Pan-cancer TCGA → + pan-SEER continuation,TCGA + SEER,numeric,KIRP,2,13.9k,13929.0,seer_n003k_00pct,0.04852901450563332,-0.1139279375042257,5,#8c6d31
pan_tcga_incremental_then_pan_seer,Pan-cancer TCGA → + pan-SEER continuation,TCGA + SEER,numeric,KIRP,3,20.9k,20927.0,seer_n010k_00pct,0.038180271929547885,-0.12427668008031113,5,#8c6d31
pan_tcga_incremental_then_pan_seer,Pan-cancer TCGA → + pan-SEER continuation,TCGA + SEER,numeric,KIRP,4,45.9k,45927.0,seer_n035k_00pct,0.030968337596479257,-0.13148861441337975,5,#8c6d31
pan_tcga_incremental_then_pan_seer,Pan-cancer TCGA → + pan-SEER continuation,TCGA + SEER,numeric,KIRP,5,81.9k,81866.0,seer_01pct,0.026342355205218975,-0.13611459680464005,5,#8c6d31
pan_tcga_incremental_then_pan_seer,Pan-cancer TCGA → + pan-SEER continuation,TCGA + SEER,numeric,KIRP,6,365.6k,365621.0,seer_05pct,0.02375799660115029,-0.13869895540870872,5,#8c6d31
pan_tcga_incremental_then_pan_seer,Pan-cancer TCGA → + pan-SEER continuation,TCGA + SEER,numeric,KIRP,7,720.3k,720312.0,seer_10pct,0.02521224936676974,-0.13724470264308927,5,#8c6d31
pan_tcga_incremental_then_pan_seer,Pan-cancer TCGA → + pan-SEER continuation,TCGA + SEER,numeric,KIRP,8,1.4M,1429699.0,seer_20pct,0.026592272955530783,-0.13586467905432822,5,#8c6d31
pan_tcga_incremental_then_pan_seer,Pan-cancer TCGA → + pan-SEER continuation,TCGA + SEER,numeric,KIRP,9,3.6M,3557848.0,seer_50pct,0.027988643803691392,-0.13446830820616762,5,#8c6d31
pan_tcga_incremental_then_pan_seer,Pan-cancer TCGA → + pan-SEER continuation,TCGA + SEER,numeric,KIRP,10,7.1M,7104771.0,seer_100pct,0.02821662903915636,-0.13424032297070265,5,#8c6d31
pan_tcga_incremental_then_pan_seer,Pan-cancer TCGA → + pan-SEER continuation,TCGA + SEER,numeric,LAML,0,Single-cancer TCGA,0.0,single_cancer_tcga_baseline,0.2096926347099058,0.0,5,#843c39
pan_tcga_incremental_then_pan_seer,Pan-cancer TCGA → + pan-SEER continuation,TCGA + SEER,numeric,LAML,1,12k,11951.0,seer_n001k_00pct,0.03836203826664094,-0.17133059644326484,3,#843c39
pan_tcga_incremental_then_pan_seer,Pan-cancer TCGA → + pan-SEER continuation,TCGA + SEER,numeric,LAML,2,14k,13953.0,seer_n003k_00pct,0.0340735249244618,-0.17561910978544398,3,#843c39
pan_tcga_incremental_then_pan_seer,Pan-cancer TCGA → + pan-SEER continuation,TCGA + SEER,numeric,LAML,3,21k,20951.0,seer_n010k_00pct,0.03371340186759856,-0.17597923284230724,3,#843c39
pan_tcga_incremental_then_pan_seer,Pan-cancer TCGA → + pan-SEER continuation,TCGA + SEER,numeric,LAML,4,46k,45951.0,seer_n035k_00pct,0.031571419589107745,-0.17812121512079804,3,#843c39
pan_tcga_incremental_then_pan_seer,Pan-cancer TCGA → + pan-SEER continuation,TCGA + SEER,numeric,LAML,5,81.9k,81889.0,seer_01pct,0.030157852158263256,-0.17953478255164254,5,#843c39
pan_tcga_incremental_then_pan_seer,Pan-cancer TCGA → + pan-SEER continuation,TCGA + SEER,numeric,LAML,6,365.6k,365644.0,seer_05pct,0.04298867155341907,-0.16670396315648672,5,#843c39
pan_tcga_incremental_then_pan_seer,Pan-cancer TCGA → + pan-SEER continuation,TCGA + SEER,numeric,LAML,7,720.3k,720335.0,seer_10pct,0.03733446363313313,-0.17235817107677265,5,#843c39
pan_tcga_incremental_then_pan_seer,Pan-cancer TCGA → + pan-SEER continuation,TCGA + SEER,numeric,LAML,8,1.4M,1429722.0,seer_20pct,0.05205200621492297,-0.1576406284949828,5,#843c39
pan_tcga_incremental_then_pan_seer,Pan-cancer TCGA → + pan-SEER continuation,TCGA + SEER,numeric,LAML,9,3.6M,3557872.0,seer_50pct,0.064594061610084,-0.14509857309982177,3,#843c39
pan_tcga_incremental_then_pan_seer,Pan-cancer TCGA → + pan-SEER continuation,TCGA + SEER,numeric,LAML,10,7.1M,7104795.0,seer_100pct,0.05978795875242677,-0.14990467595747903,1,#843c39
pan_tcga_incremental_then_pan_seer,Pan-cancer TCGA → + pan-SEER continuation,TCGA + SEER,numeric,LGG,0,Single-cancer TCGA,0.0,single_cancer_tcga_baseline,0.1740875524739498,0.0,5,#7b4173
pan_tcga_incremental_then_pan_seer,Pan-cancer TCGA → + pan-SEER continuation,TCGA + SEER,numeric,LGG,1,11.9k,11883.0,seer_n001k_00pct,0.08338732718586939,-0.09070022528808042,3,#7b4173
pan_tcga_incremental_then_pan_seer,Pan-cancer TCGA → + pan-SEER continuation,TCGA + SEER,numeric,LGG,2,13.9k,13885.0,seer_n003k_00pct,0.05841740948752205,-0.11567014298642775,3,#7b4173
pan_tcga_incremental_then_pan_seer,Pan-cancer TCGA → + pan-SEER continuation,TCGA + SEER,numeric,LGG,3,20.9k,20883.0,seer_n010k_00pct,0.03591868301198286,-0.13816886946196694,3,#7b4173
pan_tcga_incremental_then_pan_seer,Pan-cancer TCGA → + pan-SEER continuation,TCGA + SEER,numeric,LGG,4,45.9k,45883.0,seer_n035k_00pct,0.02916535255957406,-0.14492219991437574,3,#7b4173
pan_tcga_incremental_then_pan_seer,Pan-cancer TCGA → + pan-SEER continuation,TCGA + SEER,numeric,LGG,5,81.8k,81822.0,seer_01pct,0.029229285408646777,-0.14485826706530303,5,#7b4173
pan_tcga_incremental_then_pan_seer,Pan-cancer TCGA → + pan-SEER continuation,TCGA + SEER,numeric,LGG,6,365.6k,365577.0,seer_05pct,0.030134631074959804,-0.14395292139899,5,#7b4173
pan_tcga_incremental_then_pan_seer,Pan-cancer TCGA → + pan-SEER continuation,TCGA + SEER,numeric,LGG,7,720.3k,720268.0,seer_10pct,0.030602361062470912,-0.1434851914114789,5,#7b4173
pan_tcga_incremental_then_pan_seer,Pan-cancer TCGA → + pan-SEER continuation,TCGA + SEER,numeric,LGG,8,1.4M,1429655.0,seer_20pct,0.03286828777967025,-0.14121926469427956,5,#7b4173
pan_tcga_incremental_then_pan_seer,Pan-cancer TCGA → + pan-SEER continuation,TCGA + SEER,numeric,LGG,9,3.6M,3557804.0,seer_50pct,0.035306067706345645,-0.13878148476760416,3,#7b4173
pan_tcga_incremental_then_pan_seer,Pan-cancer TCGA → + pan-SEER continuation,TCGA + SEER,numeric,LGG,10,7.1M,7104727.0,seer_100pct,0.040837268286425664,-0.13325028418752413,1,#7b4173
pan_tcga_incremental_then_pan_seer,Pan-cancer TCGA → + pan-SEER continuation,TCGA + SEER,numeric,LIHC,0,Single-cancer TCGA,0.0,single_cancer_tcga_baseline,0.196872389045799,0.0,5,#3182bd
pan_tcga_incremental_then_pan_seer,Pan-cancer TCGA → + pan-SEER continuation,TCGA + SEER,numeric,LIHC,1,11.9k,11911.0,seer_n001k_00pct,0.04624434968557436,-0.15062803936022465,3,#3182bd
pan_tcga_incremental_then_pan_seer,Pan-cancer TCGA → + pan-SEER continuation,TCGA + SEER,numeric,LIHC,2,13.9k,13913.0,seer_n003k_00pct,0.04286798422696567,-0.15400440481883335,3,#3182bd
pan_tcga_incremental_then_pan_seer,Pan-cancer TCGA → + pan-SEER continuation,TCGA + SEER,numeric,LIHC,3,20.9k,20911.0,seer_n010k_00pct,0.03587593487249314,-0.16099645417330588,3,#3182bd
pan_tcga_incremental_then_pan_seer,Pan-cancer TCGA → + pan-SEER continuation,TCGA + SEER,numeric,LIHC,4,45.9k,45911.0,seer_n035k_00pct,0.033866497179647924,-0.16300589186615108,3,#3182bd
pan_tcga_incremental_then_pan_seer,Pan-cancer TCGA → + pan-SEER continuation,TCGA + SEER,numeric,LIHC,5,81.8k,81850.0,seer_01pct,0.030655465640983388,-0.16621692340481561,5,#3182bd
pan_tcga_incremental_then_pan_seer,Pan-cancer TCGA → + pan-SEER continuation,TCGA + SEER,numeric,LIHC,6,365.6k,365605.0,seer_05pct,0.029923357432149623,-0.16694903161364938,5,#3182bd
pan_tcga_incremental_then_pan_seer,Pan-cancer TCGA → + pan-SEER continuation,TCGA + SEER,numeric,LIHC,7,720.3k,720296.0,seer_10pct,0.03292958078647418,-0.16394280825932483,5,#3182bd
pan_tcga_incremental_then_pan_seer,Pan-cancer TCGA → + pan-SEER continuation,TCGA + SEER,numeric,LIHC,8,1.4M,1429683.0,seer_20pct,0.03287439184367615,-0.16399799720212285,5,#3182bd
pan_tcga_incremental_then_pan_seer,Pan-cancer TCGA → + pan-SEER continuation,TCGA + SEER,numeric,LIHC,9,3.6M,3557832.0,seer_50pct,0.03647927395690153,-0.16039311508889748,3,#3182bd
pan_tcga_incremental_then_pan_seer,Pan-cancer TCGA → + pan-SEER continuation,TCGA + SEER,numeric,LIHC,10,7.1M,7104755.0,seer_100pct,0.03857313643296256,-0.15829925261283645,1,#3182bd
pan_tcga_incremental_then_pan_seer,Pan-cancer TCGA → + pan-SEER continuation,TCGA + SEER,numeric,LUAD,0,Single-cancer TCGA,0.0,single_cancer_tcga_baseline,0.1771317260009033,0.0,5,#31a354
pan_tcga_incremental_then_pan_seer,Pan-cancer TCGA → + pan-SEER continuation,TCGA + SEER,numeric,LUAD,1,11.9k,11883.0,seer_n001k_00pct,0.06864207189778174,-0.10848965410312156,2,#31a354
pan_tcga_incremental_then_pan_seer,Pan-cancer TCGA → + pan-SEER continuation,TCGA + SEER,numeric,LUAD,2,13.9k,13885.0,seer_n003k_00pct,0.06384738197114581,-0.11328434402975748,2,#31a354
pan_tcga_incremental_then_pan_seer,Pan-cancer TCGA → + pan-SEER continuation,TCGA + SEER,numeric,LUAD,3,20.9k,20883.0,seer_n010k_00pct,0.04919480005353595,-0.12793692594736733,2,#31a354
pan_tcga_incremental_then_pan_seer,Pan-cancer TCGA → + pan-SEER continuation,TCGA + SEER,numeric,LUAD,4,45.9k,45883.0,seer_n035k_00pct,0.04200497072996462,-0.13512675527093868,2,#31a354
pan_tcga_incremental_then_pan_seer,Pan-cancer TCGA → + pan-SEER continuation,TCGA + SEER,numeric,LUAD,5,81.8k,81822.0,seer_01pct,0.04677336607445508,-0.13035835992644823,5,#31a354
pan_tcga_incremental_then_pan_seer,Pan-cancer TCGA → + pan-SEER continuation,TCGA + SEER,numeric,LUAD,6,365.6k,365577.0,seer_05pct,0.043339846686147376,-0.13379187931475592,5,#31a354
pan_tcga_incremental_then_pan_seer,Pan-cancer TCGA → + pan-SEER continuation,TCGA + SEER,numeric,LUAD,7,720.3k,720268.0,seer_10pct,0.04417179594052223,-0.13295993006038107,5,#31a354
pan_tcga_incremental_then_pan_seer,Pan-cancer TCGA → + pan-SEER continuation,TCGA + SEER,numeric,LUAD,8,1.4M,1429655.0,seer_20pct,0.0413180213471924,-0.1358137046537109,5,#31a354
pan_tcga_incremental_then_pan_seer,Pan-cancer TCGA → + pan-SEER continuation,TCGA + SEER,numeric,LUAD,9,3.6M,3557804.0,seer_50pct,0.07078242129732937,-0.10634930470357393,2,#31a354
pan_tcga_incremental_then_pan_seer,Pan-cancer TCGA → + pan-SEER continuation,TCGA + SEER,numeric,LUAD,10,7.1M,7104727.0,seer_100pct,0.03207401756034973,-0.14505770844055357,1,#31a354
pan_tcga_incremental_then_pan_seer,Pan-cancer TCGA → + pan-SEER continuation,TCGA + SEER,numeric,LUSC,0,Single-cancer TCGA,0.0,single_cancer_tcga_baseline,0.18489732153808397,0.0,5,#756bb1
pan_tcga_incremental_then_pan_seer,Pan-cancer TCGA → + pan-SEER continuation,TCGA + SEER,numeric,LUSC,1,11.9k,11886.0,seer_n001k_00pct,0.15285563947728886,-0.03204168206079511,4,#756bb1
pan_tcga_incremental_then_pan_seer,Pan-cancer TCGA → + pan-SEER continuation,TCGA + SEER,numeric,LUSC,2,13.9k,13888.0,seer_n003k_00pct,0.10326040594116158,-0.08163691559692239,4,#756bb1
pan_tcga_incremental_then_pan_seer,Pan-cancer TCGA → + pan-SEER continuation,TCGA + SEER,numeric,LUSC,3,20.9k,20886.0,seer_n010k_00pct,0.06156287730966881,-0.12333444422841516,4,#756bb1
pan_tcga_incremental_then_pan_seer,Pan-cancer TCGA → + pan-SEER continuation,TCGA + SEER,numeric,LUSC,4,45.9k,45886.0,seer_n035k_00pct,0.0519825717516051,-0.13291474978647888,4,#756bb1
pan_tcga_incremental_then_pan_seer,Pan-cancer TCGA → + pan-SEER continuation,TCGA + SEER,numeric,LUSC,5,81.8k,81825.0,seer_01pct,0.04957746572693737,-0.13531985581114658,5,#756bb1
pan_tcga_incremental_then_pan_seer,Pan-cancer TCGA → + pan-SEER continuation,TCGA + SEER,numeric,LUSC,6,365.6k,365580.0,seer_05pct,0.0446991291330341,-0.14019819240504988,5,#756bb1
pan_tcga_incremental_then_pan_seer,Pan-cancer TCGA → + pan-SEER continuation,TCGA + SEER,numeric,LUSC,7,720.3k,720271.0,seer_10pct,0.04408818516378376,-0.1408091363743002,5,#756bb1
pan_tcga_incremental_then_pan_seer,Pan-cancer TCGA → + pan-SEER continuation,TCGA + SEER,numeric,LUSC,8,1.4M,1429658.0,seer_20pct,0.04677433653627609,-0.13812298500180786,5,#756bb1
pan_tcga_incremental_then_pan_seer,Pan-cancer TCGA → + pan-SEER continuation,TCGA + SEER,numeric,LUSC,9,3.6M,3557807.0,seer_50pct,0.04757239877858269,-0.13732492275950128,4,#756bb1
pan_tcga_incremental_then_pan_seer,Pan-cancer TCGA → + pan-SEER continuation,TCGA + SEER,numeric,LUSC,10,7.1M,7104730.0,seer_100pct,0.059773245897743375,-0.1251240756403406,2,#756bb1
pan_tcga_incremental_then_pan_seer,Pan-cancer TCGA → + pan-SEER continuation,TCGA + SEER,numeric,MESO,0,Single-cancer TCGA,0.0,single_cancer_tcga_baseline,0.14716333531568715,0.0,5,#636363
pan_tcga_incremental_then_pan_seer,Pan-cancer TCGA → + pan-SEER continuation,TCGA + SEER,numeric,MESO,1,12k,11968.0,seer_n001k_00pct,0.045868771340539446,-0.1012945639751477,4,#636363
pan_tcga_incremental_then_pan_seer,Pan-cancer TCGA → + pan-SEER continuation,TCGA + SEER,numeric,MESO,2,14k,13970.0,seer_n003k_00pct,0.044302132751728014,-0.10286120256395914,4,#636363
pan_tcga_incremental_then_pan_seer,Pan-cancer TCGA → + pan-SEER continuation,TCGA + SEER,numeric,MESO,3,21k,20968.0,seer_n010k_00pct,0.04328655166337909,-0.10387678365230807,4,#636363
pan_tcga_incremental_then_pan_seer,Pan-cancer TCGA → + pan-SEER continuation,TCGA + SEER,numeric,MESO,4,46k,45968.0,seer_n035k_00pct,0.04373203367176958,-0.10343130164391756,4,#636363
pan_tcga_incremental_then_pan_seer,Pan-cancer TCGA → + pan-SEER continuation,TCGA + SEER,numeric,MESO,5,81.9k,81907.0,seer_01pct,0.03906467421928283,-0.10809866109640431,5,#636363
pan_tcga_incremental_then_pan_seer,Pan-cancer TCGA → + pan-SEER continuation,TCGA + SEER,numeric,MESO,6,365.7k,365662.0,seer_05pct,0.040043276336320245,-0.10712005897936691,5,#636363
pan_tcga_incremental_then_pan_seer,Pan-cancer TCGA → + pan-SEER continuation,TCGA + SEER,numeric,MESO,7,720.4k,720353.0,seer_10pct,0.042278121438940865,-0.10488521387674629,5,#636363
pan_tcga_incremental_then_pan_seer,Pan-cancer TCGA → + pan-SEER continuation,TCGA + SEER,numeric,MESO,8,1.4M,1429740.0,seer_20pct,0.050057685188234016,-0.09710565012745313,5,#636363
pan_tcga_incremental_then_pan_seer,Pan-cancer TCGA → + pan-SEER continuation,TCGA + SEER,numeric,MESO,9,3.6M,3557889.0,seer_50pct,0.05778793284912279,-0.08937540246656436,4,#636363
pan_tcga_incremental_then_pan_seer,Pan-cancer TCGA → + pan-SEER continuation,TCGA + SEER,numeric,OV,0,Single-cancer TCGA,0.0,single_cancer_tcga_baseline,0.15244700186573898,0.0,5,#e6550d
pan_tcga_incremental_then_pan_seer,Pan-cancer TCGA → + pan-SEER continuation,TCGA + SEER,numeric,OV,1,11.9k,11869.0,seer_n001k_00pct,0.13918611353952356,-0.013260888326215414,5,#e6550d
pan_tcga_incremental_then_pan_seer,Pan-cancer TCGA → + pan-SEER continuation,TCGA + SEER,numeric,OV,2,13.9k,13870.5,seer_n003k_00pct,0.09488985871855615,-0.05755714314718283,4,#e6550d
pan_tcga_incremental_then_pan_seer,Pan-cancer TCGA → + pan-SEER continuation,TCGA + SEER,numeric,OV,3,20.9k,20868.5,seer_n010k_00pct,0.06612225078437323,-0.08632475108136575,4,#e6550d
pan_tcga_incremental_then_pan_seer,Pan-cancer TCGA → + pan-SEER continuation,TCGA + SEER,numeric,OV,4,45.9k,45868.5,seer_n035k_00pct,0.058135460953604674,-0.09431154091213431,2,#e6550d
pan_tcga_incremental_then_pan_seer,Pan-cancer TCGA → + pan-SEER continuation,TCGA + SEER,numeric,OV,5,81.8k,81808.0,seer_01pct,0.04953982158384462,-0.10290718028189436,5,#e6550d
pan_tcga_incremental_then_pan_seer,Pan-cancer TCGA → + pan-SEER continuation,TCGA + SEER,numeric,OV,6,365.6k,365563.0,seer_05pct,0.04817199482976244,-0.10427500703597653,5,#e6550d
pan_tcga_incremental_then_pan_seer,Pan-cancer TCGA → + pan-SEER continuation,TCGA + SEER,numeric,OV,7,720.3k,720254.0,seer_10pct,0.049109903718925534,-0.10333709814681344,5,#e6550d
pan_tcga_incremental_then_pan_seer,Pan-cancer TCGA → + pan-SEER continuation,TCGA + SEER,numeric,OV,8,1.4M,1429641.0,seer_20pct,0.05148045021167663,-0.10096655165406235,5,#e6550d
pan_tcga_incremental_then_pan_seer,Pan-cancer TCGA → + pan-SEER continuation,TCGA + SEER,numeric,OV,9,3.6M,3557790.0,seer_50pct,0.05739828573051263,-0.09504871613522635,5,#e6550d
pan_tcga_incremental_then_pan_seer,Pan-cancer TCGA → + pan-SEER continuation,TCGA + SEER,numeric,PAAD,0,Single-cancer TCGA,0.0,single_cancer_tcga_baseline,0.19834591987245714,0.0,5,#969696
pan_tcga_incremental_then_pan_seer,Pan-cancer TCGA → + pan-SEER continuation,TCGA + SEER,numeric,PAAD,1,11.9k,11948.0,seer_n001k_00pct,0.02591149872414629,-0.17243442114831087,4,#969696
pan_tcga_incremental_then_pan_seer,Pan-cancer TCGA → + pan-SEER continuation,TCGA + SEER,numeric,PAAD,2,13.9k,13950.0,seer_n003k_00pct,0.023524668691807818,-0.17482125118064934,4,#969696
pan_tcga_incremental_then_pan_seer,Pan-cancer TCGA → + pan-SEER continuation,TCGA + SEER,numeric,PAAD,3,20.9k,20948.0,seer_n010k_00pct,0.02093907607522749,-0.17740684379722965,4,#969696
pan_tcga_incremental_then_pan_seer,Pan-cancer TCGA → + pan-SEER continuation,TCGA + SEER,numeric,PAAD,4,45.9k,45948.0,seer_n035k_00pct,0.02407893690548376,-0.17426698296697338,4,#969696
pan_tcga_incremental_then_pan_seer,Pan-cancer TCGA → + pan-SEER continuation,TCGA + SEER,numeric,PAAD,5,81.9k,81887.0,seer_01pct,0.020818750436943447,-0.1775271694355137,5,#969696
pan_tcga_incremental_then_pan_seer,Pan-cancer TCGA → + pan-SEER continuation,TCGA + SEER,numeric,PAAD,6,365.6k,365642.0,seer_05pct,0.025619622862888054,-0.1727262970095691,5,#969696
pan_tcga_incremental_then_pan_seer,Pan-cancer TCGA → + pan-SEER continuation,TCGA + SEER,numeric,PAAD,7,720.3k,720333.0,seer_10pct,0.024225561214365653,-0.1741203586580915,5,#969696
pan_tcga_incremental_then_pan_seer,Pan-cancer TCGA → + pan-SEER continuation,TCGA + SEER,numeric,PAAD,8,1.4M,1429720.0,seer_20pct,0.02560549146976802,-0.17274042840268913,5,#969696
pan_tcga_incremental_then_pan_seer,Pan-cancer TCGA → + pan-SEER continuation,TCGA + SEER,numeric,PAAD,9,3.6M,3557869.0,seer_50pct,0.0282084921147309,-0.17013742775772625,4,#969696
pan_tcga_incremental_then_pan_seer,Pan-cancer TCGA → + pan-SEER continuation,TCGA + SEER,numeric,PAAD,10,7.1M,7104792.0,seer_100pct,0.036451695263629,-0.16189422460882813,2,#969696
pan_tcga_incremental_then_pan_seer,Pan-cancer TCGA → + pan-SEER continuation,TCGA + SEER,numeric,PCPG,0,Single-cancer TCGA,0.0,single_cancer_tcga_baseline,0.03441005985932279,0.0,2,#6baed6
pan_tcga_incremental_then_pan_seer,Pan-cancer TCGA → + pan-SEER continuation,TCGA + SEER,numeric,PCPG,1,11.9k,11895.5,seer_n001k_00pct,0.030139416935342993,-0.0042706429239798005,2,#6baed6
pan_tcga_incremental_then_pan_seer,Pan-cancer TCGA → + pan-SEER continuation,TCGA + SEER,numeric,PCPG,2,13.9k,13897.5,seer_n003k_00pct,0.02069402029354031,-0.013716039565782483,2,#6baed6
pan_tcga_incremental_then_pan_seer,Pan-cancer TCGA → + pan-SEER continuation,TCGA + SEER,numeric,PCPG,3,20.9k,20895.5,seer_n010k_00pct,0.018818760954039473,-0.01559129890528332,2,#6baed6
pan_tcga_incremental_then_pan_seer,Pan-cancer TCGA → + pan-SEER continuation,TCGA + SEER,numeric,PCPG,4,45.9k,45895.5,seer_n035k_00pct,0.017565319091051815,-0.01684474076827098,2,#6baed6
pan_tcga_incremental_then_pan_seer,Pan-cancer TCGA → + pan-SEER continuation,TCGA + SEER,numeric,PCPG,5,81.8k,81834.5,seer_01pct,0.01879393736873213,-0.015616122490590665,2,#6baed6
pan_tcga_incremental_then_pan_seer,Pan-cancer TCGA → + pan-SEER continuation,TCGA + SEER,numeric,PCPG,6,365.6k,365589.5,seer_05pct,0.018384244846220494,-0.0160258150131023,2,#6baed6
pan_tcga_incremental_then_pan_seer,Pan-cancer TCGA → + pan-SEER continuation,TCGA + SEER,numeric,PCPG,7,720.3k,720280.5,seer_10pct,0.015417738104519265,-0.018992321754803528,2,#6baed6
pan_tcga_incremental_then_pan_seer,Pan-cancer TCGA → + pan-SEER continuation,TCGA + SEER,numeric,PCPG,8,1.4M,1429667.5,seer_20pct,0.016418002113779147,-0.017992057745543646,2,#6baed6
pan_tcga_incremental_then_pan_seer,Pan-cancer TCGA → + pan-SEER continuation,TCGA + SEER,numeric,PCPG,9,3.6M,3557816.5,seer_50pct,0.019086110879064748,-0.015323948980258045,2,#6baed6
pan_tcga_incremental_then_pan_seer,Pan-cancer TCGA → + pan-SEER continuation,TCGA + SEER,numeric,PRAD,0,Single-cancer TCGA,0.0,single_cancer_tcga_baseline,0.035809215056939125,0.0,2,#74c476
pan_tcga_incremental_then_pan_seer,Pan-cancer TCGA → + pan-SEER continuation,TCGA + SEER,numeric,PRAD,1,11.7k,11735.0,seer_n001k_00pct,0.015448742059966665,-0.02036047299697246,2,#74c476
pan_tcga_incremental_then_pan_seer,Pan-cancer TCGA → + pan-SEER continuation,TCGA + SEER,numeric,PRAD,2,13.7k,13737.0,seer_n003k_00pct,0.013709178466909808,-0.022100036590029317,2,#74c476
pan_tcga_incremental_then_pan_seer,Pan-cancer TCGA → + pan-SEER continuation,TCGA + SEER,numeric,PRAD,3,20.7k,20735.0,seer_n010k_00pct,0.007015557105863575,-0.028793657951075552,2,#74c476
pan_tcga_incremental_then_pan_seer,Pan-cancer TCGA → + pan-SEER continuation,TCGA + SEER,numeric,PRAD,4,45.7k,45735.0,seer_n035k_00pct,0.005502629889411533,-0.030306585167527593,2,#74c476
pan_tcga_incremental_then_pan_seer,Pan-cancer TCGA → + pan-SEER continuation,TCGA + SEER,numeric,PRAD,5,81.7k,81674.0,seer_01pct,0.0050488205504434945,-0.03076039450649563,2,#74c476
pan_tcga_incremental_then_pan_seer,Pan-cancer TCGA → + pan-SEER continuation,TCGA + SEER,numeric,PRAD,6,365.4k,365429.0,seer_05pct,0.005472352760387616,-0.030336862296551508,2,#74c476
pan_tcga_incremental_then_pan_seer,Pan-cancer TCGA → + pan-SEER continuation,TCGA + SEER,numeric,PRAD,7,720.1k,720120.0,seer_10pct,0.005314347259044378,-0.03049486779789475,2,#74c476
pan_tcga_incremental_then_pan_seer,Pan-cancer TCGA → + pan-SEER continuation,TCGA + SEER,numeric,PRAD,8,1.4M,1429507.0,seer_20pct,0.006062152381768014,-0.02974706267517111,2,#74c476
pan_tcga_incremental_then_pan_seer,Pan-cancer TCGA → + pan-SEER continuation,TCGA + SEER,numeric,PRAD,9,3.6M,3557656.0,seer_50pct,0.007820539429648159,-0.027988675627290967,2,#74c476
pan_tcga_incremental_then_pan_seer,Pan-cancer TCGA → + pan-SEER continuation,TCGA + SEER,numeric,PRAD,10,7.1M,7104579.0,seer_100pct,0.006943938476315991,-0.028865276580623135,2,#74c476
pan_tcga_incremental_then_pan_seer,Pan-cancer TCGA → + pan-SEER continuation,TCGA + SEER,numeric,READ,0,Single-cancer TCGA,0.0,single_cancer_tcga_baseline,0.14400156425344313,0.0,5,#9e9ac8
pan_tcga_incremental_then_pan_seer,Pan-cancer TCGA → + pan-SEER continuation,TCGA + SEER,numeric,READ,1,12k,11952.0,seer_n001k_00pct,0.052753247488999955,-0.09124831676444317,5,#9e9ac8
pan_tcga_incremental_then_pan_seer,Pan-cancer TCGA → + pan-SEER continuation,TCGA + SEER,numeric,READ,2,14k,13954.0,seer_n003k_00pct,0.02674593684053888,-0.11725562741290424,5,#9e9ac8
pan_tcga_incremental_then_pan_seer,Pan-cancer TCGA → + pan-SEER continuation,TCGA + SEER,numeric,READ,3,21k,20952.0,seer_n010k_00pct,0.01867722562845662,-0.12532433862498651,5,#9e9ac8
pan_tcga_incremental_then_pan_seer,Pan-cancer TCGA → + pan-SEER continuation,TCGA + SEER,numeric,READ,4,46k,45952.0,seer_n035k_00pct,0.01746383915006073,-0.1265377251033824,5,#9e9ac8
pan_tcga_incremental_then_pan_seer,Pan-cancer TCGA → + pan-SEER continuation,TCGA + SEER,numeric,READ,5,81.9k,81891.0,seer_01pct,0.015934506219271897,-0.12806705803417123,5,#9e9ac8
pan_tcga_incremental_then_pan_seer,Pan-cancer TCGA → + pan-SEER continuation,TCGA + SEER,numeric,READ,6,365.6k,365646.0,seer_05pct,0.01715313271575662,-0.12684843153768652,5,#9e9ac8
pan_tcga_incremental_then_pan_seer,Pan-cancer TCGA → + pan-SEER continuation,TCGA + SEER,numeric,READ,7,720.3k,720337.0,seer_10pct,0.016710096827161812,-0.1272914674262813,5,#9e9ac8
pan_tcga_incremental_then_pan_seer,Pan-cancer TCGA → + pan-SEER continuation,TCGA + SEER,numeric,READ,8,1.4M,1429724.0,seer_20pct,0.016769497190479432,-0.1272320670629637,5,#9e9ac8
pan_tcga_incremental_then_pan_seer,Pan-cancer TCGA → + pan-SEER continuation,TCGA + SEER,numeric,READ,9,3.6M,3557873.0,seer_50pct,0.018221427738187284,-0.12578013651525585,5,#9e9ac8
pan_tcga_incremental_then_pan_seer,Pan-cancer TCGA → + pan-SEER continuation,TCGA + SEER,numeric,READ,10,7.1M,7104796.0,seer_100pct,0.015268545743441836,-0.1287330185100013,3,#9e9ac8
pan_tcga_incremental_then_pan_seer,Pan-cancer TCGA → + pan-SEER continuation,TCGA + SEER,numeric,SARC,0,Single-cancer TCGA,0.0,single_cancer_tcga_baseline,0.2019408157261874,0.0,5,#fd8d3c
pan_tcga_incremental_then_pan_seer,Pan-cancer TCGA → + pan-SEER continuation,TCGA + SEER,numeric,SARC,1,11.9k,11933.0,seer_n001k_00pct,0.14835787056344557,-0.05358294516274184,4,#fd8d3c
pan_tcga_incremental_then_pan_seer,Pan-cancer TCGA → + pan-SEER continuation,TCGA + SEER,numeric,SARC,2,13.9k,13935.0,seer_n003k_00pct,0.10718807119272895,-0.09475274453345846,4,#fd8d3c
pan_tcga_incremental_then_pan_seer,Pan-cancer TCGA → + pan-SEER continuation,TCGA + SEER,numeric,SARC,3,20.9k,20933.0,seer_n010k_00pct,0.07512817156587867,-0.12681264416030874,4,#fd8d3c
pan_tcga_incremental_then_pan_seer,Pan-cancer TCGA → + pan-SEER continuation,TCGA + SEER,numeric,SARC,4,45.9k,45933.0,seer_n035k_00pct,0.056606784281052105,-0.1453340314451353,4,#fd8d3c
pan_tcga_incremental_then_pan_seer,Pan-cancer TCGA → + pan-SEER continuation,TCGA + SEER,numeric,SARC,5,81.9k,81872.0,seer_01pct,0.05457080696630632,-0.1473700087598811,5,#fd8d3c
pan_tcga_incremental_then_pan_seer,Pan-cancer TCGA → + pan-SEER continuation,TCGA + SEER,numeric,SARC,6,365.6k,365627.0,seer_05pct,0.05307237055145443,-0.14886844517473297,5,#fd8d3c
pan_tcga_incremental_then_pan_seer,Pan-cancer TCGA → + pan-SEER continuation,TCGA + SEER,numeric,SARC,7,720.3k,720318.0,seer_10pct,0.05431197065686939,-0.147628845069318,5,#fd8d3c
pan_tcga_incremental_then_pan_seer,Pan-cancer TCGA → + pan-SEER continuation,TCGA + SEER,numeric,SARC,8,1.4M,1429705.0,seer_20pct,0.05550380295512551,-0.14643701277106191,5,#fd8d3c
pan_tcga_incremental_then_pan_seer,Pan-cancer TCGA → + pan-SEER continuation,TCGA + SEER,numeric,SARC,9,3.6M,3557854.0,seer_50pct,0.0638425424929275,-0.1380982732332599,4,#fd8d3c
pan_tcga_incremental_then_pan_seer,Pan-cancer TCGA → + pan-SEER continuation,TCGA + SEER,numeric,SARC,10,7.1M,7104777.0,seer_100pct,0.058854479394383596,-0.14308633633180382,3,#fd8d3c
pan_tcga_incremental_then_pan_seer,Pan-cancer TCGA → + pan-SEER continuation,TCGA + SEER,numeric,SKCM,0,Single-cancer TCGA,0.0,single_cancer_tcga_baseline,0.15734677171290884,0.0,5,#9ecae1
pan_tcga_incremental_then_pan_seer,Pan-cancer TCGA → + pan-SEER continuation,TCGA + SEER,numeric,SKCM,1,11.9k,11894.0,seer_n001k_00pct,0.30728101354513476,0.14993424183222592,3,#9ecae1
pan_tcga_incremental_then_pan_seer,Pan-cancer TCGA → + pan-SEER continuation,TCGA + SEER,numeric,SKCM,2,13.9k,13896.0,seer_n003k_00pct,0.24862641712283517,0.09127964540992634,2,#9ecae1
pan_tcga_incremental_then_pan_seer,Pan-cancer TCGA → + pan-SEER continuation,TCGA + SEER,numeric,SKCM,3,20.9k,20894.0,seer_n010k_00pct,0.17317398300282824,0.015827211289919402,2,#9ecae1
pan_tcga_incremental_then_pan_seer,Pan-cancer TCGA → + pan-SEER continuation,TCGA + SEER,numeric,SKCM,4,45.9k,45894.0,seer_n035k_00pct,0.1278126098665405,-0.02953416184636834,2,#9ecae1
pan_tcga_incremental_then_pan_seer,Pan-cancer TCGA → + pan-SEER continuation,TCGA + SEER,numeric,SKCM,5,81.8k,81833.0,seer_01pct,0.14305690710114294,-0.014289864611765901,5,#9ecae1
pan_tcga_incremental_then_pan_seer,Pan-cancer TCGA → + pan-SEER continuation,TCGA + SEER,numeric,SKCM,6,365.6k,365588.0,seer_05pct,0.14623361107731356,-0.011113160635595282,5,#9ecae1
pan_tcga_incremental_then_pan_seer,Pan-cancer TCGA → + pan-SEER continuation,TCGA + SEER,numeric,SKCM,7,720.3k,720279.0,seer_10pct,0.14894838581136288,-0.008398385901545957,5,#9ecae1
pan_tcga_incremental_then_pan_seer,Pan-cancer TCGA → + pan-SEER continuation,TCGA + SEER,numeric,SKCM,8,1.4M,1429666.0,seer_20pct,0.1329161577295704,-0.02443061398333843,4,#9ecae1
pan_tcga_incremental_then_pan_seer,Pan-cancer TCGA → + pan-SEER continuation,TCGA + SEER,numeric,SKCM,9,3.6M,3557815.0,seer_50pct,0.17093945161772384,0.013592679904814997,3,#9ecae1
pan_tcga_incremental_then_pan_seer,Pan-cancer TCGA → + pan-SEER continuation,TCGA + SEER,numeric,SKCM,10,7.1M,7104738.0,seer_100pct,0.1123240063298411,-0.04502276538306774,1,#9ecae1
pan_tcga_incremental_then_pan_seer,Pan-cancer TCGA → + pan-SEER continuation,TCGA + SEER,numeric,STAD,0,Single-cancer TCGA,0.0,single_cancer_tcga_baseline,0.19438508855000877,0.0,5,#a1d99b
pan_tcga_incremental_then_pan_seer,Pan-cancer TCGA → + pan-SEER continuation,TCGA + SEER,numeric,STAD,1,11.9k,11902.0,seer_n001k_00pct,0.031183930618110867,-0.1632011579318979,5,#a1d99b
pan_tcga_incremental_then_pan_seer,Pan-cancer TCGA → + pan-SEER continuation,TCGA + SEER,numeric,STAD,2,13.9k,13904.0,seer_n003k_00pct,0.03045932492299689,-0.1639257636270119,5,#a1d99b
pan_tcga_incremental_then_pan_seer,Pan-cancer TCGA → + pan-SEER continuation,TCGA + SEER,numeric,STAD,3,20.9k,20902.0,seer_n010k_00pct,0.026756769417056053,-0.16762831913295273,5,#a1d99b
pan_tcga_incremental_then_pan_seer,Pan-cancer TCGA → + pan-SEER continuation,TCGA + SEER,numeric,STAD,4,45.9k,45902.0,seer_n035k_00pct,0.024638096319998685,-0.16974699223001008,5,#a1d99b
pan_tcga_incremental_then_pan_seer,Pan-cancer TCGA → + pan-SEER continuation,TCGA + SEER,numeric,STAD,5,81.8k,81841.0,seer_01pct,0.023827971480633422,-0.17055711706937535,5,#a1d99b
pan_tcga_incremental_then_pan_seer,Pan-cancer TCGA → + pan-SEER continuation,TCGA + SEER,numeric,STAD,6,365.6k,365596.0,seer_05pct,0.02618015434987661,-0.16820493420013216,5,#a1d99b
pan_tcga_incremental_then_pan_seer,Pan-cancer TCGA → + pan-SEER continuation,TCGA + SEER,numeric,STAD,7,720.3k,720287.0,seer_10pct,0.02957274896000814,-0.16481233959000063,5,#a1d99b
pan_tcga_incremental_then_pan_seer,Pan-cancer TCGA → + pan-SEER continuation,TCGA + SEER,numeric,STAD,8,1.4M,1429674.0,seer_20pct,0.02897460609667324,-0.16541048245333553,5,#a1d99b
pan_tcga_incremental_then_pan_seer,Pan-cancer TCGA → + pan-SEER continuation,TCGA + SEER,numeric,STAD,9,3.6M,3557823.0,seer_50pct,0.029979121566332194,-0.16440596698367657,5,#a1d99b
pan_tcga_incremental_then_pan_seer,Pan-cancer TCGA → + pan-SEER continuation,TCGA + SEER,numeric,STAD,10,7.1M,7104746.0,seer_100pct,0.031847952455725796,-0.16253713609428297,3,#a1d99b
pan_tcga_incremental_then_pan_seer,Pan-cancer TCGA → + pan-SEER continuation,TCGA + SEER,numeric,TGCT,0,Single-cancer TCGA,0.0,single_cancer_tcga_baseline,0.013639539429116951,0.0,1,#bcbddc
pan_tcga_incremental_then_pan_seer,Pan-cancer TCGA → + pan-SEER continuation,TCGA + SEER,numeric,TGCT,1,11.9k,11918.0,seer_n001k_00pct,0.0251730962343667,0.011533556805249747,2,#bcbddc
pan_tcga_incremental_then_pan_seer,Pan-cancer TCGA → + pan-SEER continuation,TCGA + SEER,numeric,TGCT,2,13.9k,13920.0,seer_n003k_00pct,0.030405035586934713,0.016765496157817764,2,#bcbddc
pan_tcga_incremental_then_pan_seer,Pan-cancer TCGA → + pan-SEER continuation,TCGA + SEER,numeric,TGCT,3,20.9k,20918.0,seer_n010k_00pct,0.01924192934976867,0.005602389920651719,2,#bcbddc
pan_tcga_incremental_then_pan_seer,Pan-cancer TCGA → + pan-SEER continuation,TCGA + SEER,numeric,TGCT,4,45.9k,45918.0,seer_n035k_00pct,0.02051775647285431,0.006878217043737358,2,#bcbddc
pan_tcga_incremental_then_pan_seer,Pan-cancer TCGA → + pan-SEER continuation,TCGA + SEER,numeric,TGCT,5,81.9k,81857.0,seer_01pct,0.02492225103796593,0.011282711608848977,2,#bcbddc
pan_tcga_incremental_then_pan_seer,Pan-cancer TCGA → + pan-SEER continuation,TCGA + SEER,numeric,TGCT,6,365.6k,365612.0,seer_05pct,0.027930353103714726,0.014290813674597775,2,#bcbddc
pan_tcga_incremental_then_pan_seer,Pan-cancer TCGA → + pan-SEER continuation,TCGA + SEER,numeric,TGCT,7,720.3k,720303.0,seer_10pct,0.028761177136350395,0.015121637707233444,2,#bcbddc
pan_tcga_incremental_then_pan_seer,Pan-cancer TCGA → + pan-SEER continuation,TCGA + SEER,numeric,TGCT,8,1.4M,1429690.0,seer_20pct,0.027473458211690928,0.013833918782573977,2,#bcbddc
pan_tcga_incremental_then_pan_seer,Pan-cancer TCGA → + pan-SEER continuation,TCGA + SEER,numeric,TGCT,9,3.6M,3557839.0,seer_50pct,0.01543541451934476,0.0017958750902278085,2,#bcbddc
pan_tcga_incremental_then_pan_seer,Pan-cancer TCGA → + pan-SEER continuation,TCGA + SEER,numeric,TGCT,10,7.1M,7104762.0,seer_100pct,0.021779609460725033,0.008140070031608082,1,#bcbddc
pan_tcga_incremental_then_pan_seer,Pan-cancer TCGA → + pan-SEER continuation,TCGA + SEER,numeric,THCA,0,Single-cancer TCGA,0.0,single_cancer_tcga_baseline,0.04205416832374074,0.0,3,#fdae6b
pan_tcga_incremental_then_pan_seer,Pan-cancer TCGA → + pan-SEER continuation,TCGA + SEER,numeric,THCA,1,11.8k,11816.5,seer_n001k_00pct,0.019469749083066333,-0.022584419240674405,2,#fdae6b
pan_tcga_incremental_then_pan_seer,Pan-cancer TCGA → + pan-SEER continuation,TCGA + SEER,numeric,THCA,2,13.8k,13818.5,seer_n003k_00pct,0.017279792212149127,-0.02477437611159161,2,#fdae6b
pan_tcga_incremental_then_pan_seer,Pan-cancer TCGA → + pan-SEER continuation,TCGA + SEER,numeric,THCA,3,20.8k,20816.5,seer_n010k_00pct,0.00868749325241441,-0.03336667507132633,2,#fdae6b
pan_tcga_incremental_then_pan_seer,Pan-cancer TCGA → + pan-SEER continuation,TCGA + SEER,numeric,THCA,4,45.8k,45816.5,seer_n035k_00pct,0.007299707806357808,-0.03475446051738293,2,#fdae6b
pan_tcga_incremental_then_pan_seer,Pan-cancer TCGA → + pan-SEER continuation,TCGA + SEER,numeric,THCA,5,81.8k,81755.0,seer_01pct,0.006407881973182865,-0.035646286350557874,3,#fdae6b
pan_tcga_incremental_then_pan_seer,Pan-cancer TCGA → + pan-SEER continuation,TCGA + SEER,numeric,THCA,6,365.5k,365510.0,seer_05pct,0.006712282390641284,-0.035341885933099455,3,#fdae6b
pan_tcga_incremental_then_pan_seer,Pan-cancer TCGA → + pan-SEER continuation,TCGA + SEER,numeric,THCA,7,720.2k,720201.0,seer_10pct,0.00658218392896725,-0.03547198439477349,3,#fdae6b
pan_tcga_incremental_then_pan_seer,Pan-cancer TCGA → + pan-SEER continuation,TCGA + SEER,numeric,THCA,8,1.4M,1429588.0,seer_20pct,0.006317855075452476,-0.035736313248288264,3,#fdae6b
pan_tcga_incremental_then_pan_seer,Pan-cancer TCGA → + pan-SEER continuation,TCGA + SEER,numeric,THCA,9,3.6M,3557737.5,seer_50pct,0.006021407366013248,-0.03603276095772749,2,#fdae6b
pan_tcga_incremental_then_pan_seer,Pan-cancer TCGA → + pan-SEER continuation,TCGA + SEER,numeric,THCA,10,7.1M,7104660.5,seer_100pct,0.0065778873079235,-0.035476281015817235,2,#fdae6b
pan_tcga_incremental_then_pan_seer,Pan-cancer TCGA → + pan-SEER continuation,TCGA + SEER,numeric,THYM,0,Single-cancer TCGA,0.0,single_cancer_tcga_baseline,0.07566034299431998,0.0,2,#c7e9c0
pan_tcga_incremental_then_pan_seer,Pan-cancer TCGA → + pan-SEER continuation,TCGA + SEER,numeric,THYM,1,11.9k,11923.5,seer_n001k_00pct,0.049510593219666166,-0.026149749774653813,2,#c7e9c0
pan_tcga_incremental_then_pan_seer,Pan-cancer TCGA → + pan-SEER continuation,TCGA + SEER,numeric,THYM,2,13.9k,13925.5,seer_n003k_00pct,0.033636826891456674,-0.042023516102863305,2,#c7e9c0
pan_tcga_incremental_then_pan_seer,Pan-cancer TCGA → + pan-SEER continuation,TCGA + SEER,numeric,THYM,3,20.9k,20923.5,seer_n010k_00pct,0.026493971304490972,-0.04916637168982901,2,#c7e9c0
pan_tcga_incremental_then_pan_seer,Pan-cancer TCGA → + pan-SEER continuation,TCGA + SEER,numeric,THYM,4,45.9k,45923.5,seer_n035k_00pct,0.02342537791648064,-0.05223496507783934,2,#c7e9c0
pan_tcga_incremental_then_pan_seer,Pan-cancer TCGA → + pan-SEER continuation,TCGA + SEER,numeric,THYM,5,81.9k,81862.5,seer_01pct,0.019316456813661956,-0.056343886180658026,2,#c7e9c0
pan_tcga_incremental_then_pan_seer,Pan-cancer TCGA → + pan-SEER continuation,TCGA + SEER,numeric,THYM,6,365.6k,365617.5,seer_05pct,0.01813842321850628,-0.057521919775813696,2,#c7e9c0
pan_tcga_incremental_then_pan_seer,Pan-cancer TCGA → + pan-SEER continuation,TCGA + SEER,numeric,THYM,7,720.3k,720308.5,seer_10pct,0.01846707192857097,-0.05719327106574901,2,#c7e9c0
pan_tcga_incremental_then_pan_seer,Pan-cancer TCGA → + pan-SEER continuation,TCGA + SEER,numeric,THYM,8,1.4M,1429695.5,seer_20pct,0.019751191037944593,-0.055909151956375386,2,#c7e9c0
pan_tcga_incremental_then_pan_seer,Pan-cancer TCGA → + pan-SEER continuation,TCGA + SEER,numeric,THYM,9,3.6M,3557844.5,seer_50pct,0.02226250019597901,-0.05339784279834097,2,#c7e9c0
pan_tcga_incremental_then_pan_seer,Pan-cancer TCGA → + pan-SEER continuation,TCGA + SEER,numeric,UCEC,0,Single-cancer TCGA,0.0,single_cancer_tcga_baseline,0.15698959226967343,0.0,5,#fdd0a2
pan_tcga_incremental_then_pan_seer,Pan-cancer TCGA → + pan-SEER continuation,TCGA + SEER,numeric,UCEC,1,11.9k,11876.0,seer_n001k_00pct,0.04417141078195794,-0.1128181814877155,4,#fdd0a2
pan_tcga_incremental_then_pan_seer,Pan-cancer TCGA → + pan-SEER continuation,TCGA + SEER,numeric,UCEC,2,13.9k,13878.0,seer_n003k_00pct,0.03667239396121704,-0.12031719830845639,4,#fdd0a2
pan_tcga_incremental_then_pan_seer,Pan-cancer TCGA → + pan-SEER continuation,TCGA + SEER,numeric,UCEC,3,20.9k,20876.0,seer_n010k_00pct,0.03602710067429338,-0.12096249159538006,3,#fdd0a2
pan_tcga_incremental_then_pan_seer,Pan-cancer TCGA → + pan-SEER continuation,TCGA + SEER,numeric,UCEC,4,45.9k,45876.0,seer_n035k_00pct,0.029873802414222175,-0.12711578985545124,2,#fdd0a2
pan_tcga_incremental_then_pan_seer,Pan-cancer TCGA → + pan-SEER continuation,TCGA + SEER,numeric,UCEC,5,81.8k,81815.0,seer_01pct,0.030533844932345438,-0.126455747337328,5,#fdd0a2
pan_tcga_incremental_then_pan_seer,Pan-cancer TCGA → + pan-SEER continuation,TCGA + SEER,numeric,UCEC,6,365.6k,365570.0,seer_05pct,0.027603135583590465,-0.12938645668608298,5,#fdd0a2
pan_tcga_incremental_then_pan_seer,Pan-cancer TCGA → + pan-SEER continuation,TCGA + SEER,numeric,UCEC,7,720.3k,720261.0,seer_10pct,0.028433738821634236,-0.1285558534480392,5,#fdd0a2
pan_tcga_incremental_then_pan_seer,Pan-cancer TCGA → + pan-SEER continuation,TCGA + SEER,numeric,UCEC,8,1.4M,1429648.0,seer_20pct,0.029531977461264913,-0.12745761480840853,5,#fdd0a2
pan_tcga_incremental_then_pan_seer,Pan-cancer TCGA → + pan-SEER continuation,TCGA + SEER,numeric,UCEC,9,3.6M,3557797.0,seer_50pct,0.023576270597097552,-0.13341332167257589,4,#fdd0a2
pan_tcga_incremental_then_pan_seer,Pan-cancer TCGA → + pan-SEER continuation,TCGA + SEER,numeric,UCEC,10,7.1M,7104720.0,seer_100pct,0.025919635369940852,-0.13106995689973258,3,#fdd0a2
pan_tcga_incremental_then_pan_seer,Pan-cancer TCGA → + pan-SEER continuation,TCGA + SEER,numeric,UCS,0,Single-cancer TCGA,0.0,single_cancer_tcga_baseline,0.2131552137426757,0.0,5,#807dba
pan_tcga_incremental_then_pan_seer,Pan-cancer TCGA → + pan-SEER continuation,TCGA + SEER,numeric,UCS,1,12k,11974.0,seer_n001k_00pct,0.11591555530586717,-0.09723965843680854,5,#807dba
pan_tcga_incremental_then_pan_seer,Pan-cancer TCGA → + pan-SEER continuation,TCGA + SEER,numeric,UCS,2,14k,13976.0,seer_n003k_00pct,0.06629519331022227,-0.14686002043245344,5,#807dba
pan_tcga_incremental_then_pan_seer,Pan-cancer TCGA → + pan-SEER continuation,TCGA + SEER,numeric,UCS,3,21k,20974.0,seer_n010k_00pct,0.058642193212347274,-0.15451302053032845,5,#807dba
pan_tcga_incremental_then_pan_seer,Pan-cancer TCGA → + pan-SEER continuation,TCGA + SEER,numeric,UCS,4,46k,45974.0,seer_n035k_00pct,0.0568846374740351,-0.1562705762686406,4,#807dba
pan_tcga_incremental_then_pan_seer,Pan-cancer TCGA → + pan-SEER continuation,TCGA + SEER,numeric,UCS,5,81.9k,81913.0,seer_01pct,0.055631166156162495,-0.15752404758651323,5,#807dba
pan_tcga_incremental_then_pan_seer,Pan-cancer TCGA → + pan-SEER continuation,TCGA + SEER,numeric,UCS,6,365.7k,365668.0,seer_05pct,0.049781051602118084,-0.1633741621405576,5,#807dba
pan_tcga_incremental_then_pan_seer,Pan-cancer TCGA → + pan-SEER continuation,TCGA + SEER,numeric,UCS,7,720.4k,720359.0,seer_10pct,0.05121090813946111,-0.1619443056032146,5,#807dba
pan_tcga_incremental_then_pan_seer,Pan-cancer TCGA → + pan-SEER continuation,TCGA + SEER,numeric,UCS,8,1.4M,1429746.0,seer_20pct,0.05564963789738273,-0.15750557584529298,5,#807dba
pan_tcga_incremental_then_pan_seer,Pan-cancer TCGA → + pan-SEER continuation,TCGA + SEER,numeric,UCS,9,3.6M,3557895.0,seer_50pct,0.06321804721664284,-0.14993716652603287,5,#807dba
pan_tcga_incremental_then_pan_seer,Pan-cancer TCGA → + pan-SEER continuation,TCGA + SEER,numeric,UCS,10,7.1M,7104818.0,seer_100pct,0.06881258957309007,-0.14434262416958565,4,#807dba
pan_tcga_incremental_then_pan_seer,Pan-cancer TCGA → + pan-SEER continuation,TCGA + SEER,numeric,UVM,0,Single-cancer TCGA,0.0,single_cancer_tcga_baseline,0.1699315826940292,0.0,4,#b15928
pan_tcga_incremental_then_pan_seer,Pan-cancer TCGA → + pan-SEER continuation,TCGA + SEER,numeric,UVM,1,12k,11965.0,seer_n001k_00pct,0.029676151849812104,-0.1402554308442171,3,#b15928
pan_tcga_incremental_then_pan_seer,Pan-cancer TCGA → + pan-SEER continuation,TCGA + SEER,numeric,UVM,2,14k,13967.0,seer_n003k_00pct,0.02577093999044593,-0.14416064270358325,3,#b15928
pan_tcga_incremental_then_pan_seer,Pan-cancer TCGA → + pan-SEER continuation,TCGA + SEER,numeric,UVM,3,21k,20965.0,seer_n010k_00pct,0.02558238104572118,-0.144349201648308,3,#b15928
pan_tcga_incremental_then_pan_seer,Pan-cancer TCGA → + pan-SEER continuation,TCGA + SEER,numeric,UVM,4,46k,45965.0,seer_n035k_00pct,0.025158421034874708,-0.1447731616591545,2,#b15928
pan_tcga_incremental_then_pan_seer,Pan-cancer TCGA → + pan-SEER continuation,TCGA + SEER,numeric,UVM,5,81.9k,81904.0,seer_01pct,0.02583506614233112,-0.14409651655169808,4,#b15928
pan_tcga_incremental_then_pan_seer,Pan-cancer TCGA → + pan-SEER continuation,TCGA + SEER,numeric,UVM,6,365.7k,365659.0,seer_05pct,0.025736013236459843,-0.14419556945756934,4,#b15928
pan_tcga_incremental_then_pan_seer,Pan-cancer TCGA → + pan-SEER continuation,TCGA + SEER,numeric,UVM,7,720.4k,720350.0,seer_10pct,0.026891745738119654,-0.14303983695590955,4,#b15928
pan_tcga_incremental_then_pan_seer,Pan-cancer TCGA → + pan-SEER continuation,TCGA + SEER,numeric,UVM,8,1.4M,1429737.0,seer_20pct,0.03349253359538061,-0.13643904909864857,4,#b15928
pan_tcga_incremental_then_pan_seer,Pan-cancer TCGA → + pan-SEER continuation,TCGA + SEER,numeric,UVM,9,3.6M,3557886.0,seer_50pct,0.029937883213818163,-0.13999369948021104,4,#b15928
pan_tcga_incremental_then_pan_seer,Pan-cancer TCGA → + pan-SEER continuation,TCGA + SEER,numeric,UVM,10,7.1M,7104809.0,seer_100pct,0.03063809725792509,-0.1392934854361041,3,#b15928
seer_pan_train_tcga_test,Pan-cancer SEER only,SEER only,categorical,ACC,0,Single-cancer TCGA,0.0,single_cancer_tcga_baseline,0.13019362466347986,0.0,5,#1f77b4
seer_pan_train_tcga_test,Pan-cancer SEER only,SEER only,categorical,ACC,1,Pan-cancer TCGA,0.0,pan_cancer_tcga_baseline,0.210882138673818,0.08068851401033819,5,#1f77b4
seer_pan_train_tcga_test,Pan-cancer SEER only,SEER only,categorical,ACC,2,999,999.0,seer_n001k_00pct,0.057425628519536906,-0.07276799614394294,5,#1f77b4
seer_pan_train_tcga_test,Pan-cancer SEER only,SEER only,categorical,ACC,3,3k,3001.0,seer_n003k_00pct,0.059707144274488186,-0.07048648038899166,5,#1f77b4
seer_pan_train_tcga_test,Pan-cancer SEER only,SEER only,categorical,ACC,4,10k,9999.0,seer_n010k_00pct,0.08707969515476423,-0.04311392950871563,5,#1f77b4
seer_pan_train_tcga_test,Pan-cancer SEER only,SEER only,categorical,ACC,5,35k,34999.0,seer_n035k_00pct,0.08572881800699844,-0.044464806656481407,5,#1f77b4
seer_pan_train_tcga_test,Pan-cancer SEER only,SEER only,categorical,ACC,6,70.9k,70938.0,seer_01pct,0.0786507532747725,-0.05154287138870735,5,#1f77b4
seer_pan_train_tcga_test,Pan-cancer SEER only,SEER only,categorical,ACC,7,354.7k,354693.0,seer_05pct,0.09251609031725212,-0.037677534346227726,5,#1f77b4
seer_pan_train_tcga_test,Pan-cancer SEER only,SEER only,categorical,ACC,8,709.4k,709384.0,seer_10pct,0.09540016446743305,-0.0347934601960468,5,#1f77b4
seer_pan_train_tcga_test,Pan-cancer SEER only,SEER only,categorical,ACC,9,1.4M,1418771.0,seer_20pct,0.0849986812887564,-0.04519494337472346,5,#1f77b4
seer_pan_train_tcga_test,Pan-cancer SEER only,SEER only,categorical,ACC,10,3.5M,3546920.0,seer_50pct,0.08224431812787791,-0.047949306535601935,5,#1f77b4
seer_pan_train_tcga_test,Pan-cancer SEER only,SEER only,categorical,BLCA,0,Single-cancer TCGA,0.0,single_cancer_tcga_baseline,0.18769773132151082,0.0,5,#ff7f0e
seer_pan_train_tcga_test,Pan-cancer SEER only,SEER only,categorical,BLCA,1,Pan-cancer TCGA,0.0,pan_cancer_tcga_baseline,0.08063920294856547,-0.10705852837294536,5,#ff7f0e
seer_pan_train_tcga_test,Pan-cancer SEER only,SEER only,categorical,BLCA,2,999,999.0,seer_n001k_00pct,0.06073575280405228,-0.12696197851745855,5,#ff7f0e
seer_pan_train_tcga_test,Pan-cancer SEER only,SEER only,categorical,BLCA,3,3k,3001.0,seer_n003k_00pct,0.057700502211107195,-0.12999722911040362,5,#ff7f0e
seer_pan_train_tcga_test,Pan-cancer SEER only,SEER only,categorical,BLCA,4,10k,9999.0,seer_n010k_00pct,0.07386304264312449,-0.11383468867838635,5,#ff7f0e
seer_pan_train_tcga_test,Pan-cancer SEER only,SEER only,categorical,BLCA,5,35k,34999.0,seer_n035k_00pct,0.06901654713268783,-0.11868118418882298,5,#ff7f0e
seer_pan_train_tcga_test,Pan-cancer SEER only,SEER only,categorical,BLCA,6,70.9k,70938.0,seer_01pct,0.06798490278698152,-0.11971282853452929,5,#ff7f0e
seer_pan_train_tcga_test,Pan-cancer SEER only,SEER only,categorical,BLCA,7,354.7k,354693.0,seer_05pct,0.06591437741385908,-0.12178335390765176,5,#ff7f0e
seer_pan_train_tcga_test,Pan-cancer SEER only,SEER only,categorical,BLCA,8,709.4k,709384.0,seer_10pct,0.0638531319636732,-0.12384459935783762,5,#ff7f0e
seer_pan_train_tcga_test,Pan-cancer SEER only,SEER only,categorical,BLCA,9,1.4M,1418771.0,seer_20pct,0.069313369012513,-0.11838436230899782,5,#ff7f0e
seer_pan_train_tcga_test,Pan-cancer SEER only,SEER only,categorical,BLCA,10,3.5M,3546920.0,seer_50pct,0.06693243259979048,-0.12076529872172034,5,#ff7f0e
seer_pan_train_tcga_test,Pan-cancer SEER only,SEER only,categorical,BRCA,0,Single-cancer TCGA,0.0,single_cancer_tcga_baseline,0.15702010993520168,0.0,5,#2ca02c
seer_pan_train_tcga_test,Pan-cancer SEER only,SEER only,categorical,BRCA,1,Pan-cancer TCGA,0.0,pan_cancer_tcga_baseline,0.08906118124611254,-0.06795892868908915,5,#2ca02c
seer_pan_train_tcga_test,Pan-cancer SEER only,SEER only,categorical,BRCA,2,999,999.0,seer_n001k_00pct,0.05592362915667257,-0.1010964807785291,5,#2ca02c
seer_pan_train_tcga_test,Pan-cancer SEER only,SEER only,categorical,BRCA,3,3k,3001.0,seer_n003k_00pct,0.04633813835660497,-0.11068197157859672,5,#2ca02c
seer_pan_train_tcga_test,Pan-cancer SEER only,SEER only,categorical,BRCA,4,10k,9999.0,seer_n010k_00pct,0.04842541566273027,-0.10859469427247141,5,#2ca02c
seer_pan_train_tcga_test,Pan-cancer SEER only,SEER only,categorical,BRCA,5,35k,34999.0,seer_n035k_00pct,0.050188381398739636,-0.10683172853646206,5,#2ca02c
seer_pan_train_tcga_test,Pan-cancer SEER only,SEER only,categorical,BRCA,6,70.9k,70938.0,seer_01pct,0.05181869525369383,-0.10520141468150786,5,#2ca02c
seer_pan_train_tcga_test,Pan-cancer SEER only,SEER only,categorical,BRCA,7,354.7k,354693.0,seer_05pct,0.05208306788234022,-0.10493704205286147,5,#2ca02c
seer_pan_train_tcga_test,Pan-cancer SEER only,SEER only,categorical,BRCA,8,709.4k,709384.0,seer_10pct,0.0523278286043839,-0.1046922813308178,5,#2ca02c
seer_pan_train_tcga_test,Pan-cancer SEER only,SEER only,categorical,BRCA,9,1.4M,1418771.0,seer_20pct,0.05362177182326129,-0.1033983381119404,5,#2ca02c
seer_pan_train_tcga_test,Pan-cancer SEER only,SEER only,categorical,BRCA,10,3.5M,3546920.0,seer_50pct,0.049939172200371085,-0.10708093773483059,5,#2ca02c
seer_pan_train_tcga_test,Pan-cancer SEER only,SEER only,categorical,CESC,0,Single-cancer TCGA,0.0,single_cancer_tcga_baseline,0.20832889945955496,0.0,5,#d62728
seer_pan_train_tcga_test,Pan-cancer SEER only,SEER only,categorical,CESC,1,Pan-cancer TCGA,0.0,pan_cancer_tcga_baseline,0.157951066073296,-0.05037783338625893,5,#d62728
seer_pan_train_tcga_test,Pan-cancer SEER only,SEER only,categorical,CESC,2,999,999.0,seer_n001k_00pct,0.12296098866168184,-0.08536791079787309,5,#d62728
seer_pan_train_tcga_test,Pan-cancer SEER only,SEER only,categorical,CESC,3,3k,3001.0,seer_n003k_00pct,0.09636246584489475,-0.11196643361466019,5,#d62728
seer_pan_train_tcga_test,Pan-cancer SEER only,SEER only,categorical,CESC,4,10k,9999.0,seer_n010k_00pct,0.10086762715327527,-0.10746127230627966,5,#d62728
seer_pan_train_tcga_test,Pan-cancer SEER only,SEER only,categorical,CESC,5,35k,34999.0,seer_n035k_00pct,0.09212619359817975,-0.1162027058613752,5,#d62728
seer_pan_train_tcga_test,Pan-cancer SEER only,SEER only,categorical,CESC,6,70.9k,70938.0,seer_01pct,0.08720970078138715,-0.12111919867816778,5,#d62728
seer_pan_train_tcga_test,Pan-cancer SEER only,SEER only,categorical,CESC,7,354.7k,354693.0,seer_05pct,0.0877293692259239,-0.12059953023363104,5,#d62728
seer_pan_train_tcga_test,Pan-cancer SEER only,SEER only,categorical,CESC,8,709.4k,709384.0,seer_10pct,0.09256757924189421,-0.11576132021766075,5,#d62728
seer_pan_train_tcga_test,Pan-cancer SEER only,SEER only,categorical,CESC,9,1.4M,1418771.0,seer_20pct,0.08830335311786291,-0.12002554634169202,5,#d62728
seer_pan_train_tcga_test,Pan-cancer SEER only,SEER only,categorical,CESC,10,3.5M,3546920.0,seer_50pct,0.08445461160402946,-0.12387428785552546,5,#d62728
seer_pan_train_tcga_test,Pan-cancer SEER only,SEER only,categorical,CHOL,0,Single-cancer TCGA,0.0,single_cancer_tcga_baseline,0.29743321998166006,0.0,4,#9467bd
seer_pan_train_tcga_test,Pan-cancer SEER only,SEER only,categorical,CHOL,1,Pan-cancer TCGA,0.0,pan_cancer_tcga_baseline,0.04088116244196037,-0.2565520575396997,4,#9467bd
seer_pan_train_tcga_test,Pan-cancer SEER only,SEER only,categorical,CHOL,2,999,999.0,seer_n001k_00pct,0.07069292460810397,-0.22674029537355606,4,#9467bd
seer_pan_train_tcga_test,Pan-cancer SEER only,SEER only,categorical,CHOL,3,3k,3001.0,seer_n003k_00pct,0.051205024670132784,-0.24622819531152726,4,#9467bd
seer_pan_train_tcga_test,Pan-cancer SEER only,SEER only,categorical,CHOL,4,10k,9999.0,seer_n010k_00pct,0.06348886666142967,-0.2339443533202304,4,#9467bd
seer_pan_train_tcga_test,Pan-cancer SEER only,SEER only,categorical,CHOL,5,35k,34999.0,seer_n035k_00pct,0.05447402012780226,-0.2429591998538578,4,#9467bd
seer_pan_train_tcga_test,Pan-cancer SEER only,SEER only,categorical,CHOL,6,70.9k,70938.0,seer_01pct,0.061394718395185205,-0.23603850158647482,4,#9467bd
seer_pan_train_tcga_test,Pan-cancer SEER only,SEER only,categorical,CHOL,7,354.7k,354693.0,seer_05pct,0.05982931022438395,-0.23760390975727608,4,#9467bd
seer_pan_train_tcga_test,Pan-cancer SEER only,SEER only,categorical,CHOL,8,709.4k,709384.0,seer_10pct,0.06145333364759067,-0.23597988633406936,4,#9467bd
seer_pan_train_tcga_test,Pan-cancer SEER only,SEER only,categorical,CHOL,9,1.4M,1418771.0,seer_20pct,0.05115906765298232,-0.24627415232867775,4,#9467bd
seer_pan_train_tcga_test,Pan-cancer SEER only,SEER only,categorical,CHOL,10,3.5M,3546920.0,seer_50pct,0.05465251986987817,-0.24278070011178188,4,#9467bd
seer_pan_train_tcga_test,Pan-cancer SEER only,SEER only,categorical,COAD,0,Single-cancer TCGA,0.0,single_cancer_tcga_baseline,0.19789065085078533,0.0,5,#8c564b
seer_pan_train_tcga_test,Pan-cancer SEER only,SEER only,categorical,COAD,1,Pan-cancer TCGA,0.0,pan_cancer_tcga_baseline,0.052804861016414274,-0.14508578983437107,5,#8c564b
seer_pan_train_tcga_test,Pan-cancer SEER only,SEER only,categorical,COAD,2,999,999.0,seer_n001k_00pct,0.0416077756196675,-0.15628287523111786,5,#8c564b
seer_pan_train_tcga_test,Pan-cancer SEER only,SEER only,categorical,COAD,3,3k,3001.0,seer_n003k_00pct,0.04098742581060612,-0.15690322504017923,5,#8c564b
seer_pan_train_tcga_test,Pan-cancer SEER only,SEER only,categorical,COAD,4,10k,9999.0,seer_n010k_00pct,0.037527287544883214,-0.16036336330590215,5,#8c564b
seer_pan_train_tcga_test,Pan-cancer SEER only,SEER only,categorical,COAD,5,35k,34999.0,seer_n035k_00pct,0.035159627018995686,-0.16273102383178967,5,#8c564b
seer_pan_train_tcga_test,Pan-cancer SEER only,SEER only,categorical,COAD,6,70.9k,70938.0,seer_01pct,0.03602464181571998,-0.16186600903506537,5,#8c564b
seer_pan_train_tcga_test,Pan-cancer SEER only,SEER only,categorical,COAD,7,354.7k,354693.0,seer_05pct,0.036326993453137606,-0.16156365739764778,5,#8c564b
seer_pan_train_tcga_test,Pan-cancer SEER only,SEER only,categorical,COAD,8,709.4k,709384.0,seer_10pct,0.03679629855527709,-0.16109435229550825,5,#8c564b
seer_pan_train_tcga_test,Pan-cancer SEER only,SEER only,categorical,COAD,9,1.4M,1418771.0,seer_20pct,0.03695789290598366,-0.1609327579448017,5,#8c564b
seer_pan_train_tcga_test,Pan-cancer SEER only,SEER only,categorical,COAD,10,3.5M,3546920.0,seer_50pct,0.03707490557777929,-0.16081574527300607,5,#8c564b
seer_pan_train_tcga_test,Pan-cancer SEER only,SEER only,categorical,DLBC,0,Single-cancer TCGA,0.0,single_cancer_tcga_baseline,0.18958032099060812,0.0,2,#e377c2
seer_pan_train_tcga_test,Pan-cancer SEER only,SEER only,categorical,DLBC,1,Pan-cancer TCGA,0.0,pan_cancer_tcga_baseline,0.3012735921309907,0.11169327114038256,2,#e377c2
seer_pan_train_tcga_test,Pan-cancer SEER only,SEER only,categorical,DLBC,2,999,999.0,seer_n001k_00pct,0.1043606455109245,-0.08521967547968362,2,#e377c2
seer_pan_train_tcga_test,Pan-cancer SEER only,SEER only,categorical,DLBC,3,3k,3001.0,seer_n003k_00pct,0.08598451172486395,-0.10359580926574416,2,#e377c2
seer_pan_train_tcga_test,Pan-cancer SEER only,SEER only,categorical,DLBC,4,10k,9999.0,seer_n010k_00pct,0.08598445245354966,-0.10359586853705846,2,#e377c2
seer_pan_train_tcga_test,Pan-cancer SEER only,SEER only,categorical,DLBC,5,35k,34999.0,seer_n035k_00pct,0.07792380471257015,-0.11165651627803796,2,#e377c2
seer_pan_train_tcga_test,Pan-cancer SEER only,SEER only,categorical,DLBC,6,70.9k,70938.0,seer_01pct,0.0822918178599957,-0.1072885031306124,2,#e377c2
seer_pan_train_tcga_test,Pan-cancer SEER only,SEER only,categorical,DLBC,7,354.7k,354693.0,seer_05pct,0.08350809528568914,-0.10607222570491895,2,#e377c2
seer_pan_train_tcga_test,Pan-cancer SEER only,SEER only,categorical,DLBC,8,709.4k,709384.0,seer_10pct,0.08705733323057467,-0.10252298776003343,2,#e377c2
seer_pan_train_tcga_test,Pan-cancer SEER only,SEER only,categorical,DLBC,9,1.4M,1418771.0,seer_20pct,0.08270307710989289,-0.10687724388071523,2,#e377c2
seer_pan_train_tcga_test,Pan-cancer SEER only,SEER only,categorical,DLBC,10,3.5M,3546920.0,seer_50pct,0.0847341228713829,-0.1048461981192252,2,#e377c2
seer_pan_train_tcga_test,Pan-cancer SEER only,SEER only,categorical,ESCA,0,Single-cancer TCGA,0.0,single_cancer_tcga_baseline,0.17158701151986538,0.0,5,#7f7f7f
seer_pan_train_tcga_test,Pan-cancer SEER only,SEER only,categorical,ESCA,1,Pan-cancer TCGA,0.0,pan_cancer_tcga_baseline,0.02891180251748149,-0.1426752090023839,5,#7f7f7f
seer_pan_train_tcga_test,Pan-cancer SEER only,SEER only,categorical,ESCA,2,999,999.0,seer_n001k_00pct,0.031100245630289115,-0.1404867658895763,5,#7f7f7f
seer_pan_train_tcga_test,Pan-cancer SEER only,SEER only,categorical,ESCA,3,3k,3001.0,seer_n003k_00pct,0.039344793215539256,-0.13224221830432614,5,#7f7f7f
seer_pan_train_tcga_test,Pan-cancer SEER only,SEER only,categorical,ESCA,4,10k,9999.0,seer_n010k_00pct,0.04463530065051881,-0.1269517108693466,5,#7f7f7f
seer_pan_train_tcga_test,Pan-cancer SEER only,SEER only,categorical,ESCA,5,35k,34999.0,seer_n035k_00pct,0.04207557388355537,-0.12951143763631,5,#7f7f7f
seer_pan_train_tcga_test,Pan-cancer SEER only,SEER only,categorical,ESCA,6,70.9k,70938.0,seer_01pct,0.03774510342070638,-0.13384190809915902,5,#7f7f7f
seer_pan_train_tcga_test,Pan-cancer SEER only,SEER only,categorical,ESCA,7,354.7k,354693.0,seer_05pct,0.056034566894114055,-0.11555244462575134,5,#7f7f7f
seer_pan_train_tcga_test,Pan-cancer SEER only,SEER only,categorical,ESCA,8,709.4k,709384.0,seer_10pct,0.04202732994208743,-0.12955968157777797,5,#7f7f7f
seer_pan_train_tcga_test,Pan-cancer SEER only,SEER only,categorical,ESCA,9,1.4M,1418771.0,seer_20pct,0.04419936973743181,-0.1273876417824336,5,#7f7f7f
seer_pan_train_tcga_test,Pan-cancer SEER only,SEER only,categorical,ESCA,10,3.5M,3546920.0,seer_50pct,0.04502174941954672,-0.12656526210031868,5,#7f7f7f
seer_pan_train_tcga_test,Pan-cancer SEER only,SEER only,categorical,GBM,0,Single-cancer TCGA,0.0,single_cancer_tcga_baseline,0.07419544391772423,0.0,5,#bcbd22
seer_pan_train_tcga_test,Pan-cancer SEER only,SEER only,categorical,GBM,1,Pan-cancer TCGA,0.0,pan_cancer_tcga_baseline,0.04097211340032407,-0.03322333051740016,5,#bcbd22
seer_pan_train_tcga_test,Pan-cancer SEER only,SEER only,categorical,GBM,2,999,999.0,seer_n001k_00pct,0.06216091066839539,-0.012034533249328839,5,#bcbd22
seer_pan_train_tcga_test,Pan-cancer SEER only,SEER only,categorical,GBM,3,3k,3001.0,seer_n003k_00pct,0.061656863526493556,-0.01253858039123068,5,#bcbd22
seer_pan_train_tcga_test,Pan-cancer SEER only,SEER only,categorical,GBM,4,10k,9999.0,seer_n010k_00pct,0.16112580650638095,0.08693036258865673,5,#bcbd22
seer_pan_train_tcga_test,Pan-cancer SEER only,SEER only,categorical,GBM,5,35k,34999.0,seer_n035k_00pct,0.11976163238865065,0.04556618847092643,5,#bcbd22
seer_pan_train_tcga_test,Pan-cancer SEER only,SEER only,categorical,GBM,6,70.9k,70938.0,seer_01pct,0.10475603290813662,0.0305605889904124,5,#bcbd22
seer_pan_train_tcga_test,Pan-cancer SEER only,SEER only,categorical,GBM,7,354.7k,354693.0,seer_05pct,0.12465277184298433,0.05045732792526009,5,#bcbd22
seer_pan_train_tcga_test,Pan-cancer SEER only,SEER only,categorical,GBM,8,709.4k,709384.0,seer_10pct,0.10786674466507766,0.03367130074735344,5,#bcbd22
seer_pan_train_tcga_test,Pan-cancer SEER only,SEER only,categorical,GBM,9,1.4M,1418771.0,seer_20pct,0.08781946574100354,0.013624021823279306,5,#bcbd22
seer_pan_train_tcga_test,Pan-cancer SEER only,SEER only,categorical,GBM,10,3.5M,3546920.0,seer_50pct,0.08987735488981739,0.01568191097209317,5,#bcbd22
seer_pan_train_tcga_test,Pan-cancer SEER only,SEER only,categorical,HNSC,0,Single-cancer TCGA,0.0,single_cancer_tcga_baseline,0.17671435433196686,0.0,5,#17becf
seer_pan_train_tcga_test,Pan-cancer SEER only,SEER only,categorical,HNSC,1,Pan-cancer TCGA,0.0,pan_cancer_tcga_baseline,0.14361680571973418,-0.033097548612232686,5,#17becf
seer_pan_train_tcga_test,Pan-cancer SEER only,SEER only,categorical,HNSC,2,999,999.0,seer_n001k_00pct,0.06814522677266502,-0.10856912755930184,5,#17becf
seer_pan_train_tcga_test,Pan-cancer SEER only,SEER only,categorical,HNSC,3,3k,3001.0,seer_n003k_00pct,0.06427123566283156,-0.1124431186691353,5,#17becf
seer_pan_train_tcga_test,Pan-cancer SEER only,SEER only,categorical,HNSC,4,10k,9999.0,seer_n010k_00pct,0.08406133963270569,-0.09265301469926115,5,#17becf
seer_pan_train_tcga_test,Pan-cancer SEER only,SEER only,categorical,HNSC,5,35k,34999.0,seer_n035k_00pct,0.07857881601690667,-0.09813553831506018,5,#17becf
seer_pan_train_tcga_test,Pan-cancer SEER only,SEER only,categorical,HNSC,6,70.9k,70938.0,seer_01pct,0.0759506227997313,-0.10076373153223554,5,#17becf
seer_pan_train_tcga_test,Pan-cancer SEER only,SEER only,categorical,HNSC,7,354.7k,354693.0,seer_05pct,0.07743853011761216,-0.0992758242143547,5,#17becf
seer_pan_train_tcga_test,Pan-cancer SEER only,SEER only,categorical,HNSC,8,709.4k,709384.0,seer_10pct,0.07834552499972794,-0.09836882933223892,5,#17becf
seer_pan_train_tcga_test,Pan-cancer SEER only,SEER only,categorical,HNSC,9,1.4M,1418771.0,seer_20pct,0.07122924694628077,-0.10548510738568609,5,#17becf
seer_pan_train_tcga_test,Pan-cancer SEER only,SEER only,categorical,HNSC,10,3.5M,3546920.0,seer_50pct,0.0823496736491538,-0.09436468068281305,5,#17becf
seer_pan_train_tcga_test,Pan-cancer SEER only,SEER only,categorical,KICH,0,Single-cancer TCGA,0.0,single_cancer_tcga_baseline,0.09220573582640403,0.0,2,#393b79
seer_pan_train_tcga_test,Pan-cancer SEER only,SEER only,categorical,KICH,1,Pan-cancer TCGA,0.0,pan_cancer_tcga_baseline,0.1120370059994367,0.019831270173032677,2,#393b79
seer_pan_train_tcga_test,Pan-cancer SEER only,SEER only,categorical,KICH,2,999,999.0,seer_n001k_00pct,0.036197112541019504,-0.056008623285384515,2,#393b79
seer_pan_train_tcga_test,Pan-cancer SEER only,SEER only,categorical,KICH,3,3k,3001.0,seer_n003k_00pct,0.03879946923745184,-0.05340626658895219,2,#393b79
seer_pan_train_tcga_test,Pan-cancer SEER only,SEER only,categorical,KICH,4,10k,9999.0,seer_n010k_00pct,0.03536721743134095,-0.056838518395063084,2,#393b79
seer_pan_train_tcga_test,Pan-cancer SEER only,SEER only,categorical,KICH,5,35k,34999.0,seer_n035k_00pct,0.033390951814343074,-0.05881478401206096,2,#393b79
seer_pan_train_tcga_test,Pan-cancer SEER only,SEER only,categorical,KICH,6,70.9k,70938.0,seer_01pct,0.034313028021824094,-0.05789270780457993,2,#393b79
seer_pan_train_tcga_test,Pan-cancer SEER only,SEER only,categorical,KICH,7,354.7k,354693.0,seer_05pct,0.03282540454232846,-0.05938033128407556,2,#393b79
seer_pan_train_tcga_test,Pan-cancer SEER only,SEER only,categorical,KICH,8,709.4k,709384.0,seer_10pct,0.03532122006576037,-0.056884515760643656,2,#393b79
seer_pan_train_tcga_test,Pan-cancer SEER only,SEER only,categorical,KICH,9,1.4M,1418771.0,seer_20pct,0.035687091973791205,-0.05651864385261282,2,#393b79
seer_pan_train_tcga_test,Pan-cancer SEER only,SEER only,categorical,KICH,10,3.5M,3546920.0,seer_50pct,0.033562504921106844,-0.05864323090529719,2,#393b79
seer_pan_train_tcga_test,Pan-cancer SEER only,SEER only,categorical,KIRC,0,Single-cancer TCGA,0.0,single_cancer_tcga_baseline,0.12842819576082887,0.0,5,#637939
seer_pan_train_tcga_test,Pan-cancer SEER only,SEER only,categorical,KIRC,1,Pan-cancer TCGA,0.0,pan_cancer_tcga_baseline,0.07729492052761536,-0.05113327523321352,5,#637939
seer_pan_train_tcga_test,Pan-cancer SEER only,SEER only,categorical,KIRC,2,999,999.0,seer_n001k_00pct,0.056722151367816685,-0.07170604439301219,5,#637939
seer_pan_train_tcga_test,Pan-cancer SEER only,SEER only,categorical,KIRC,3,3k,3001.0,seer_n003k_00pct,0.06330623743025902,-0.06512195833056984,5,#637939
seer_pan_train_tcga_test,Pan-cancer SEER only,SEER only,categorical,KIRC,4,10k,9999.0,seer_n010k_00pct,0.06948923285867128,-0.05893896290215757,5,#637939
seer_pan_train_tcga_test,Pan-cancer SEER only,SEER only,categorical,KIRC,5,35k,34999.0,seer_n035k_00pct,0.06446800212532847,-0.0639601936355004,5,#637939
seer_pan_train_tcga_test,Pan-cancer SEER only,SEER only,categorical,KIRC,6,70.9k,70938.0,seer_01pct,0.0658018503587623,-0.06262634540206656,5,#637939
seer_pan_train_tcga_test,Pan-cancer SEER only,SEER only,categorical,KIRC,7,354.7k,354693.0,seer_05pct,0.06564730350314182,-0.06278089225768704,5,#637939
seer_pan_train_tcga_test,Pan-cancer SEER only,SEER only,categorical,KIRC,8,709.4k,709384.0,seer_10pct,0.06579315035518937,-0.06263504540563948,5,#637939
seer_pan_train_tcga_test,Pan-cancer SEER only,SEER only,categorical,KIRC,9,1.4M,1418771.0,seer_20pct,0.06597071419222368,-0.062457481568605186,5,#637939
seer_pan_train_tcga_test,Pan-cancer SEER only,SEER only,categorical,KIRC,10,3.5M,3546920.0,seer_50pct,0.06340693175379492,-0.06502126400703394,5,#637939
seer_pan_train_tcga_test,Pan-cancer SEER only,SEER only,categorical,KIRP,0,Single-cancer TCGA,0.0,single_cancer_tcga_baseline,0.16245695200985902,0.0,5,#8c6d31
seer_pan_train_tcga_test,Pan-cancer SEER only,SEER only,categorical,KIRP,1,Pan-cancer TCGA,0.0,pan_cancer_tcga_baseline,0.07027924757966211,-0.09217770443019689,5,#8c6d31
seer_pan_train_tcga_test,Pan-cancer SEER only,SEER only,categorical,KIRP,2,999,999.0,seer_n001k_00pct,0.038098084098798814,-0.12435886791106024,5,#8c6d31
seer_pan_train_tcga_test,Pan-cancer SEER only,SEER only,categorical,KIRP,3,3k,3001.0,seer_n003k_00pct,0.032098695671430505,-0.13035825633842854,5,#8c6d31
seer_pan_train_tcga_test,Pan-cancer SEER only,SEER only,categorical,KIRP,4,10k,9999.0,seer_n010k_00pct,0.03720848393422382,-0.12524846807563522,5,#8c6d31
seer_pan_train_tcga_test,Pan-cancer SEER only,SEER only,categorical,KIRP,5,35k,34999.0,seer_n035k_00pct,0.03684995643249866,-0.12560699557736035,5,#8c6d31
seer_pan_train_tcga_test,Pan-cancer SEER only,SEER only,categorical,KIRP,6,70.9k,70938.0,seer_01pct,0.03924768234478053,-0.12320926966507847,5,#8c6d31
seer_pan_train_tcga_test,Pan-cancer SEER only,SEER only,categorical,KIRP,7,354.7k,354693.0,seer_05pct,0.03669422925058165,-0.12576272275927738,5,#8c6d31
seer_pan_train_tcga_test,Pan-cancer SEER only,SEER only,categorical,KIRP,8,709.4k,709384.0,seer_10pct,0.03799051654305729,-0.12446643546680174,5,#8c6d31
seer_pan_train_tcga_test,Pan-cancer SEER only,SEER only,categorical,KIRP,9,1.4M,1418771.0,seer_20pct,0.0381547932068156,-0.12430215880304343,5,#8c6d31
seer_pan_train_tcga_test,Pan-cancer SEER only,SEER only,categorical,KIRP,10,3.5M,3546920.0,seer_50pct,0.033588896447966546,-0.12886805556189249,5,#8c6d31
seer_pan_train_tcga_test,Pan-cancer SEER only,SEER only,categorical,LAML,0,Single-cancer TCGA,0.0,single_cancer_tcga_baseline,0.2096926347099058,0.0,5,#843c39
seer_pan_train_tcga_test,Pan-cancer SEER only,SEER only,categorical,LAML,1,Pan-cancer TCGA,0.0,pan_cancer_tcga_baseline,0.04381787565790583,-0.16587475905199994,5,#843c39
seer_pan_train_tcga_test,Pan-cancer SEER only,SEER only,categorical,LAML,2,999,999.0,seer_n001k_00pct,0.14719382094007427,-0.0624988137698315,5,#843c39
seer_pan_train_tcga_test,Pan-cancer SEER only,SEER only,categorical,LAML,3,3k,3001.0,seer_n003k_00pct,0.08399815792608008,-0.1256944767838257,5,#843c39
seer_pan_train_tcga_test,Pan-cancer SEER only,SEER only,categorical,LAML,4,10k,9999.0,seer_n010k_00pct,0.16797167522156195,-0.0417209594883438,5,#843c39
seer_pan_train_tcga_test,Pan-cancer SEER only,SEER only,categorical,LAML,5,35k,34999.0,seer_n035k_00pct,0.1007933174710467,-0.10889931723885907,5,#843c39
seer_pan_train_tcga_test,Pan-cancer SEER only,SEER only,categorical,LAML,6,70.9k,70938.0,seer_01pct,0.20364831112799564,-0.006044323581910144,5,#843c39
seer_pan_train_tcga_test,Pan-cancer SEER only,SEER only,categorical,LAML,7,354.7k,354693.0,seer_05pct,0.1451214004459381,-0.06457123426396769,5,#843c39
seer_pan_train_tcga_test,Pan-cancer SEER only,SEER only,categorical,LAML,8,709.4k,709384.0,seer_10pct,0.12972869957946073,-0.07996393513044502,5,#843c39
seer_pan_train_tcga_test,Pan-cancer SEER only,SEER only,categorical,LAML,9,1.4M,1418771.0,seer_20pct,0.12134389626424433,-0.08834873844566145,5,#843c39
seer_pan_train_tcga_test,Pan-cancer SEER only,SEER only,categorical,LAML,10,3.5M,3546920.0,seer_50pct,0.11131263140076827,-0.09838000330913746,5,#843c39
seer_pan_train_tcga_test,Pan-cancer SEER only,SEER only,categorical,LGG,0,Single-cancer TCGA,0.0,single_cancer_tcga_baseline,0.1740875524739498,0.0,5,#7b4173
seer_pan_train_tcga_test,Pan-cancer SEER only,SEER only,categorical,LGG,1,Pan-cancer TCGA,0.0,pan_cancer_tcga_baseline,0.12606902186318314,-0.04801853061076666,5,#7b4173
seer_pan_train_tcga_test,Pan-cancer SEER only,SEER only,categorical,LGG,2,999,999.0,seer_n001k_00pct,0.04432240917890596,-0.12976514329504385,5,#7b4173
seer_pan_train_tcga_test,Pan-cancer SEER only,SEER only,categorical,LGG,3,3k,3001.0,seer_n003k_00pct,0.051831625553906156,-0.12225592692004364,5,#7b4173
seer_pan_train_tcga_test,Pan-cancer SEER only,SEER only,categorical,LGG,4,10k,9999.0,seer_n010k_00pct,0.0587299598618979,-0.11535759261205189,5,#7b4173
seer_pan_train_tcga_test,Pan-cancer SEER only,SEER only,categorical,LGG,5,35k,34999.0,seer_n035k_00pct,0.05065324704255088,-0.12343430543139891,5,#7b4173
seer_pan_train_tcga_test,Pan-cancer SEER only,SEER only,categorical,LGG,6,70.9k,70938.0,seer_01pct,0.05625409939522504,-0.11783345307872475,5,#7b4173
seer_pan_train_tcga_test,Pan-cancer SEER only,SEER only,categorical,LGG,7,354.7k,354693.0,seer_05pct,0.06301984769879247,-0.1110677047751573,5,#7b4173
seer_pan_train_tcga_test,Pan-cancer SEER only,SEER only,categorical,LGG,8,709.4k,709384.0,seer_10pct,0.061772809791260805,-0.112314742682689,5,#7b4173
seer_pan_train_tcga_test,Pan-cancer SEER only,SEER only,categorical,LGG,9,1.4M,1418771.0,seer_20pct,0.06015380114840183,-0.11393375132554798,5,#7b4173
seer_pan_train_tcga_test,Pan-cancer SEER only,SEER only,categorical,LGG,10,3.5M,3546920.0,seer_50pct,0.05777081880527842,-0.11631673366867135,5,#7b4173
seer_pan_train_tcga_test,Pan-cancer SEER only,SEER only,categorical,LIHC,0,Single-cancer TCGA,0.0,single_cancer_tcga_baseline,0.196872389045799,0.0,5,#3182bd
seer_pan_train_tcga_test,Pan-cancer SEER only,SEER only,categorical,LIHC,1,Pan-cancer TCGA,0.0,pan_cancer_tcga_baseline,0.04535940186898445,-0.1515129871768146,5,#3182bd
seer_pan_train_tcga_test,Pan-cancer SEER only,SEER only,categorical,LIHC,2,999,999.0,seer_n001k_00pct,0.04306700800975832,-0.15380538103604072,5,#3182bd
seer_pan_train_tcga_test,Pan-cancer SEER only,SEER only,categorical,LIHC,3,3k,3001.0,seer_n003k_00pct,0.04000190261732662,-0.1568704864284724,5,#3182bd
seer_pan_train_tcga_test,Pan-cancer SEER only,SEER only,categorical,LIHC,4,10k,9999.0,seer_n010k_00pct,0.04404886620568892,-0.1528235228401101,5,#3182bd
seer_pan_train_tcga_test,Pan-cancer SEER only,SEER only,categorical,LIHC,5,35k,34999.0,seer_n035k_00pct,0.04201978202766872,-0.1548526070181303,5,#3182bd
seer_pan_train_tcga_test,Pan-cancer SEER only,SEER only,categorical,LIHC,6,70.9k,70938.0,seer_01pct,0.04259718874026103,-0.154275200305538,5,#3182bd
seer_pan_train_tcga_test,Pan-cancer SEER only,SEER only,categorical,LIHC,7,354.7k,354693.0,seer_05pct,0.045902619968225075,-0.15096976907757398,5,#3182bd
seer_pan_train_tcga_test,Pan-cancer SEER only,SEER only,categorical,LIHC,8,709.4k,709384.0,seer_10pct,0.04327635976061881,-0.1535960292851802,5,#3182bd
seer_pan_train_tcga_test,Pan-cancer SEER only,SEER only,categorical,LIHC,9,1.4M,1418771.0,seer_20pct,0.04468453319369887,-0.15218785585210018,5,#3182bd
seer_pan_train_tcga_test,Pan-cancer SEER only,SEER only,categorical,LIHC,10,3.5M,3546920.0,seer_50pct,0.04514934095933976,-0.15172304808645928,5,#3182bd
seer_pan_train_tcga_test,Pan-cancer SEER only,SEER only,categorical,LUAD,0,Single-cancer TCGA,0.0,single_cancer_tcga_baseline,0.1771317260009033,0.0,5,#31a354
seer_pan_train_tcga_test,Pan-cancer SEER only,SEER only,categorical,LUAD,1,Pan-cancer TCGA,0.0,pan_cancer_tcga_baseline,0.12518541684787726,-0.05194630915302604,5,#31a354
seer_pan_train_tcga_test,Pan-cancer SEER only,SEER only,categorical,LUAD,2,999,999.0,seer_n001k_00pct,0.055353607600859056,-0.12177811840004424,5,#31a354
seer_pan_train_tcga_test,Pan-cancer SEER only,SEER only,categorical,LUAD,3,3k,3001.0,seer_n003k_00pct,0.04898393024919658,-0.1281477957517067,5,#31a354
seer_pan_train_tcga_test,Pan-cancer SEER only,SEER only,categorical,LUAD,4,10k,9999.0,seer_n010k_00pct,0.04866201063873059,-0.12846971536217272,5,#31a354
seer_pan_train_tcga_test,Pan-cancer SEER only,SEER only,categorical,LUAD,5,35k,34999.0,seer_n035k_00pct,0.052131706475070885,-0.12500001952583245,5,#31a354
seer_pan_train_tcga_test,Pan-cancer SEER only,SEER only,categorical,LUAD,6,70.9k,70938.0,seer_01pct,0.05289310188110291,-0.1242386241198004,5,#31a354
seer_pan_train_tcga_test,Pan-cancer SEER only,SEER only,categorical,LUAD,7,354.7k,354693.0,seer_05pct,0.051420607901510096,-0.1257111180993932,5,#31a354
seer_pan_train_tcga_test,Pan-cancer SEER only,SEER only,categorical,LUAD,8,709.4k,709384.0,seer_10pct,0.049408853635012635,-0.1277228723658907,5,#31a354
seer_pan_train_tcga_test,Pan-cancer SEER only,SEER only,categorical,LUAD,9,1.4M,1418771.0,seer_20pct,0.052518060594281726,-0.12461366540662158,5,#31a354
seer_pan_train_tcga_test,Pan-cancer SEER only,SEER only,categorical,LUAD,10,3.5M,3546920.0,seer_50pct,0.0499930227608293,-0.127138703240074,5,#31a354
seer_pan_train_tcga_test,Pan-cancer SEER only,SEER only,categorical,LUSC,0,Single-cancer TCGA,0.0,single_cancer_tcga_baseline,0.18489732153808397,0.0,5,#756bb1
seer_pan_train_tcga_test,Pan-cancer SEER only,SEER only,categorical,LUSC,1,Pan-cancer TCGA,0.0,pan_cancer_tcga_baseline,0.15431557982763197,-0.030581741710452016,5,#756bb1
seer_pan_train_tcga_test,Pan-cancer SEER only,SEER only,categorical,LUSC,2,999,999.0,seer_n001k_00pct,0.06455135610501603,-0.12034596543306797,5,#756bb1
seer_pan_train_tcga_test,Pan-cancer SEER only,SEER only,categorical,LUSC,3,3k,3001.0,seer_n003k_00pct,0.06347248950291669,-0.12142483203516732,5,#756bb1
seer_pan_train_tcga_test,Pan-cancer SEER only,SEER only,categorical,LUSC,4,10k,9999.0,seer_n010k_00pct,0.06430877304512003,-0.12058854849296394,5,#756bb1
seer_pan_train_tcga_test,Pan-cancer SEER only,SEER only,categorical,LUSC,5,35k,34999.0,seer_n035k_00pct,0.06483390306745,-0.120063418470634,5,#756bb1
seer_pan_train_tcga_test,Pan-cancer SEER only,SEER only,categorical,LUSC,6,70.9k,70938.0,seer_01pct,0.06304918140041364,-0.12184814013767034,5,#756bb1
seer_pan_train_tcga_test,Pan-cancer SEER only,SEER only,categorical,LUSC,7,354.7k,354693.0,seer_05pct,0.06381776363601908,-0.12107955790206493,5,#756bb1
seer_pan_train_tcga_test,Pan-cancer SEER only,SEER only,categorical,LUSC,8,709.4k,709384.0,seer_10pct,0.06038512827854411,-0.12451219325953988,5,#756bb1
seer_pan_train_tcga_test,Pan-cancer SEER only,SEER only,categorical,LUSC,9,1.4M,1418771.0,seer_20pct,0.06569232549914569,-0.1192049960389383,5,#756bb1
seer_pan_train_tcga_test,Pan-cancer SEER only,SEER only,categorical,LUSC,10,3.5M,3546920.0,seer_50pct,0.0624407488445494,-0.1224565726935346,5,#756bb1
seer_pan_train_tcga_test,Pan-cancer SEER only,SEER only,categorical,MESO,0,Single-cancer TCGA,0.0,single_cancer_tcga_baseline,0.14716333531568715,0.0,5,#636363
seer_pan_train_tcga_test,Pan-cancer SEER only,SEER only,categorical,MESO,1,Pan-cancer TCGA,0.0,pan_cancer_tcga_baseline,0.045981025978460995,-0.10118230933722616,5,#636363
seer_pan_train_tcga_test,Pan-cancer SEER only,SEER only,categorical,MESO,2,999,999.0,seer_n001k_00pct,0.07730025952725372,-0.06986307578843343,5,#636363
seer_pan_train_tcga_test,Pan-cancer SEER only,SEER only,categorical,MESO,3,3k,3001.0,seer_n003k_00pct,0.053181545488771374,-0.09398178982691577,5,#636363
seer_pan_train_tcga_test,Pan-cancer SEER only,SEER only,categorical,MESO,4,10k,9999.0,seer_n010k_00pct,0.11950082876464038,-0.027662506551046774,5,#636363
seer_pan_train_tcga_test,Pan-cancer SEER only,SEER only,categorical,MESO,5,35k,34999.0,seer_n035k_00pct,0.1282191636584773,-0.018944171657209886,5,#636363
seer_pan_train_tcga_test,Pan-cancer SEER only,SEER only,categorical,MESO,6,70.9k,70938.0,seer_01pct,0.07362763527801239,-0.07353570003767478,5,#636363
seer_pan_train_tcga_test,Pan-cancer SEER only,SEER only,categorical,MESO,7,354.7k,354693.0,seer_05pct,0.1272302548453344,-0.01993308047035274,5,#636363
seer_pan_train_tcga_test,Pan-cancer SEER only,SEER only,categorical,MESO,8,709.4k,709384.0,seer_10pct,0.13547391432005762,-0.011689420995629547,5,#636363
seer_pan_train_tcga_test,Pan-cancer SEER only,SEER only,categorical,MESO,9,1.4M,1418771.0,seer_20pct,0.07254133755271726,-0.07462199776296989,5,#636363
seer_pan_train_tcga_test,Pan-cancer SEER only,SEER only,categorical,MESO,10,3.5M,3546920.0,seer_50pct,0.08532670824744273,-0.06183662706824443,5,#636363
seer_pan_train_tcga_test,Pan-cancer SEER only,SEER only,categorical,OV,0,Single-cancer TCGA,0.0,single_cancer_tcga_baseline,0.15244700186573898,0.0,5,#e6550d
seer_pan_train_tcga_test,Pan-cancer SEER only,SEER only,categorical,OV,1,Pan-cancer TCGA,0.0,pan_cancer_tcga_baseline,0.13850153851516167,-0.0139454633505773,5,#e6550d
seer_pan_train_tcga_test,Pan-cancer SEER only,SEER only,categorical,OV,2,999,999.0,seer_n001k_00pct,0.08187468548024138,-0.07057231638549762,5,#e6550d
seer_pan_train_tcga_test,Pan-cancer SEER only,SEER only,categorical,OV,3,3k,3001.0,seer_n003k_00pct,0.11542906807471545,-0.03701793379102353,5,#e6550d
seer_pan_train_tcga_test,Pan-cancer SEER only,SEER only,categorical,OV,4,10k,9999.0,seer_n010k_00pct,0.07727620350012102,-0.07517079836561799,5,#e6550d
seer_pan_train_tcga_test,Pan-cancer SEER only,SEER only,categorical,OV,5,35k,34999.0,seer_n035k_00pct,0.07498387923749719,-0.0774631226282418,5,#e6550d
seer_pan_train_tcga_test,Pan-cancer SEER only,SEER only,categorical,OV,6,70.9k,70938.0,seer_01pct,0.07677383933882576,-0.07567316252691322,5,#e6550d
seer_pan_train_tcga_test,Pan-cancer SEER only,SEER only,categorical,OV,7,354.7k,354693.0,seer_05pct,0.0779126872385504,-0.07453431462718858,5,#e6550d
seer_pan_train_tcga_test,Pan-cancer SEER only,SEER only,categorical,OV,8,709.4k,709384.0,seer_10pct,0.07491317499187564,-0.07753382687386334,5,#e6550d
seer_pan_train_tcga_test,Pan-cancer SEER only,SEER only,categorical,OV,9,1.4M,1418771.0,seer_20pct,0.07361566566246067,-0.07883133620327831,5,#e6550d
seer_pan_train_tcga_test,Pan-cancer SEER only,SEER only,categorical,OV,10,3.5M,3546920.0,seer_50pct,0.07311497664679285,-0.07933202521894613,5,#e6550d
seer_pan_train_tcga_test,Pan-cancer SEER only,SEER only,categorical,PAAD,0,Single-cancer TCGA,0.0,single_cancer_tcga_baseline,0.19834591987245714,0.0,5,#969696
seer_pan_train_tcga_test,Pan-cancer SEER only,SEER only,categorical,PAAD,1,Pan-cancer TCGA,0.0,pan_cancer_tcga_baseline,0.02573557655436571,-0.17261034331809144,5,#969696
seer_pan_train_tcga_test,Pan-cancer SEER only,SEER only,categorical,PAAD,2,999,999.0,seer_n001k_00pct,0.02865079502778267,-0.16969512484467444,5,#969696
seer_pan_train_tcga_test,Pan-cancer SEER only,SEER only,categorical,PAAD,3,3k,3001.0,seer_n003k_00pct,0.029190511600166624,-0.1691554082722905,5,#969696
seer_pan_train_tcga_test,Pan-cancer SEER only,SEER only,categorical,PAAD,4,10k,9999.0,seer_n010k_00pct,0.034547202216903175,-0.16379871765555393,5,#969696
seer_pan_train_tcga_test,Pan-cancer SEER only,SEER only,categorical,PAAD,5,35k,34999.0,seer_n035k_00pct,0.03318930243692446,-0.16515661743553267,5,#969696
seer_pan_train_tcga_test,Pan-cancer SEER only,SEER only,categorical,PAAD,6,70.9k,70938.0,seer_01pct,0.0357119782719599,-0.16263394160049724,5,#969696
seer_pan_train_tcga_test,Pan-cancer SEER only,SEER only,categorical,PAAD,7,354.7k,354693.0,seer_05pct,0.0351689226958268,-0.16317699717663034,5,#969696
seer_pan_train_tcga_test,Pan-cancer SEER only,SEER only,categorical,PAAD,8,709.4k,709384.0,seer_10pct,0.040849413410332595,-0.1574965064621245,5,#969696
seer_pan_train_tcga_test,Pan-cancer SEER only,SEER only,categorical,PAAD,9,1.4M,1418771.0,seer_20pct,0.03863780542572945,-0.1597081144467277,5,#969696
seer_pan_train_tcga_test,Pan-cancer SEER only,SEER only,categorical,PAAD,10,3.5M,3546920.0,seer_50pct,0.03945821916897488,-0.15888770070348227,5,#969696
seer_pan_train_tcga_test,Pan-cancer SEER only,SEER only,categorical,PCPG,0,Single-cancer TCGA,0.0,single_cancer_tcga_baseline,0.03441005985932279,0.0,2,#6baed6
seer_pan_train_tcga_test,Pan-cancer SEER only,SEER only,categorical,PCPG,1,Pan-cancer TCGA,0.0,pan_cancer_tcga_baseline,0.04039822246746862,0.005988162608145824,2,#6baed6
seer_pan_train_tcga_test,Pan-cancer SEER only,SEER only,categorical,PCPG,2,999,999.0,seer_n001k_00pct,0.026371516754450382,-0.008038543104872413,2,#6baed6
seer_pan_train_tcga_test,Pan-cancer SEER only,SEER only,categorical,PCPG,3,3k,3001.0,seer_n003k_00pct,0.03314935564323185,-0.0012607042160909434,2,#6baed6
seer_pan_train_tcga_test,Pan-cancer SEER only,SEER only,categorical,PCPG,4,10k,9999.0,seer_n010k_00pct,0.026678108437464487,-0.007731951421858308,2,#6baed6
seer_pan_train_tcga_test,Pan-cancer SEER only,SEER only,categorical,PCPG,5,35k,34999.0,seer_n035k_00pct,0.026397133346925755,-0.008012926512397042,2,#6baed6
seer_pan_train_tcga_test,Pan-cancer SEER only,SEER only,categorical,PCPG,6,70.9k,70938.0,seer_01pct,0.02635527188347147,-0.008054787975851328,2,#6baed6
seer_pan_train_tcga_test,Pan-cancer SEER only,SEER only,categorical,PCPG,7,354.7k,354693.0,seer_05pct,0.02612962916799815,-0.008280430691324647,2,#6baed6
seer_pan_train_tcga_test,Pan-cancer SEER only,SEER only,categorical,PCPG,8,709.4k,709384.0,seer_10pct,0.023508179807305914,-0.010901880052016881,2,#6baed6
seer_pan_train_tcga_test,Pan-cancer SEER only,SEER only,categorical,PCPG,9,1.4M,1418771.0,seer_20pct,0.030567901077201802,-0.003842158782120993,2,#6baed6
seer_pan_train_tcga_test,Pan-cancer SEER only,SEER only,categorical,PCPG,10,3.5M,3546920.0,seer_50pct,0.027502415091962946,-0.0069076447673598485,2,#6baed6
seer_pan_train_tcga_test,Pan-cancer SEER only,SEER only,categorical,PRAD,0,Single-cancer TCGA,0.0,single_cancer_tcga_baseline,0.035809215056939125,0.0,2,#74c476
seer_pan_train_tcga_test,Pan-cancer SEER only,SEER only,categorical,PRAD,1,Pan-cancer TCGA,0.0,pan_cancer_tcga_baseline,0.021935922215673108,-0.013873292841266023,2,#74c476
seer_pan_train_tcga_test,Pan-cancer SEER only,SEER only,categorical,PRAD,2,999,999.0,seer_n001k_00pct,0.008357164250106562,-0.027452050806832565,2,#74c476
seer_pan_train_tcga_test,Pan-cancer SEER only,SEER only,categorical,PRAD,3,3k,3001.0,seer_n003k_00pct,0.00955979551403379,-0.02624941954290534,2,#74c476
seer_pan_train_tcga_test,Pan-cancer SEER only,SEER only,categorical,PRAD,4,10k,9999.0,seer_n010k_00pct,0.010531889756256727,-0.025277325300682402,2,#74c476
seer_pan_train_tcga_test,Pan-cancer SEER only,SEER only,categorical,PRAD,5,35k,34999.0,seer_n035k_00pct,0.009711849532830984,-0.026097365524108147,2,#74c476
seer_pan_train_tcga_test,Pan-cancer SEER only,SEER only,categorical,PRAD,6,70.9k,70938.0,seer_01pct,0.00974145986806172,-0.026067755188877408,2,#74c476
seer_pan_train_tcga_test,Pan-cancer SEER only,SEER only,categorical,PRAD,7,354.7k,354693.0,seer_05pct,0.009323776287389562,-0.02648543876954957,2,#74c476
seer_pan_train_tcga_test,Pan-cancer SEER only,SEER only,categorical,PRAD,8,709.4k,709384.0,seer_10pct,0.009491287406414408,-0.026317927650524722,2,#74c476
seer_pan_train_tcga_test,Pan-cancer SEER only,SEER only,categorical,PRAD,9,1.4M,1418771.0,seer_20pct,0.00909681457129273,-0.0267124004856464,2,#74c476
seer_pan_train_tcga_test,Pan-cancer SEER only,SEER only,categorical,PRAD,10,3.5M,3546920.0,seer_50pct,0.009158090751250379,-0.02665112430568875,2,#74c476
seer_pan_train_tcga_test,Pan-cancer SEER only,SEER only,categorical,READ,0,Single-cancer TCGA,0.0,single_cancer_tcga_baseline,0.14400156425344313,0.0,5,#9e9ac8
seer_pan_train_tcga_test,Pan-cancer SEER only,SEER only,categorical,READ,1,Pan-cancer TCGA,0.0,pan_cancer_tcga_baseline,0.03219397449153704,-0.11180758976190605,5,#9e9ac8
seer_pan_train_tcga_test,Pan-cancer SEER only,SEER only,categorical,READ,2,999,999.0,seer_n001k_00pct,0.021175912832024146,-0.12282565142141896,5,#9e9ac8
seer_pan_train_tcga_test,Pan-cancer SEER only,SEER only,categorical,READ,3,3k,3001.0,seer_n003k_00pct,0.022563768111883726,-0.12143779614155939,5,#9e9ac8
seer_pan_train_tcga_test,Pan-cancer SEER only,SEER only,categorical,READ,4,10k,9999.0,seer_n010k_00pct,0.0230851011837232,-0.12091646306971993,5,#9e9ac8
seer_pan_train_tcga_test,Pan-cancer SEER only,SEER only,categorical,READ,5,35k,34999.0,seer_n035k_00pct,0.023318002108880236,-0.12068356214456288,5,#9e9ac8
seer_pan_train_tcga_test,Pan-cancer SEER only,SEER only,categorical,READ,6,70.9k,70938.0,seer_01pct,0.02242041852229502,-0.12158114573114809,5,#9e9ac8
seer_pan_train_tcga_test,Pan-cancer SEER only,SEER only,categorical,READ,7,354.7k,354693.0,seer_05pct,0.023181285403192652,-0.12082027885025046,5,#9e9ac8
seer_pan_train_tcga_test,Pan-cancer SEER only,SEER only,categorical,READ,8,709.4k,709384.0,seer_10pct,0.021956545800635913,-0.1220450184528072,5,#9e9ac8
seer_pan_train_tcga_test,Pan-cancer SEER only,SEER only,categorical,READ,9,1.4M,1418771.0,seer_20pct,0.021645795283209153,-0.12235576897023395,5,#9e9ac8
seer_pan_train_tcga_test,Pan-cancer SEER only,SEER only,categorical,READ,10,3.5M,3546920.0,seer_50pct,0.02237192119310468,-0.12162964306033844,5,#9e9ac8
seer_pan_train_tcga_test,Pan-cancer SEER only,SEER only,categorical,SARC,0,Single-cancer TCGA,0.0,single_cancer_tcga_baseline,0.2019408157261874,0.0,5,#fd8d3c
seer_pan_train_tcga_test,Pan-cancer SEER only,SEER only,categorical,SARC,1,Pan-cancer TCGA,0.0,pan_cancer_tcga_baseline,0.19786426895752804,-0.004076546768659375,5,#fd8d3c
seer_pan_train_tcga_test,Pan-cancer SEER only,SEER only,categorical,SARC,2,999,999.0,seer_n001k_00pct,0.07158315401218389,-0.13035766171400354,5,#fd8d3c
seer_pan_train_tcga_test,Pan-cancer SEER only,SEER only,categorical,SARC,3,3k,3001.0,seer_n003k_00pct,0.0804513658854594,-0.12148944984072803,5,#fd8d3c
seer_pan_train_tcga_test,Pan-cancer SEER only,SEER only,categorical,SARC,4,10k,9999.0,seer_n010k_00pct,0.08047566468086993,-0.12146515104531748,5,#fd8d3c
seer_pan_train_tcga_test,Pan-cancer SEER only,SEER only,categorical,SARC,5,35k,34999.0,seer_n035k_00pct,0.09496353652294898,-0.10697727920323843,5,#fd8d3c
seer_pan_train_tcga_test,Pan-cancer SEER only,SEER only,categorical,SARC,6,70.9k,70938.0,seer_01pct,0.09292552516248444,-0.10901529056370296,5,#fd8d3c
seer_pan_train_tcga_test,Pan-cancer SEER only,SEER only,categorical,SARC,7,354.7k,354693.0,seer_05pct,0.08782115760308444,-0.11411965812310296,5,#fd8d3c
seer_pan_train_tcga_test,Pan-cancer SEER only,SEER only,categorical,SARC,8,709.4k,709384.0,seer_10pct,0.08845796619300647,-0.11348284953318095,5,#fd8d3c
seer_pan_train_tcga_test,Pan-cancer SEER only,SEER only,categorical,SARC,9,1.4M,1418771.0,seer_20pct,0.07986792551231392,-0.1220728902138735,5,#fd8d3c
seer_pan_train_tcga_test,Pan-cancer SEER only,SEER only,categorical,SARC,10,3.5M,3546920.0,seer_50pct,0.07897826673854622,-0.12296254898764118,5,#fd8d3c
seer_pan_train_tcga_test,Pan-cancer SEER only,SEER only,categorical,SKCM,0,Single-cancer TCGA,0.0,single_cancer_tcga_baseline,0.15734677171290884,0.0,5,#9ecae1
seer_pan_train_tcga_test,Pan-cancer SEER only,SEER only,categorical,SKCM,1,Pan-cancer TCGA,0.0,pan_cancer_tcga_baseline,0.4963356086587156,0.3389888369458068,5,#9ecae1
seer_pan_train_tcga_test,Pan-cancer SEER only,SEER only,categorical,SKCM,2,999,999.0,seer_n001k_00pct,0.15602285268495908,-0.0013239190279497547,5,#9ecae1
seer_pan_train_tcga_test,Pan-cancer SEER only,SEER only,categorical,SKCM,3,3k,3001.0,seer_n003k_00pct,0.15517648924465294,-0.0021702824682559045,5,#9ecae1
seer_pan_train_tcga_test,Pan-cancer SEER only,SEER only,categorical,SKCM,4,10k,9999.0,seer_n010k_00pct,0.15777136851366896,0.00042459680076013253,5,#9ecae1
seer_pan_train_tcga_test,Pan-cancer SEER only,SEER only,categorical,SKCM,5,35k,34999.0,seer_n035k_00pct,0.16730040098010743,0.009953629267198585,5,#9ecae1
seer_pan_train_tcga_test,Pan-cancer SEER only,SEER only,categorical,SKCM,6,70.9k,70938.0,seer_01pct,0.16246162541543113,0.00511485370252229,5,#9ecae1
seer_pan_train_tcga_test,Pan-cancer SEER only,SEER only,categorical,SKCM,7,354.7k,354693.0,seer_05pct,0.1651413274236121,0.007794555710703238,5,#9ecae1
seer_pan_train_tcga_test,Pan-cancer SEER only,SEER only,categorical,SKCM,8,709.4k,709384.0,seer_10pct,0.16196325273085405,0.004616481017945209,5,#9ecae1
seer_pan_train_tcga_test,Pan-cancer SEER only,SEER only,categorical,SKCM,9,1.4M,1418771.0,seer_20pct,0.15813829098470014,0.00079151927179128,5,#9ecae1
seer_pan_train_tcga_test,Pan-cancer SEER only,SEER only,categorical,SKCM,10,3.5M,3546920.0,seer_50pct,0.1570407614138169,-0.00030601029909193,5,#9ecae1
seer_pan_train_tcga_test,Pan-cancer SEER only,SEER only,categorical,STAD,0,Single-cancer TCGA,0.0,single_cancer_tcga_baseline,0.19438508855000877,0.0,5,#a1d99b
seer_pan_train_tcga_test,Pan-cancer SEER only,SEER only,categorical,STAD,1,Pan-cancer TCGA,0.0,pan_cancer_tcga_baseline,0.03295282696029367,-0.1614322615897151,5,#a1d99b
seer_pan_train_tcga_test,Pan-cancer SEER only,SEER only,categorical,STAD,2,999,999.0,seer_n001k_00pct,0.03318899293470016,-0.16119609561530862,5,#a1d99b
seer_pan_train_tcga_test,Pan-cancer SEER only,SEER only,categorical,STAD,3,3k,3001.0,seer_n003k_00pct,0.05066975592462366,-0.14371533262538513,5,#a1d99b
seer_pan_train_tcga_test,Pan-cancer SEER only,SEER only,categorical,STAD,4,10k,9999.0,seer_n010k_00pct,0.05635453133256618,-0.1380305572174426,5,#a1d99b
seer_pan_train_tcga_test,Pan-cancer SEER only,SEER only,categorical,STAD,5,35k,34999.0,seer_n035k_00pct,0.042461335033387726,-0.15192375351662105,5,#a1d99b
seer_pan_train_tcga_test,Pan-cancer SEER only,SEER only,categorical,STAD,6,70.9k,70938.0,seer_01pct,0.04126304166103613,-0.15312204688897263,5,#a1d99b
seer_pan_train_tcga_test,Pan-cancer SEER only,SEER only,categorical,STAD,7,354.7k,354693.0,seer_05pct,0.044228713357434106,-0.15015637519257466,5,#a1d99b
seer_pan_train_tcga_test,Pan-cancer SEER only,SEER only,categorical,STAD,8,709.4k,709384.0,seer_10pct,0.040951117928372735,-0.15343397062163602,5,#a1d99b
seer_pan_train_tcga_test,Pan-cancer SEER only,SEER only,categorical,STAD,9,1.4M,1418771.0,seer_20pct,0.03943949508505444,-0.15494559346495432,5,#a1d99b
seer_pan_train_tcga_test,Pan-cancer SEER only,SEER only,categorical,STAD,10,3.5M,3546920.0,seer_50pct,0.037094912572647035,-0.15729017597736172,5,#a1d99b
seer_pan_train_tcga_test,Pan-cancer SEER only,SEER only,categorical,TGCT,0,Single-cancer TCGA,0.0,single_cancer_tcga_baseline,0.013639539429116951,0.0,1,#bcbddc
seer_pan_train_tcga_test,Pan-cancer SEER only,SEER only,categorical,TGCT,1,Pan-cancer TCGA,0.0,pan_cancer_tcga_baseline,0.02445505808455179,0.007201684577911286,1,#bcbddc
seer_pan_train_tcga_test,Pan-cancer SEER only,SEER only,categorical,TGCT,2,999,999.0,seer_n001k_00pct,0.021878869165939625,0.008239329736822676,2,#bcbddc
seer_pan_train_tcga_test,Pan-cancer SEER only,SEER only,categorical,TGCT,3,3k,3001.0,seer_n003k_00pct,0.021854096760757228,0.008214557331640277,2,#bcbddc
seer_pan_train_tcga_test,Pan-cancer SEER only,SEER only,categorical,TGCT,4,10k,9999.0,seer_n010k_00pct,0.020136452929771276,0.006496913500654325,2,#bcbddc
seer_pan_train_tcga_test,Pan-cancer SEER only,SEER only,categorical,TGCT,5,35k,34999.0,seer_n035k_00pct,0.01900717285415504,0.005367633425038092,2,#bcbddc
seer_pan_train_tcga_test,Pan-cancer SEER only,SEER only,categorical,TGCT,6,70.9k,70938.0,seer_01pct,0.018099144470571586,0.004459605041454634,2,#bcbddc
seer_pan_train_tcga_test,Pan-cancer SEER only,SEER only,categorical,TGCT,7,354.7k,354693.0,seer_05pct,0.020868452319966986,0.007228912890850035,2,#bcbddc
seer_pan_train_tcga_test,Pan-cancer SEER only,SEER only,categorical,TGCT,8,709.4k,709384.0,seer_10pct,0.020569887047618234,0.006930347618501283,2,#bcbddc
seer_pan_train_tcga_test,Pan-cancer SEER only,SEER only,categorical,TGCT,9,1.4M,1418771.0,seer_20pct,0.021123105024594288,0.007483565595477339,2,#bcbddc
seer_pan_train_tcga_test,Pan-cancer SEER only,SEER only,categorical,TGCT,10,3.5M,3546920.0,seer_50pct,0.023240343600776574,0.009600804171659623,2,#bcbddc
seer_pan_train_tcga_test,Pan-cancer SEER only,SEER only,categorical,THCA,0,Single-cancer TCGA,0.0,single_cancer_tcga_baseline,0.04205416832374074,0.0,3,#fdae6b
seer_pan_train_tcga_test,Pan-cancer SEER only,SEER only,categorical,THCA,1,Pan-cancer TCGA,0.0,pan_cancer_tcga_baseline,0.03474161336397653,-0.007312554959764201,3,#fdae6b
seer_pan_train_tcga_test,Pan-cancer SEER only,SEER only,categorical,THCA,2,999,999.0,seer_n001k_00pct,0.009485545674586785,-0.032568622649153944,3,#fdae6b
seer_pan_train_tcga_test,Pan-cancer SEER only,SEER only,categorical,THCA,3,3k,3001.0,seer_n003k_00pct,0.009443733373012473,-0.03261043495072826,3,#fdae6b
seer_pan_train_tcga_test,Pan-cancer SEER only,SEER only,categorical,THCA,4,10k,9999.0,seer_n010k_00pct,0.010513185197762289,-0.031540983125978445,3,#fdae6b
seer_pan_train_tcga_test,Pan-cancer SEER only,SEER only,categorical,THCA,5,35k,34999.0,seer_n035k_00pct,0.009336235928610048,-0.03271793239513068,3,#fdae6b
seer_pan_train_tcga_test,Pan-cancer SEER only,SEER only,categorical,THCA,6,70.9k,70938.0,seer_01pct,0.009503062353317873,-0.032551105970422864,3,#fdae6b
seer_pan_train_tcga_test,Pan-cancer SEER only,SEER only,categorical,THCA,7,354.7k,354693.0,seer_05pct,0.00942971721249608,-0.03262445111124465,3,#fdae6b
seer_pan_train_tcga_test,Pan-cancer SEER only,SEER only,categorical,THCA,8,709.4k,709384.0,seer_10pct,0.009132410594133009,-0.032921757729607724,3,#fdae6b
seer_pan_train_tcga_test,Pan-cancer SEER only,SEER only,categorical,THCA,9,1.4M,1418771.0,seer_20pct,0.008773752202189187,-0.03328041612155155,3,#fdae6b
seer_pan_train_tcga_test,Pan-cancer SEER only,SEER only,categorical,THCA,10,3.5M,3546920.0,seer_50pct,0.009066919490258183,-0.03298724883348255,3,#fdae6b
seer_pan_train_tcga_test,Pan-cancer SEER only,SEER only,categorical,THYM,0,Single-cancer TCGA,0.0,single_cancer_tcga_baseline,0.07566034299431998,0.0,2,#c7e9c0
seer_pan_train_tcga_test,Pan-cancer SEER only,SEER only,categorical,THYM,1,Pan-cancer TCGA,0.0,pan_cancer_tcga_baseline,0.1144659872106811,0.038805644216361124,2,#c7e9c0
seer_pan_train_tcga_test,Pan-cancer SEER only,SEER only,categorical,THYM,2,999,999.0,seer_n001k_00pct,0.031025974924822487,-0.04463436806949749,2,#c7e9c0
seer_pan_train_tcga_test,Pan-cancer SEER only,SEER only,categorical,THYM,3,3k,3001.0,seer_n003k_00pct,0.029386168867282146,-0.04627417412703784,2,#c7e9c0
seer_pan_train_tcga_test,Pan-cancer SEER only,SEER only,categorical,THYM,4,10k,9999.0,seer_n010k_00pct,0.029408287291102658,-0.04625205570321732,2,#c7e9c0
seer_pan_train_tcga_test,Pan-cancer SEER only,SEER only,categorical,THYM,5,35k,34999.0,seer_n035k_00pct,0.026202430785659626,-0.04945791220866035,2,#c7e9c0
seer_pan_train_tcga_test,Pan-cancer SEER only,SEER only,categorical,THYM,6,70.9k,70938.0,seer_01pct,0.034337917147960945,-0.041322425846359034,2,#c7e9c0
seer_pan_train_tcga_test,Pan-cancer SEER only,SEER only,categorical,THYM,7,354.7k,354693.0,seer_05pct,0.026897792070422255,-0.048762550923897724,2,#c7e9c0
seer_pan_train_tcga_test,Pan-cancer SEER only,SEER only,categorical,THYM,8,709.4k,709384.0,seer_10pct,0.02686995479696548,-0.0487903881973545,2,#c7e9c0
seer_pan_train_tcga_test,Pan-cancer SEER only,SEER only,categorical,THYM,9,1.4M,1418771.0,seer_20pct,0.03762112694381732,-0.03803921605050266,2,#c7e9c0
seer_pan_train_tcga_test,Pan-cancer SEER only,SEER only,categorical,THYM,10,3.5M,3546920.0,seer_50pct,0.030786685804023682,-0.0448736571902963,2,#c7e9c0
seer_pan_train_tcga_test,Pan-cancer SEER only,SEER only,categorical,UCEC,0,Single-cancer TCGA,0.0,single_cancer_tcga_baseline,0.15698959226967343,0.0,5,#fdd0a2
seer_pan_train_tcga_test,Pan-cancer SEER only,SEER only,categorical,UCEC,1,Pan-cancer TCGA,0.0,pan_cancer_tcga_baseline,0.06823309686078319,-0.08875649540889023,5,#fdd0a2
seer_pan_train_tcga_test,Pan-cancer SEER only,SEER only,categorical,UCEC,2,999,999.0,seer_n001k_00pct,0.04708337492848637,-0.10990621734118707,5,#fdd0a2
seer_pan_train_tcga_test,Pan-cancer SEER only,SEER only,categorical,UCEC,3,3k,3001.0,seer_n003k_00pct,0.045406336524092976,-0.11158325574558045,5,#fdd0a2
seer_pan_train_tcga_test,Pan-cancer SEER only,SEER only,categorical,UCEC,4,10k,9999.0,seer_n010k_00pct,0.04765930697205775,-0.10933028529761568,5,#fdd0a2
seer_pan_train_tcga_test,Pan-cancer SEER only,SEER only,categorical,UCEC,5,35k,34999.0,seer_n035k_00pct,0.041965562261689286,-0.11502403000798414,5,#fdd0a2
seer_pan_train_tcga_test,Pan-cancer SEER only,SEER only,categorical,UCEC,6,70.9k,70938.0,seer_01pct,0.041057494400783164,-0.11593209786889028,5,#fdd0a2
seer_pan_train_tcga_test,Pan-cancer SEER only,SEER only,categorical,UCEC,7,354.7k,354693.0,seer_05pct,0.04367093271487739,-0.11331865955479606,5,#fdd0a2
seer_pan_train_tcga_test,Pan-cancer SEER only,SEER only,categorical,UCEC,8,709.4k,709384.0,seer_10pct,0.04365515329125614,-0.1133344389784173,5,#fdd0a2
seer_pan_train_tcga_test,Pan-cancer SEER only,SEER only,categorical,UCEC,9,1.4M,1418771.0,seer_20pct,0.03899215021164361,-0.11799744205802982,5,#fdd0a2
seer_pan_train_tcga_test,Pan-cancer SEER only,SEER only,categorical,UCEC,10,3.5M,3546920.0,seer_50pct,0.0389639978100987,-0.11802559445957472,5,#fdd0a2
seer_pan_train_tcga_test,Pan-cancer SEER only,SEER only,categorical,UCS,0,Single-cancer TCGA,0.0,single_cancer_tcga_baseline,0.2131552137426757,0.0,5,#807dba
seer_pan_train_tcga_test,Pan-cancer SEER only,SEER only,categorical,UCS,1,Pan-cancer TCGA,0.0,pan_cancer_tcga_baseline,0.08233718220769969,-0.130818031534976,5,#807dba
seer_pan_train_tcga_test,Pan-cancer SEER only,SEER only,categorical,UCS,2,999,999.0,seer_n001k_00pct,0.07466252978911855,-0.13849268395355713,5,#807dba
seer_pan_train_tcga_test,Pan-cancer SEER only,SEER only,categorical,UCS,3,3k,3001.0,seer_n003k_00pct,0.07075909030411151,-0.1423961234385642,5,#807dba
seer_pan_train_tcga_test,Pan-cancer SEER only,SEER only,categorical,UCS,4,10k,9999.0,seer_n010k_00pct,0.08533749507343849,-0.12781771866923725,5,#807dba
seer_pan_train_tcga_test,Pan-cancer SEER only,SEER only,categorical,UCS,5,35k,34999.0,seer_n035k_00pct,0.09782958043769592,-0.1153256333049798,5,#807dba
seer_pan_train_tcga_test,Pan-cancer SEER only,SEER only,categorical,UCS,6,70.9k,70938.0,seer_01pct,0.09494674583497616,-0.11820846790769957,5,#807dba
seer_pan_train_tcga_test,Pan-cancer SEER only,SEER only,categorical,UCS,7,354.7k,354693.0,seer_05pct,0.09623201175930213,-0.11692320198337358,5,#807dba
seer_pan_train_tcga_test,Pan-cancer SEER only,SEER only,categorical,UCS,8,709.4k,709384.0,seer_10pct,0.11010496995190175,-0.10305024379077399,5,#807dba
seer_pan_train_tcga_test,Pan-cancer SEER only,SEER only,categorical,UCS,9,1.4M,1418771.0,seer_20pct,0.0932160005217006,-0.11993921322097512,5,#807dba
seer_pan_train_tcga_test,Pan-cancer SEER only,SEER only,categorical,UCS,10,3.5M,3546920.0,seer_50pct,0.08849044720643533,-0.1246647665362404,5,#807dba
seer_pan_train_tcga_test,Pan-cancer SEER only,SEER only,categorical,UVM,0,Single-cancer TCGA,0.0,single_cancer_tcga_baseline,0.1699315826940292,0.0,4,#b15928
seer_pan_train_tcga_test,Pan-cancer SEER only,SEER only,categorical,UVM,1,Pan-cancer TCGA,0.0,pan_cancer_tcga_baseline,0.027523545529613704,-0.14240803716441552,4,#b15928
seer_pan_train_tcga_test,Pan-cancer SEER only,SEER only,categorical,UVM,2,999,999.0,seer_n001k_00pct,0.05127583922014457,-0.11865574347388463,4,#b15928
seer_pan_train_tcga_test,Pan-cancer SEER only,SEER only,categorical,UVM,3,3k,3001.0,seer_n003k_00pct,0.027126829181016762,-0.14280475351301244,4,#b15928
seer_pan_train_tcga_test,Pan-cancer SEER only,SEER only,categorical,UVM,4,10k,9999.0,seer_n010k_00pct,0.03683975933546717,-0.13309182335856204,4,#b15928
seer_pan_train_tcga_test,Pan-cancer SEER only,SEER only,categorical,UVM,5,35k,34999.0,seer_n035k_00pct,0.057860340746605246,-0.11207124194742396,4,#b15928
seer_pan_train_tcga_test,Pan-cancer SEER only,SEER only,categorical,UVM,6,70.9k,70938.0,seer_01pct,0.059721561942125995,-0.11021002075190321,4,#b15928
seer_pan_train_tcga_test,Pan-cancer SEER only,SEER only,categorical,UVM,7,354.7k,354693.0,seer_05pct,0.04282821223041332,-0.1271033704636159,4,#b15928
seer_pan_train_tcga_test,Pan-cancer SEER only,SEER only,categorical,UVM,8,709.4k,709384.0,seer_10pct,0.05592634083819965,-0.11400524185582955,4,#b15928
seer_pan_train_tcga_test,Pan-cancer SEER only,SEER only,categorical,UVM,9,1.4M,1418771.0,seer_20pct,0.05668354385790379,-0.11324803883612541,4,#b15928
seer_pan_train_tcga_test,Pan-cancer SEER only,SEER only,categorical,UVM,10,3.5M,3546920.0,seer_50pct,0.03545201348109918,-0.13447956921293003,4,#b15928
seer_same_family_train_tcga_test,Family-restricted SEER only,SEER only,categorical,ACC,0,Single-cancer TCGA,0.0,single_cancer_tcga_baseline,0.13019362466347986,0.0,5,#1f77b4
seer_same_family_train_tcga_test,Family-restricted SEER only,SEER only,categorical,ACC,1,Pan-cancer TCGA,0.0,pan_cancer_tcga_baseline,0.210882138673818,0.08068851401033819,5,#1f77b4
seer_same_family_train_tcga_test,Family-restricted SEER only,SEER only,categorical,ACC,2,0.6%,1000.0,seer_n001k_00pct,0.07049600569770549,-0.05969761896577436,5,#1f77b4
seer_same_family_train_tcga_test,Family-restricted SEER only,SEER only,categorical,ACC,3,1.7%,3000.0,seer_n003k_00pct,0.06826414515416798,-0.061929479509311866,5,#1f77b4
seer_same_family_train_tcga_test,Family-restricted SEER only,SEER only,categorical,ACC,4,2%,50.0,seer_01pct,0.16668463082385743,0.03649100616037757,5,#1f77b4
seer_same_family_train_tcga_test,Family-restricted SEER only,SEER only,categorical,ACC,5,10%,251.0,seer_05pct,0.08119594698812097,-0.04899767767535889,5,#1f77b4
seer_same_family_train_tcga_test,Family-restricted SEER only,SEER only,categorical,ACC,6,20%,501.0,seer_10pct,0.08270482855237708,-0.04748879611110277,5,#1f77b4
seer_same_family_train_tcga_test,Family-restricted SEER only,SEER only,categorical,ACC,7,40%,1003.0,seer_20pct,0.08174343176126386,-0.048450192902215986,5,#1f77b4
seer_same_family_train_tcga_test,Family-restricted SEER only,SEER only,categorical,ACC,8,100%,2507.0,seer_50pct,0.06453692820808589,-0.06565669645539396,5,#1f77b4
seer_same_family_train_tcga_test,Family-restricted SEER only,SEER only,categorical,BLCA,0,Single-cancer TCGA,0.0,single_cancer_tcga_baseline,0.18769773132151082,0.0,5,#ff7f0e
seer_same_family_train_tcga_test,Family-restricted SEER only,SEER only,categorical,BLCA,1,Pan-cancer TCGA,0.0,pan_cancer_tcga_baseline,0.08063920294856547,-0.10705852837294536,5,#ff7f0e
seer_same_family_train_tcga_test,Family-restricted SEER only,SEER only,categorical,BLCA,2,0.6%,1000.0,seer_n001k_00pct,0.05854849197848466,-0.12914923934302616,5,#ff7f0e
seer_same_family_train_tcga_test,Family-restricted SEER only,SEER only,categorical,BLCA,3,1.7%,3000.0,seer_n003k_00pct,0.05508831441323133,-0.1326094169082795,5,#ff7f0e
seer_same_family_train_tcga_test,Family-restricted SEER only,SEER only,categorical,BLCA,4,2%,5220.0,seer_01pct,0.05424015730940317,-0.13345757401210764,5,#ff7f0e
seer_same_family_train_tcga_test,Family-restricted SEER only,SEER only,categorical,BLCA,5,4.5%,10000.0,seer_n010k_00pct,0.05085811217116452,-0.13683961915034631,5,#ff7f0e
seer_same_family_train_tcga_test,Family-restricted SEER only,SEER only,categorical,BLCA,6,10%,26101.0,seer_05pct,0.05035709746868715,-0.13734063385282366,5,#ff7f0e
seer_same_family_train_tcga_test,Family-restricted SEER only,SEER only,categorical,BLCA,7,16%,35000.0,seer_n035k_00pct,0.04880058071174799,-0.13889715060976285,5,#ff7f0e
seer_same_family_train_tcga_test,Family-restricted SEER only,SEER only,categorical,BLCA,8,20%,52202.0,seer_10pct,0.048037455179068156,-0.13966027614244267,5,#ff7f0e
seer_same_family_train_tcga_test,Family-restricted SEER only,SEER only,categorical,BLCA,9,40%,104404.0,seer_20pct,0.0493437661043332,-0.13835396521717763,5,#ff7f0e
seer_same_family_train_tcga_test,Family-restricted SEER only,SEER only,categorical,BLCA,10,100%,261010.0,seer_50pct,0.048287357212895926,-0.1394103741086149,5,#ff7f0e
seer_same_family_train_tcga_test,Family-restricted SEER only,SEER only,categorical,BRCA,0,Single-cancer TCGA,0.0,single_cancer_tcga_baseline,0.15702010993520168,0.0,5,#2ca02c
seer_same_family_train_tcga_test,Family-restricted SEER only,SEER only,categorical,BRCA,1,Pan-cancer TCGA,0.0,pan_cancer_tcga_baseline,0.08906118124611254,-0.06795892868908915,5,#2ca02c
seer_same_family_train_tcga_test,Family-restricted SEER only,SEER only,categorical,BRCA,2,0.6%,1000.0,seer_n001k_00pct,0.05563284788311017,-0.1013872620520915,5,#2ca02c
seer_same_family_train_tcga_test,Family-restricted SEER only,SEER only,categorical,BRCA,3,1.7%,3000.0,seer_n003k_00pct,0.059607273037969886,-0.09741283689723179,5,#2ca02c
seer_same_family_train_tcga_test,Family-restricted SEER only,SEER only,categorical,BRCA,4,2%,11308.0,seer_01pct,0.05398826814216183,-0.10303184179303986,5,#2ca02c
seer_same_family_train_tcga_test,Family-restricted SEER only,SEER only,categorical,BRCA,5,4.5%,10000.0,seer_n010k_00pct,0.053883102815503715,-0.10313700711969798,5,#2ca02c
seer_same_family_train_tcga_test,Family-restricted SEER only,SEER only,categorical,BRCA,6,10%,56540.0,seer_05pct,0.05318823782318756,-0.10383187211201413,5,#2ca02c
seer_same_family_train_tcga_test,Family-restricted SEER only,SEER only,categorical,BRCA,7,16%,35000.0,seer_n035k_00pct,0.05348312638532313,-0.10353698354987854,5,#2ca02c
seer_same_family_train_tcga_test,Family-restricted SEER only,SEER only,categorical,BRCA,8,20%,113080.0,seer_10pct,0.05168363582146725,-0.10533647411373445,5,#2ca02c
seer_same_family_train_tcga_test,Family-restricted SEER only,SEER only,categorical,BRCA,9,40%,226160.0,seer_20pct,0.051536799600718795,-0.10548331033448288,5,#2ca02c
seer_same_family_train_tcga_test,Family-restricted SEER only,SEER only,categorical,BRCA,10,100%,565400.0,seer_50pct,0.053360808317517924,-0.10365930161768375,5,#2ca02c
seer_same_family_train_tcga_test,Family-restricted SEER only,SEER only,categorical,CESC,0,Single-cancer TCGA,0.0,single_cancer_tcga_baseline,0.20832889945955496,0.0,5,#d62728
seer_same_family_train_tcga_test,Family-restricted SEER only,SEER only,categorical,CESC,1,Pan-cancer TCGA,0.0,pan_cancer_tcga_baseline,0.157951066073296,-0.05037783338625893,5,#d62728
seer_same_family_train_tcga_test,Family-restricted SEER only,SEER only,categorical,CESC,2,0.6%,1000.0,seer_n001k_00pct,0.08437215882751632,-0.12395674063203863,5,#d62728
seer_same_family_train_tcga_test,Family-restricted SEER only,SEER only,categorical,CESC,3,1.7%,3000.0,seer_n003k_00pct,0.0771812026919704,-0.13114769676758453,5,#d62728
seer_same_family_train_tcga_test,Family-restricted SEER only,SEER only,categorical,CESC,4,2%,4453.0,seer_01pct,0.0809192819194495,-0.12740961754010544,5,#d62728
seer_same_family_train_tcga_test,Family-restricted SEER only,SEER only,categorical,CESC,5,4.5%,10000.0,seer_n010k_00pct,0.08551283913617207,-0.12281606032338285,5,#d62728
seer_same_family_train_tcga_test,Family-restricted SEER only,SEER only,categorical,CESC,6,10%,22263.0,seer_05pct,0.08098245912999921,-0.12734644032955572,5,#d62728
seer_same_family_train_tcga_test,Family-restricted SEER only,SEER only,categorical,CESC,7,16%,35000.0,seer_n035k_00pct,0.08191362660100014,-0.12641527285855478,5,#d62728
seer_same_family_train_tcga_test,Family-restricted SEER only,SEER only,categorical,CESC,8,20%,44526.0,seer_10pct,0.08181813834130455,-0.12651076111825038,5,#d62728
seer_same_family_train_tcga_test,Family-restricted SEER only,SEER only,categorical,CESC,9,40%,89052.0,seer_20pct,0.0808470623797394,-0.12748183707981553,5,#d62728
seer_same_family_train_tcga_test,Family-restricted SEER only,SEER only,categorical,CESC,10,100%,222630.0,seer_50pct,0.07972088414493647,-0.12860801531461846,5,#d62728
seer_same_family_train_tcga_test,Family-restricted SEER only,SEER only,categorical,CHOL,0,Single-cancer TCGA,0.0,single_cancer_tcga_baseline,0.29743321998166006,0.0,4,#9467bd
seer_same_family_train_tcga_test,Family-restricted SEER only,SEER only,categorical,CHOL,1,Pan-cancer TCGA,0.0,pan_cancer_tcga_baseline,0.04088116244196037,-0.2565520575396997,4,#9467bd
seer_same_family_train_tcga_test,Family-restricted SEER only,SEER only,categorical,CHOL,2,0.6%,1000.0,seer_n001k_00pct,0.054090310527438346,-0.2433429094542217,4,#9467bd
seer_same_family_train_tcga_test,Family-restricted SEER only,SEER only,categorical,CHOL,3,1.7%,3000.0,seer_n003k_00pct,0.059986415819318614,-0.23744680416234143,4,#9467bd
seer_same_family_train_tcga_test,Family-restricted SEER only,SEER only,categorical,CHOL,4,2%,1633.0,seer_01pct,0.05731683264347609,-0.24011638733818397,4,#9467bd
seer_same_family_train_tcga_test,Family-restricted SEER only,SEER only,categorical,CHOL,5,4.5%,10000.0,seer_n010k_00pct,0.05424244698831383,-0.2431907729933462,4,#9467bd
seer_same_family_train_tcga_test,Family-restricted SEER only,SEER only,categorical,CHOL,6,10%,8167.0,seer_05pct,0.056998020782626134,-0.2404351991990339,4,#9467bd
seer_same_family_train_tcga_test,Family-restricted SEER only,SEER only,categorical,CHOL,7,16%,35000.0,seer_n035k_00pct,0.05562885825747679,-0.24180436172418324,4,#9467bd
seer_same_family_train_tcga_test,Family-restricted SEER only,SEER only,categorical,CHOL,8,20%,16335.0,seer_10pct,0.05261118063913772,-0.24482203934252234,4,#9467bd
seer_same_family_train_tcga_test,Family-restricted SEER only,SEER only,categorical,CHOL,9,40%,32669.0,seer_20pct,0.052719259829484506,-0.24471396015217556,4,#9467bd
seer_same_family_train_tcga_test,Family-restricted SEER only,SEER only,categorical,CHOL,10,100%,81674.0,seer_50pct,0.05205156351609412,-0.24538165646556592,4,#9467bd
seer_same_family_train_tcga_test,Family-restricted SEER only,SEER only,categorical,COAD,0,Single-cancer TCGA,0.0,single_cancer_tcga_baseline,0.19789065085078533,0.0,5,#8c564b
seer_same_family_train_tcga_test,Family-restricted SEER only,SEER only,categorical,COAD,1,Pan-cancer TCGA,0.0,pan_cancer_tcga_baseline,0.052804861016414274,-0.14508578983437107,5,#8c564b
seer_same_family_train_tcga_test,Family-restricted SEER only,SEER only,categorical,COAD,2,0.6%,1000.0,seer_n001k_00pct,0.03646735973921199,-0.16142329111157339,5,#8c564b
seer_same_family_train_tcga_test,Family-restricted SEER only,SEER only,categorical,COAD,3,1.7%,3000.0,seer_n003k_00pct,0.03710751637048275,-0.16078313448030263,5,#8c564b
seer_same_family_train_tcga_test,Family-restricted SEER only,SEER only,categorical,COAD,4,2%,6725.0,seer_01pct,0.037693380536879165,-0.1601972703139062,5,#8c564b
seer_same_family_train_tcga_test,Family-restricted SEER only,SEER only,categorical,COAD,5,4.5%,10000.0,seer_n010k_00pct,0.036144715026914236,-0.16174593582387115,5,#8c564b
seer_same_family_train_tcga_test,Family-restricted SEER only,SEER only,categorical,COAD,6,10%,33627.0,seer_05pct,0.03832507816209766,-0.1595655726886877,5,#8c564b
seer_same_family_train_tcga_test,Family-restricted SEER only,SEER only,categorical,COAD,7,16%,35000.0,seer_n035k_00pct,0.0379105269989712,-0.15998012385181418,5,#8c564b
seer_same_family_train_tcga_test,Family-restricted SEER only,SEER only,categorical,COAD,8,20%,67255.0,seer_10pct,0.03637135778086166,-0.1615192930699237,5,#8c564b
seer_same_family_train_tcga_test,Family-restricted SEER only,SEER only,categorical,COAD,9,40%,134510.0,seer_20pct,0.03756226889383139,-0.16032838195695395,5,#8c564b
seer_same_family_train_tcga_test,Family-restricted SEER only,SEER only,categorical,COAD,10,100%,336274.0,seer_50pct,0.03852047904612933,-0.159370171804656,5,#8c564b
seer_same_family_train_tcga_test,Family-restricted SEER only,SEER only,categorical,DLBC,0,Single-cancer TCGA,0.0,single_cancer_tcga_baseline,0.18958032099060812,0.0,2,#e377c2
seer_same_family_train_tcga_test,Family-restricted SEER only,SEER only,categorical,DLBC,1,Pan-cancer TCGA,0.0,pan_cancer_tcga_baseline,0.3012735921309907,0.11169327114038256,2,#e377c2
seer_same_family_train_tcga_test,Family-restricted SEER only,SEER only,categorical,DLBC,2,0.6%,1000.0,seer_n001k_00pct,0.09531277477209915,-0.09426754621850895,2,#e377c2
seer_same_family_train_tcga_test,Family-restricted SEER only,SEER only,categorical,DLBC,3,1.7%,3000.0,seer_n003k_00pct,0.09166038303395012,-0.09791993795665799,2,#e377c2
seer_same_family_train_tcga_test,Family-restricted SEER only,SEER only,categorical,DLBC,4,2%,3349.0,seer_01pct,0.09318067871752508,-0.09639964227308304,2,#e377c2
seer_same_family_train_tcga_test,Family-restricted SEER only,SEER only,categorical,DLBC,5,4.5%,10000.0,seer_n010k_00pct,0.08712726057960792,-0.10245306041100019,2,#e377c2
seer_same_family_train_tcga_test,Family-restricted SEER only,SEER only,categorical,DLBC,6,10%,16744.0,seer_05pct,0.08831938949918937,-0.10126093149141874,2,#e377c2
seer_same_family_train_tcga_test,Family-restricted SEER only,SEER only,categorical,DLBC,7,16%,35000.0,seer_n035k_00pct,0.09069253129237503,-0.09888778969823306,2,#e377c2
seer_same_family_train_tcga_test,Family-restricted SEER only,SEER only,categorical,DLBC,8,20%,33489.0,seer_10pct,0.09021982204581329,-0.09936049894479482,2,#e377c2
seer_same_family_train_tcga_test,Family-restricted SEER only,SEER only,categorical,DLBC,9,40%,66978.0,seer_20pct,0.0892862670751739,-0.10029405391543422,2,#e377c2
seer_same_family_train_tcga_test,Family-restricted SEER only,SEER only,categorical,DLBC,10,100%,167444.0,seer_50pct,0.08650097948914455,-0.10307934150146356,2,#e377c2
seer_same_family_train_tcga_test,Family-restricted SEER only,SEER only,categorical,ESCA,0,Single-cancer TCGA,0.0,single_cancer_tcga_baseline,0.17158701151986538,0.0,5,#7f7f7f
seer_same_family_train_tcga_test,Family-restricted SEER only,SEER only,categorical,ESCA,1,Pan-cancer TCGA,0.0,pan_cancer_tcga_baseline,0.02891180251748149,-0.1426752090023839,5,#7f7f7f
seer_same_family_train_tcga_test,Family-restricted SEER only,SEER only,categorical,ESCA,2,0.6%,1000.0,seer_n001k_00pct,0.07555015772423165,-0.09603685379563374,5,#7f7f7f
seer_same_family_train_tcga_test,Family-restricted SEER only,SEER only,categorical,ESCA,3,1.7%,3000.0,seer_n003k_00pct,0.05479523522753919,-0.11679177629232622,5,#7f7f7f
seer_same_family_train_tcga_test,Family-restricted SEER only,SEER only,categorical,ESCA,4,2%,2020.0,seer_01pct,0.05463069312782339,-0.11695631839204201,5,#7f7f7f
seer_same_family_train_tcga_test,Family-restricted SEER only,SEER only,categorical,ESCA,5,4.5%,10000.0,seer_n010k_00pct,0.05507597834010197,-0.11651103317976345,5,#7f7f7f
seer_same_family_train_tcga_test,Family-restricted SEER only,SEER only,categorical,ESCA,6,10%,10098.0,seer_05pct,0.04431998197916711,-0.1272670295406983,5,#7f7f7f
seer_same_family_train_tcga_test,Family-restricted SEER only,SEER only,categorical,ESCA,7,16%,35000.0,seer_n035k_00pct,0.03892292498094662,-0.13266408653891879,5,#7f7f7f
seer_same_family_train_tcga_test,Family-restricted SEER only,SEER only,categorical,ESCA,8,20%,20196.0,seer_10pct,0.04236821011885817,-0.12921880140100725,5,#7f7f7f
seer_same_family_train_tcga_test,Family-restricted SEER only,SEER only,categorical,ESCA,9,40%,40391.0,seer_20pct,0.03958005146821724,-0.13200696005164816,5,#7f7f7f
seer_same_family_train_tcga_test,Family-restricted SEER only,SEER only,categorical,ESCA,10,100%,100978.0,seer_50pct,0.03998937759109635,-0.13159763392876905,5,#7f7f7f
seer_same_family_train_tcga_test,Family-restricted SEER only,SEER only,categorical,GBM,0,Single-cancer TCGA,0.0,single_cancer_tcga_baseline,0.07419544391772423,0.0,5,#bcbd22
seer_same_family_train_tcga_test,Family-restricted SEER only,SEER only,categorical,GBM,1,Pan-cancer TCGA,0.0,pan_cancer_tcga_baseline,0.04097211340032407,-0.03322333051740016,5,#bcbd22
seer_same_family_train_tcga_test,Family-restricted SEER only,SEER only,categorical,GBM,2,0.6%,1000.0,seer_n001k_00pct,0.07041930748052055,-0.003776136437203674,5,#bcbd22
seer_same_family_train_tcga_test,Family-restricted SEER only,SEER only,categorical,GBM,3,1.7%,3000.0,seer_n003k_00pct,0.06994886158016182,-0.004246582337562405,5,#bcbd22
seer_same_family_train_tcga_test,Family-restricted SEER only,SEER only,categorical,GBM,4,2%,1010.0,seer_01pct,0.06497424978871492,-0.009221194129009316,5,#bcbd22
seer_same_family_train_tcga_test,Family-restricted SEER only,SEER only,categorical,GBM,5,4.5%,10000.0,seer_n010k_00pct,0.09838711045808295,0.024191666540358724,5,#bcbd22
seer_same_family_train_tcga_test,Family-restricted SEER only,SEER only,categorical,GBM,6,10%,5052.0,seer_05pct,0.0740857627637593,-0.00010968115396491063,5,#bcbd22
seer_same_family_train_tcga_test,Family-restricted SEER only,SEER only,categorical,GBM,7,16%,35000.0,seer_n035k_00pct,0.08525552210488971,0.011060078187165475,5,#bcbd22
seer_same_family_train_tcga_test,Family-restricted SEER only,SEER only,categorical,GBM,8,20%,10104.0,seer_10pct,0.12651496969494075,0.05231952577721655,5,#bcbd22
seer_same_family_train_tcga_test,Family-restricted SEER only,SEER only,categorical,GBM,9,40%,20207.0,seer_20pct,0.0928156243350012,0.018620180417276963,5,#bcbd22
seer_same_family_train_tcga_test,Family-restricted SEER only,SEER only,categorical,GBM,10,100%,50518.0,seer_50pct,0.07472597071668105,0.0005305267989568236,5,#bcbd22
seer_same_family_train_tcga_test,Family-restricted SEER only,SEER only,categorical,HNSC,0,Single-cancer TCGA,0.0,single_cancer_tcga_baseline,0.17671435433196686,0.0,5,#17becf
seer_same_family_train_tcga_test,Family-restricted SEER only,SEER only,categorical,HNSC,1,Pan-cancer TCGA,0.0,pan_cancer_tcga_baseline,0.14361680571973418,-0.033097548612232686,5,#17becf
seer_same_family_train_tcga_test,Family-restricted SEER only,SEER only,categorical,HNSC,2,0.6%,1000.0,seer_n001k_00pct,0.07327681216551889,-0.10343754216644796,5,#17becf
seer_same_family_train_tcga_test,Family-restricted SEER only,SEER only,categorical,HNSC,3,1.7%,3000.0,seer_n003k_00pct,0.07920338951460801,-0.09751096481735884,5,#17becf
seer_same_family_train_tcga_test,Family-restricted SEER only,SEER only,categorical,HNSC,4,2%,2369.0,seer_01pct,0.07911775849838928,-0.09759659583357755,5,#17becf
seer_same_family_train_tcga_test,Family-restricted SEER only,SEER only,categorical,HNSC,5,4.5%,10000.0,seer_n010k_00pct,0.07605764108358176,-0.1006567132483851,5,#17becf
seer_same_family_train_tcga_test,Family-restricted SEER only,SEER only,categorical,HNSC,6,10%,11843.0,seer_05pct,0.0720596862066258,-0.10465466812534105,5,#17becf
seer_same_family_train_tcga_test,Family-restricted SEER only,SEER only,categorical,HNSC,7,16%,35000.0,seer_n035k_00pct,0.06777497002048952,-0.10893938431147734,5,#17becf
seer_same_family_train_tcga_test,Family-restricted SEER only,SEER only,categorical,HNSC,8,20%,23685.0,seer_10pct,0.06725887455509796,-0.10945547977686887,5,#17becf
seer_same_family_train_tcga_test,Family-restricted SEER only,SEER only,categorical,HNSC,9,40%,47370.0,seer_20pct,0.0710874773137448,-0.10562687701822204,5,#17becf
seer_same_family_train_tcga_test,Family-restricted SEER only,SEER only,categorical,HNSC,10,100%,118426.0,seer_50pct,0.06767137940237848,-0.10904297492958834,5,#17becf
seer_same_family_train_tcga_test,Family-restricted SEER only,SEER only,categorical,KICH,0,Single-cancer TCGA,0.0,single_cancer_tcga_baseline,0.09220573582640403,0.0,2,#393b79
seer_same_family_train_tcga_test,Family-restricted SEER only,SEER only,categorical,KICH,1,Pan-cancer TCGA,0.0,pan_cancer_tcga_baseline,0.1120370059994367,0.019831270173032677,2,#393b79
seer_same_family_train_tcga_test,Family-restricted SEER only,SEER only,categorical,KICH,2,0.6%,1000.0,seer_n001k_00pct,0.039059761451847655,-0.05314597437455637,2,#393b79
seer_same_family_train_tcga_test,Family-restricted SEER only,SEER only,categorical,KICH,3,1.7%,3000.0,seer_n003k_00pct,0.0417156852013418,-0.05049005062506222,2,#393b79
seer_same_family_train_tcga_test,Family-restricted SEER only,SEER only,categorical,KICH,4,2%,5220.0,seer_01pct,0.04004014899569125,-0.052165586830712776,2,#393b79
seer_same_family_train_tcga_test,Family-restricted SEER only,SEER only,categorical,KICH,5,4.5%,10000.0,seer_n010k_00pct,0.03268634166006494,-0.059519394166339085,2,#393b79
seer_same_family_train_tcga_test,Family-restricted SEER only,SEER only,categorical,KICH,6,10%,26101.0,seer_05pct,0.02921924574525142,-0.0629864900811526,2,#393b79
seer_same_family_train_tcga_test,Family-restricted SEER only,SEER only,categorical,KICH,7,16%,35000.0,seer_n035k_00pct,0.028942571631866018,-0.06326316419453801,2,#393b79
seer_same_family_train_tcga_test,Family-restricted SEER only,SEER only,categorical,KICH,8,20%,52202.0,seer_10pct,0.028543831834541088,-0.06366190399186294,2,#393b79
seer_same_family_train_tcga_test,Family-restricted SEER only,SEER only,categorical,KICH,9,40%,104404.0,seer_20pct,0.028489534766151292,-0.06371620106025273,2,#393b79
seer_same_family_train_tcga_test,Family-restricted SEER only,SEER only,categorical,KICH,10,100%,261010.0,seer_50pct,0.02829526648845937,-0.06391046933794466,2,#393b79
seer_same_family_train_tcga_test,Family-restricted SEER only,SEER only,categorical,KIRC,0,Single-cancer TCGA,0.0,single_cancer_tcga_baseline,0.12842819576082887,0.0,5,#637939
seer_same_family_train_tcga_test,Family-restricted SEER only,SEER only,categorical,KIRC,1,Pan-cancer TCGA,0.0,pan_cancer_tcga_baseline,0.07729492052761536,-0.05113327523321352,5,#637939
seer_same_family_train_tcga_test,Family-restricted SEER only,SEER only,categorical,KIRC,2,0.6%,1000.0,seer_n001k_00pct,0.06567732692106164,-0.06275086883976724,5,#637939
seer_same_family_train_tcga_test,Family-restricted SEER only,SEER only,categorical,KIRC,3,1.7%,3000.0,seer_n003k_00pct,0.06303320090425205,-0.06539499485657681,5,#637939
seer_same_family_train_tcga_test,Family-restricted SEER only,SEER only,categorical,KIRC,4,2%,5220.0,seer_01pct,0.0626435662019875,-0.06578462955884137,5,#637939
seer_same_family_train_tcga_test,Family-restricted SEER only,SEER only,categorical,KIRC,5,4.5%,10000.0,seer_n010k_00pct,0.05675338257372494,-0.07167481318710392,5,#637939
seer_same_family_train_tcga_test,Family-restricted SEER only,SEER only,categorical,KIRC,6,10%,26101.0,seer_05pct,0.05830282042457966,-0.07012537533624921,5,#637939
seer_same_family_train_tcga_test,Family-restricted SEER only,SEER only,categorical,KIRC,7,16%,35000.0,seer_n035k_00pct,0.057291385252330074,-0.07113681050849878,5,#637939
seer_same_family_train_tcga_test,Family-restricted SEER only,SEER only,categorical,KIRC,8,20%,52202.0,seer_10pct,0.05604600451255676,-0.07238219124827212,5,#637939
seer_same_family_train_tcga_test,Family-restricted SEER only,SEER only,categorical,KIRC,9,40%,104404.0,seer_20pct,0.05745503411336905,-0.07097316164745981,5,#637939
seer_same_family_train_tcga_test,Family-restricted SEER only,SEER only,categorical,KIRC,10,100%,261010.0,seer_50pct,0.05858154715129037,-0.0698466486095385,5,#637939
seer_same_family_train_tcga_test,Family-restricted SEER only,SEER only,categorical,KIRP,0,Single-cancer TCGA,0.0,single_cancer_tcga_baseline,0.16245695200985902,0.0,5,#8c6d31
seer_same_family_train_tcga_test,Family-restricted SEER only,SEER only,categorical,KIRP,1,Pan-cancer TCGA,0.0,pan_cancer_tcga_baseline,0.07027924757966211,-0.09217770443019689,5,#8c6d31
seer_same_family_train_tcga_test,Family-restricted SEER only,SEER only,categorical,KIRP,2,0.6%,1000.0,seer_n001k_00pct,0.042115057301791346,-0.12034189470806766,5,#8c6d31
seer_same_family_train_tcga_test,Family-restricted SEER only,SEER only,categorical,KIRP,3,1.7%,3000.0,seer_n003k_00pct,0.03473560035646926,-0.12772135165338977,5,#8c6d31
seer_same_family_train_tcga_test,Family-restricted SEER only,SEER only,categorical,KIRP,4,2%,5220.0,seer_01pct,0.034390067870392296,-0.12806688413946674,5,#8c6d31
seer_same_family_train_tcga_test,Family-restricted SEER only,SEER only,categorical,KIRP,5,4.5%,10000.0,seer_n010k_00pct,0.03461552521940147,-0.12784142679045754,5,#8c6d31
seer_same_family_train_tcga_test,Family-restricted SEER only,SEER only,categorical,KIRP,6,10%,26101.0,seer_05pct,0.034460799885083666,-0.1279961521247754,5,#8c6d31
seer_same_family_train_tcga_test,Family-restricted SEER only,SEER only,categorical,KIRP,7,16%,35000.0,seer_n035k_00pct,0.035600422229119646,-0.12685652978073936,5,#8c6d31
seer_same_family_train_tcga_test,Family-restricted SEER only,SEER only,categorical,KIRP,8,20%,52202.0,seer_10pct,0.03225114161341995,-0.13020581039643908,5,#8c6d31
seer_same_family_train_tcga_test,Family-restricted SEER only,SEER only,categorical,KIRP,9,40%,104404.0,seer_20pct,0.03301349003060417,-0.12944346197925488,5,#8c6d31
seer_same_family_train_tcga_test,Family-restricted SEER only,SEER only,categorical,KIRP,10,100%,261010.0,seer_50pct,0.034170688744122116,-0.12828626326573692,5,#8c6d31
seer_same_family_train_tcga_test,Family-restricted SEER only,SEER only,categorical,LAML,0,Single-cancer TCGA,0.0,single_cancer_tcga_baseline,0.2096926347099058,0.0,5,#843c39
seer_same_family_train_tcga_test,Family-restricted SEER only,SEER only,categorical,LAML,1,Pan-cancer TCGA,0.0,pan_cancer_tcga_baseline,0.04381787565790583,-0.16587475905199994,5,#843c39
seer_same_family_train_tcga_test,Family-restricted SEER only,SEER only,categorical,LAML,2,0.6%,1000.0,seer_n001k_00pct,0.14742645538494775,-0.06226617932495802,5,#843c39
seer_same_family_train_tcga_test,Family-restricted SEER only,SEER only,categorical,LAML,3,1.7%,3000.0,seer_n003k_00pct,0.11137869951692894,-0.09831393519297682,5,#843c39
seer_same_family_train_tcga_test,Family-restricted SEER only,SEER only,categorical,LAML,4,2%,1953.0,seer_01pct,0.07528114275733352,-0.13441149195257224,5,#843c39
seer_same_family_train_tcga_test,Family-restricted SEER only,SEER only,categorical,LAML,5,4.5%,10000.0,seer_n010k_00pct,0.1026946048826161,-0.10699802982728968,5,#843c39
seer_same_family_train_tcga_test,Family-restricted SEER only,SEER only,categorical,LAML,6,10%,9765.0,seer_05pct,0.14015154896394733,-0.06954108574595844,5,#843c39
seer_same_family_train_tcga_test,Family-restricted SEER only,SEER only,categorical,LAML,7,16%,35000.0,seer_n035k_00pct,0.10778943524565213,-0.10190319946425364,5,#843c39
seer_same_family_train_tcga_test,Family-restricted SEER only,SEER only,categorical,LAML,8,20%,19531.0,seer_10pct,0.11576615811162656,-0.09392647659827918,5,#843c39
seer_same_family_train_tcga_test,Family-restricted SEER only,SEER only,categorical,LAML,9,40%,39062.0,seer_20pct,0.10697731701779001,-0.10271531769211577,5,#843c39
seer_same_family_train_tcga_test,Family-restricted SEER only,SEER only,categorical,LAML,10,100%,97654.0,seer_50pct,0.11876350790169676,-0.090929126808209,5,#843c39
seer_same_family_train_tcga_test,Family-restricted SEER only,SEER only,categorical,LGG,0,Single-cancer TCGA,0.0,single_cancer_tcga_baseline,0.1740875524739498,0.0,5,#7b4173
seer_same_family_train_tcga_test,Family-restricted SEER only,SEER only,categorical,LGG,1,Pan-cancer TCGA,0.0,pan_cancer_tcga_baseline,0.12606902186318314,-0.04801853061076666,5,#7b4173
seer_same_family_train_tcga_test,Family-restricted SEER only,SEER only,categorical,LGG,2,0.6%,1000.0,seer_n001k_00pct,0.05438866156510206,-0.11969889090884774,5,#7b4173
seer_same_family_train_tcga_test,Family-restricted SEER only,SEER only,categorical,LGG,3,1.7%,3000.0,seer_n003k_00pct,0.04960339180609706,-0.12448416066785276,5,#7b4173
seer_same_family_train_tcga_test,Family-restricted SEER only,SEER only,categorical,LGG,4,2%,1010.0,seer_01pct,0.0593682217852863,-0.1147193306886635,5,#7b4173
seer_same_family_train_tcga_test,Family-restricted SEER only,SEER only,categorical,LGG,5,4.5%,10000.0,seer_n010k_00pct,0.04233623241392241,-0.13175132006002738,5,#7b4173
seer_same_family_train_tcga_test,Family-restricted SEER only,SEER only,categorical,LGG,6,10%,5052.0,seer_05pct,0.042643977201696465,-0.1314435752722533,5,#7b4173
seer_same_family_train_tcga_test,Family-restricted SEER only,SEER only,categorical,LGG,7,16%,35000.0,seer_n035k_00pct,0.040462008615282104,-0.1336255438586677,5,#7b4173
seer_same_family_train_tcga_test,Family-restricted SEER only,SEER only,categorical,LGG,8,20%,10104.0,seer_10pct,0.04272278683692036,-0.13136476563702942,5,#7b4173
seer_same_family_train_tcga_test,Family-restricted SEER only,SEER only,categorical,LGG,9,40%,20207.0,seer_20pct,0.04161506810376644,-0.13247248437018336,5,#7b4173
seer_same_family_train_tcga_test,Family-restricted SEER only,SEER only,categorical,LGG,10,100%,50518.0,seer_50pct,0.04218697102677074,-0.13190058144717903,5,#7b4173
seer_same_family_train_tcga_test,Family-restricted SEER only,SEER only,categorical,LIHC,0,Single-cancer TCGA,0.0,single_cancer_tcga_baseline,0.196872389045799,0.0,5,#3182bd
seer_same_family_train_tcga_test,Family-restricted SEER only,SEER only,categorical,LIHC,1,Pan-cancer TCGA,0.0,pan_cancer_tcga_baseline,0.04535940186898445,-0.1515129871768146,5,#3182bd
seer_same_family_train_tcga_test,Family-restricted SEER only,SEER only,categorical,LIHC,2,0.6%,1000.0,seer_n001k_00pct,0.05962632082794271,-0.13724606821785632,5,#3182bd
seer_same_family_train_tcga_test,Family-restricted SEER only,SEER only,categorical,LIHC,3,1.7%,3000.0,seer_n003k_00pct,0.060314145008083665,-0.13655824403771538,5,#3182bd
seer_same_family_train_tcga_test,Family-restricted SEER only,SEER only,categorical,LIHC,4,2%,1633.0,seer_01pct,0.06021079127094353,-0.1366615977748555,5,#3182bd
seer_same_family_train_tcga_test,Family-restricted SEER only,SEER only,categorical,LIHC,5,4.5%,10000.0,seer_n010k_00pct,0.0553662692492487,-0.1415061197965503,5,#3182bd
seer_same_family_train_tcga_test,Family-restricted SEER only,SEER only,categorical,LIHC,6,10%,8167.0,seer_05pct,0.0590053313877692,-0.1378670576580298,5,#3182bd
seer_same_family_train_tcga_test,Family-restricted SEER only,SEER only,categorical,LIHC,7,16%,35000.0,seer_n035k_00pct,0.05768528823572007,-0.13918710081007896,5,#3182bd
seer_same_family_train_tcga_test,Family-restricted SEER only,SEER only,categorical,LIHC,8,20%,16335.0,seer_10pct,0.0580978491854673,-0.13877453986033172,5,#3182bd
seer_same_family_train_tcga_test,Family-restricted SEER only,SEER only,categorical,LIHC,9,40%,32669.0,seer_20pct,0.05737721667924841,-0.1394951723665506,5,#3182bd
seer_same_family_train_tcga_test,Family-restricted SEER only,SEER only,categorical,LIHC,10,100%,81674.0,seer_50pct,0.05600518825130161,-0.1408672007944974,5,#3182bd
seer_same_family_train_tcga_test,Family-restricted SEER only,SEER only,categorical,LUAD,0,Single-cancer TCGA,0.0,single_cancer_tcga_baseline,0.1771317260009033,0.0,5,#31a354
seer_same_family_train_tcga_test,Family-restricted SEER only,SEER only,categorical,LUAD,1,Pan-cancer TCGA,0.0,pan_cancer_tcga_baseline,0.12518541684787726,-0.05194630915302604,5,#31a354
seer_same_family_train_tcga_test,Family-restricted SEER only,SEER only,categorical,LUAD,2,0.6%,1000.0,seer_n001k_00pct,0.07502217354337062,-0.10210955245753268,5,#31a354
seer_same_family_train_tcga_test,Family-restricted SEER only,SEER only,categorical,LUAD,3,1.7%,3000.0,seer_n003k_00pct,0.06637889053029705,-0.11075283547060626,5,#31a354
seer_same_family_train_tcga_test,Family-restricted SEER only,SEER only,categorical,LUAD,4,2%,7313.0,seer_01pct,0.06202607819339491,-0.1151056478075084,5,#31a354
seer_same_family_train_tcga_test,Family-restricted SEER only,SEER only,categorical,LUAD,5,4.5%,10000.0,seer_n010k_00pct,0.051096470512997615,-0.12603525548790567,5,#31a354
seer_same_family_train_tcga_test,Family-restricted SEER only,SEER only,categorical,LUAD,6,10%,36567.0,seer_05pct,0.05061340357767445,-0.12651832242322886,5,#31a354
seer_same_family_train_tcga_test,Family-restricted SEER only,SEER only,categorical,LUAD,7,16%,35000.0,seer_n035k_00pct,0.04873937107043601,-0.12839235493046727,5,#31a354
seer_same_family_train_tcga_test,Family-restricted SEER only,SEER only,categorical,LUAD,8,20%,73133.0,seer_10pct,0.05153229990744172,-0.12559942609346159,5,#31a354
seer_same_family_train_tcga_test,Family-restricted SEER only,SEER only,categorical,LUAD,9,40%,146266.0,seer_20pct,0.05250362594694315,-0.12462810005396015,5,#31a354
seer_same_family_train_tcga_test,Family-restricted SEER only,SEER only,categorical,LUAD,10,100%,365666.0,seer_50pct,0.051511111742695515,-0.1256206142582078,5,#31a354
seer_same_family_train_tcga_test,Family-restricted SEER only,SEER only,categorical,LUSC,0,Single-cancer TCGA,0.0,single_cancer_tcga_baseline,0.18489732153808397,0.0,5,#756bb1
seer_same_family_train_tcga_test,Family-restricted SEER only,SEER only,categorical,LUSC,1,Pan-cancer TCGA,0.0,pan_cancer_tcga_baseline,0.15431557982763197,-0.030581741710452016,5,#756bb1
seer_same_family_train_tcga_test,Family-restricted SEER only,SEER only,categorical,LUSC,2,0.6%,1000.0,seer_n001k_00pct,0.11507749223016155,-0.06981982930792244,5,#756bb1
seer_same_family_train_tcga_test,Family-restricted SEER only,SEER only,categorical,LUSC,3,1.7%,3000.0,seer_n003k_00pct,0.09113213967804559,-0.09376518186003839,5,#756bb1
seer_same_family_train_tcga_test,Family-restricted SEER only,SEER only,categorical,LUSC,4,2%,7313.0,seer_01pct,0.08655766240115526,-0.09833965913692874,5,#756bb1
seer_same_family_train_tcga_test,Family-restricted SEER only,SEER only,categorical,LUSC,5,4.5%,10000.0,seer_n010k_00pct,0.0805631283736739,-0.10433419316441009,5,#756bb1
seer_same_family_train_tcga_test,Family-restricted SEER only,SEER only,categorical,LUSC,6,10%,36567.0,seer_05pct,0.07944386935594196,-0.10545345218214204,5,#756bb1
seer_same_family_train_tcga_test,Family-restricted SEER only,SEER only,categorical,LUSC,7,16%,35000.0,seer_n035k_00pct,0.07685513755112523,-0.10804218398695875,5,#756bb1
seer_same_family_train_tcga_test,Family-restricted SEER only,SEER only,categorical,LUSC,8,20%,73133.0,seer_10pct,0.08229960067298073,-0.10259772086510326,5,#756bb1
seer_same_family_train_tcga_test,Family-restricted SEER only,SEER only,categorical,LUSC,9,40%,146266.0,seer_20pct,0.08091155210594012,-0.10398576943214385,5,#756bb1
seer_same_family_train_tcga_test,Family-restricted SEER only,SEER only,categorical,LUSC,10,100%,365666.0,seer_50pct,0.0802014649746279,-0.10469585656345608,5,#756bb1
seer_same_family_train_tcga_test,Family-restricted SEER only,SEER only,categorical,MESO,0,Single-cancer TCGA,0.0,single_cancer_tcga_baseline,0.14716333531568715,0.0,5,#636363
seer_same_family_train_tcga_test,Family-restricted SEER only,SEER only,categorical,MESO,1,Pan-cancer TCGA,0.0,pan_cancer_tcga_baseline,0.045981025978460995,-0.10118230933722616,5,#636363
seer_same_family_train_tcga_test,Family-restricted SEER only,SEER only,categorical,MESO,2,0.6%,1000.0,seer_n001k_00pct,0.08062861795470502,-0.06653471736098214,5,#636363
seer_same_family_train_tcga_test,Family-restricted SEER only,SEER only,categorical,MESO,3,1.7%,3000.0,seer_n003k_00pct,0.05771148006487239,-0.08945185525081475,5,#636363
seer_same_family_train_tcga_test,Family-restricted SEER only,SEER only,categorical,MESO,4,2%,122.0,seer_01pct,0.13202515400809042,-0.015138181307596716,5,#636363
seer_same_family_train_tcga_test,Family-restricted SEER only,SEER only,categorical,MESO,5,4.5%,10000.0,seer_n010k_00pct,0.05691418718602363,-0.09024914812966353,5,#636363
seer_same_family_train_tcga_test,Family-restricted SEER only,SEER only,categorical,MESO,6,10%,608.0,seer_05pct,0.0811299370323901,-0.06603339828329705,5,#636363
seer_same_family_train_tcga_test,Family-restricted SEER only,SEER only,categorical,MESO,7,20%,1216.0,seer_10pct,0.06895575911166821,-0.07820757620401894,5,#636363
seer_same_family_train_tcga_test,Family-restricted SEER only,SEER only,categorical,MESO,8,40%,2433.0,seer_20pct,0.06816179950569284,-0.0790015358099943,5,#636363
seer_same_family_train_tcga_test,Family-restricted SEER only,SEER only,categorical,MESO,9,100%,6082.0,seer_50pct,0.05635233065579089,-0.09081100465989626,5,#636363
seer_same_family_train_tcga_test,Family-restricted SEER only,SEER only,categorical,OV,0,Single-cancer TCGA,0.0,single_cancer_tcga_baseline,0.15244700186573898,0.0,5,#e6550d
seer_same_family_train_tcga_test,Family-restricted SEER only,SEER only,categorical,OV,1,Pan-cancer TCGA,0.0,pan_cancer_tcga_baseline,0.13850153851516167,-0.0139454633505773,5,#e6550d
seer_same_family_train_tcga_test,Family-restricted SEER only,SEER only,categorical,OV,2,0.6%,1000.0,seer_n001k_00pct,0.20757483625390413,0.05512783438816515,5,#e6550d
seer_same_family_train_tcga_test,Family-restricted SEER only,SEER only,categorical,OV,3,1.7%,3000.0,seer_n003k_00pct,0.07522962019138357,-0.0772173816743554,5,#e6550d
seer_same_family_train_tcga_test,Family-restricted SEER only,SEER only,categorical,OV,4,2%,4453.0,seer_01pct,0.06999930796031127,-0.0824476939054277,5,#e6550d
seer_same_family_train_tcga_test,Family-restricted SEER only,SEER only,categorical,OV,5,4.5%,10000.0,seer_n010k_00pct,0.0724785255859232,-0.07996847627981578,5,#e6550d
seer_same_family_train_tcga_test,Family-restricted SEER only,SEER only,categorical,OV,6,10%,22263.0,seer_05pct,0.06995104241362535,-0.08249595945211362,5,#e6550d
seer_same_family_train_tcga_test,Family-restricted SEER only,SEER only,categorical,OV,7,16%,35000.0,seer_n035k_00pct,0.07077641134874608,-0.0816705905169929,5,#e6550d
seer_same_family_train_tcga_test,Family-restricted SEER only,SEER only,categorical,OV,8,20%,44526.0,seer_10pct,0.07219021198913542,-0.08025678987660356,5,#e6550d
seer_same_family_train_tcga_test,Family-restricted SEER only,SEER only,categorical,OV,9,40%,89052.0,seer_20pct,0.07040094562818908,-0.0820460562375499,5,#e6550d
seer_same_family_train_tcga_test,Family-restricted SEER only,SEER only,categorical,OV,10,100%,222630.0,seer_50pct,0.07270758471784687,-0.07973941714789211,5,#e6550d
seer_same_family_train_tcga_test,Family-restricted SEER only,SEER only,categorical,PAAD,0,Single-cancer TCGA,0.0,single_cancer_tcga_baseline,0.19834591987245714,0.0,5,#969696
seer_same_family_train_tcga_test,Family-restricted SEER only,SEER only,categorical,PAAD,1,Pan-cancer TCGA,0.0,pan_cancer_tcga_baseline,0.02573557655436571,-0.17261034331809144,5,#969696
seer_same_family_train_tcga_test,Family-restricted SEER only,SEER only,categorical,PAAD,2,0.6%,1000.0,seer_n001k_00pct,0.06206476605908941,-0.13628115381336775,5,#969696
seer_same_family_train_tcga_test,Family-restricted SEER only,SEER only,categorical,PAAD,3,1.7%,3000.0,seer_n003k_00pct,0.04657804717967259,-0.15176787269278455,5,#969696
seer_same_family_train_tcga_test,Family-restricted SEER only,SEER only,categorical,PAAD,4,2%,1647.0,seer_01pct,0.05015223854841987,-0.14819368132403726,5,#969696
seer_same_family_train_tcga_test,Family-restricted SEER only,SEER only,categorical,PAAD,5,4.5%,10000.0,seer_n010k_00pct,0.04933248333519802,-0.14901343653725913,5,#969696
seer_same_family_train_tcga_test,Family-restricted SEER only,SEER only,categorical,PAAD,6,10%,8233.0,seer_05pct,0.04536666281839265,-0.1529792570540645,5,#969696
seer_same_family_train_tcga_test,Family-restricted SEER only,SEER only,categorical,PAAD,7,16%,35000.0,seer_n035k_00pct,0.051890830148946646,-0.14645508972351048,5,#969696
seer_same_family_train_tcga_test,Family-restricted SEER only,SEER only,categorical,PAAD,8,20%,16466.0,seer_10pct,0.050766421201253756,-0.1475794986712034,5,#969696
seer_same_family_train_tcga_test,Family-restricted SEER only,SEER only,categorical,PAAD,9,40%,32932.0,seer_20pct,0.048707897279807635,-0.14963802259264952,5,#969696
seer_same_family_train_tcga_test,Family-restricted SEER only,SEER only,categorical,PAAD,10,100%,82329.0,seer_50pct,0.04925756224668067,-0.1490883576257765,5,#969696
seer_same_family_train_tcga_test,Family-restricted SEER only,SEER only,categorical,PCPG,0,Single-cancer TCGA,0.0,single_cancer_tcga_baseline,0.03441005985932279,0.0,2,#6baed6
seer_same_family_train_tcga_test,Family-restricted SEER only,SEER only,categorical,PCPG,1,Pan-cancer TCGA,0.0,pan_cancer_tcga_baseline,0.04039822246746862,0.005988162608145824,2,#6baed6
seer_same_family_train_tcga_test,Family-restricted SEER only,SEER only,categorical,PCPG,2,0.6%,1000.0,seer_n001k_00pct,0.024979275835316242,-0.009430784024006553,2,#6baed6
seer_same_family_train_tcga_test,Family-restricted SEER only,SEER only,categorical,PCPG,3,2%,28.0,seer_01pct,0.04774651108140561,0.01333645122208282,2,#6baed6
seer_same_family_train_tcga_test,Family-restricted SEER only,SEER only,categorical,PCPG,4,10%,141.0,seer_05pct,0.02908841368974151,-0.005321646169581284,2,#6baed6
seer_same_family_train_tcga_test,Family-restricted SEER only,SEER only,categorical,PCPG,5,20%,282.0,seer_10pct,0.029975118266453632,-0.004434941592869163,2,#6baed6
seer_same_family_train_tcga_test,Family-restricted SEER only,SEER only,categorical,PCPG,6,40%,564.0,seer_20pct,0.025705663592154357,-0.008704396267168436,2,#6baed6
seer_same_family_train_tcga_test,Family-restricted SEER only,SEER only,categorical,PCPG,7,100%,1410.0,seer_50pct,0.02316949311907596,-0.011240566740246833,2,#6baed6
seer_same_family_train_tcga_test,Family-restricted SEER only,SEER only,categorical,PRAD,0,Single-cancer TCGA,0.0,single_cancer_tcga_baseline,0.035809215056939125,0.0,2,#74c476
seer_same_family_train_tcga_test,Family-restricted SEER only,SEER only,categorical,PRAD,1,Pan-cancer TCGA,0.0,pan_cancer_tcga_baseline,0.021935922215673108,-0.013873292841266023,2,#74c476
seer_same_family_train_tcga_test,Family-restricted SEER only,SEER only,categorical,PRAD,2,0.6%,1000.0,seer_n001k_00pct,0.009358681914974916,-0.026450533141964213,2,#74c476
seer_same_family_train_tcga_test,Family-restricted SEER only,SEER only,categorical,PRAD,3,1.7%,3000.0,seer_n003k_00pct,0.006646932648126169,-0.02916228240881296,2,#74c476
seer_same_family_train_tcga_test,Family-restricted SEER only,SEER only,categorical,PRAD,4,2%,11794.0,seer_01pct,0.008253213076197117,-0.027556001980742012,2,#74c476
seer_same_family_train_tcga_test,Family-restricted SEER only,SEER only,categorical,PRAD,5,4.5%,10000.0,seer_n010k_00pct,0.00778859862200531,-0.02802061643493382,2,#74c476
seer_same_family_train_tcga_test,Family-restricted SEER only,SEER only,categorical,PRAD,6,10%,58972.0,seer_05pct,0.007792205238094675,-0.028017009818844453,2,#74c476
seer_same_family_train_tcga_test,Family-restricted SEER only,SEER only,categorical,PRAD,7,16%,35000.0,seer_n035k_00pct,0.007818463264963693,-0.027990751791975438,2,#74c476
seer_same_family_train_tcga_test,Family-restricted SEER only,SEER only,categorical,PRAD,8,20%,117943.0,seer_10pct,0.007535203754276985,-0.028274011302662147,2,#74c476
seer_same_family_train_tcga_test,Family-restricted SEER only,SEER only,categorical,PRAD,9,40%,235886.0,seer_20pct,0.0082570318928434,-0.02755218316409573,2,#74c476
seer_same_family_train_tcga_test,Family-restricted SEER only,SEER only,categorical,PRAD,10,100%,589715.0,seer_50pct,0.008036549515066852,-0.027772665541872275,2,#74c476
seer_same_family_train_tcga_test,Family-restricted SEER only,SEER only,categorical,READ,0,Single-cancer TCGA,0.0,single_cancer_tcga_baseline,0.14400156425344313,0.0,5,#9e9ac8
seer_same_family_train_tcga_test,Family-restricted SEER only,SEER only,categorical,READ,1,Pan-cancer TCGA,0.0,pan_cancer_tcga_baseline,0.03219397449153704,-0.11180758976190605,5,#9e9ac8
seer_same_family_train_tcga_test,Family-restricted SEER only,SEER only,categorical,READ,2,0.6%,1000.0,seer_n001k_00pct,0.024152400962659082,-0.11984916329078403,5,#9e9ac8
seer_same_family_train_tcga_test,Family-restricted SEER only,SEER only,categorical,READ,3,1.7%,3000.0,seer_n003k_00pct,0.02161129312219545,-0.12239027113124767,5,#9e9ac8
seer_same_family_train_tcga_test,Family-restricted SEER only,SEER only,categorical,READ,4,2%,6725.0,seer_01pct,0.022503774525762837,-0.12149778972768029,5,#9e9ac8
seer_same_family_train_tcga_test,Family-restricted SEER only,SEER only,categorical,READ,5,4.5%,10000.0,seer_n010k_00pct,0.022302356262563015,-0.12169920799088008,5,#9e9ac8
seer_same_family_train_tcga_test,Family-restricted SEER only,SEER only,categorical,READ,6,10%,33627.0,seer_05pct,0.0241169317857713,-0.11988463246767181,5,#9e9ac8
seer_same_family_train_tcga_test,Family-restricted SEER only,SEER only,categorical,READ,7,16%,35000.0,seer_n035k_00pct,0.024483338801593722,-0.11951822545184938,5,#9e9ac8
seer_same_family_train_tcga_test,Family-restricted SEER only,SEER only,categorical,READ,8,20%,67255.0,seer_10pct,0.023978223718455767,-0.12002334053498735,5,#9e9ac8
seer_same_family_train_tcga_test,Family-restricted SEER only,SEER only,categorical,READ,9,40%,134510.0,seer_20pct,0.024466187164269543,-0.11953537708917357,5,#9e9ac8
seer_same_family_train_tcga_test,Family-restricted SEER only,SEER only,categorical,READ,10,100%,336274.0,seer_50pct,0.024791226008727213,-0.1192103382447159,5,#9e9ac8
seer_same_family_train_tcga_test,Family-restricted SEER only,SEER only,categorical,SARC,0,Single-cancer TCGA,0.0,single_cancer_tcga_baseline,0.2019408157261874,0.0,5,#fd8d3c
seer_same_family_train_tcga_test,Family-restricted SEER only,SEER only,categorical,SARC,1,Pan-cancer TCGA,0.0,pan_cancer_tcga_baseline,0.19786426895752804,-0.004076546768659375,5,#fd8d3c
seer_same_family_train_tcga_test,Family-restricted SEER only,SEER only,categorical,SARC,2,0.6%,1000.0,seer_n001k_00pct,0.07830911888974026,-0.12363169683644715,5,#fd8d3c
seer_same_family_train_tcga_test,Family-restricted SEER only,SEER only,categorical,SARC,3,1.7%,3000.0,seer_n003k_00pct,0.0766984584936327,-0.1252423572325547,5,#fd8d3c
seer_same_family_train_tcga_test,Family-restricted SEER only,SEER only,categorical,SARC,4,2%,663.0,seer_01pct,0.08716082315603194,-0.11477999257015548,5,#fd8d3c
seer_same_family_train_tcga_test,Family-restricted SEER only,SEER only,categorical,SARC,5,4.5%,10000.0,seer_n010k_00pct,0.09148861341096468,-0.11045220231522275,5,#fd8d3c
seer_same_family_train_tcga_test,Family-restricted SEER only,SEER only,categorical,SARC,6,10%,3316.0,seer_05pct,0.07786508093370878,-0.12407573479247862,5,#fd8d3c
seer_same_family_train_tcga_test,Family-restricted SEER only,SEER only,categorical,SARC,7,16%,35000.0,seer_n035k_00pct,0.08888738850816366,-0.11305342721802374,5,#fd8d3c
seer_same_family_train_tcga_test,Family-restricted SEER only,SEER only,categorical,SARC,8,20%,6631.0,seer_10pct,0.09331729433998978,-0.10862352138619764,5,#fd8d3c
seer_same_family_train_tcga_test,Family-restricted SEER only,SEER only,categorical,SARC,9,40%,13263.0,seer_20pct,0.09225755806337949,-0.10968325766280791,5,#fd8d3c
seer_same_family_train_tcga_test,Family-restricted SEER only,SEER only,categorical,SARC,10,100%,33156.0,seer_50pct,0.09309534427033903,-0.10884547145584837,5,#fd8d3c
seer_same_family_train_tcga_test,Family-restricted SEER only,SEER only,categorical,SKCM,0,Single-cancer TCGA,0.0,single_cancer_tcga_baseline,0.15734677171290884,0.0,5,#9ecae1
seer_same_family_train_tcga_test,Family-restricted SEER only,SEER only,categorical,SKCM,1,Pan-cancer TCGA,0.0,pan_cancer_tcga_baseline,0.4963356086587156,0.3389888369458068,5,#9ecae1
seer_same_family_train_tcga_test,Family-restricted SEER only,SEER only,categorical,SKCM,2,0.6%,1000.0,seer_n001k_00pct,0.15022426007965306,-0.007122511633255788,5,#9ecae1
seer_same_family_train_tcga_test,Family-restricted SEER only,SEER only,categorical,SKCM,3,1.7%,3000.0,seer_n003k_00pct,0.14697947068956546,-0.010367301023343382,5,#9ecae1
seer_same_family_train_tcga_test,Family-restricted SEER only,SEER only,categorical,SKCM,4,2%,3637.0,seer_01pct,0.14748916662726644,-0.009857605085642396,5,#9ecae1
seer_same_family_train_tcga_test,Family-restricted SEER only,SEER only,categorical,SKCM,5,4.5%,10000.0,seer_n010k_00pct,0.14651053294208727,-0.010836238770821547,5,#9ecae1
seer_same_family_train_tcga_test,Family-restricted SEER only,SEER only,categorical,SKCM,6,10%,18183.0,seer_05pct,0.14578930792559283,-0.011557463787316005,5,#9ecae1
seer_same_family_train_tcga_test,Family-restricted SEER only,SEER only,categorical,SKCM,7,16%,35000.0,seer_n035k_00pct,0.14402954965809509,-0.01331722205481374,5,#9ecae1
seer_same_family_train_tcga_test,Family-restricted SEER only,SEER only,categorical,SKCM,8,20%,36366.0,seer_10pct,0.1455689273121108,-0.011777844400798033,5,#9ecae1
seer_same_family_train_tcga_test,Family-restricted SEER only,SEER only,categorical,SKCM,9,40%,72732.0,seer_20pct,0.14565379621100868,-0.011692975501900146,5,#9ecae1
seer_same_family_train_tcga_test,Family-restricted SEER only,SEER only,categorical,SKCM,10,100%,181829.0,seer_50pct,0.1453763696201687,-0.01197040209274014,5,#9ecae1
seer_same_family_train_tcga_test,Family-restricted SEER only,SEER only,categorical,STAD,0,Single-cancer TCGA,0.0,single_cancer_tcga_baseline,0.19438508855000877,0.0,5,#a1d99b
seer_same_family_train_tcga_test,Family-restricted SEER only,SEER only,categorical,STAD,1,Pan-cancer TCGA,0.0,pan_cancer_tcga_baseline,0.03295282696029367,-0.1614322615897151,5,#a1d99b
seer_same_family_train_tcga_test,Family-restricted SEER only,SEER only,categorical,STAD,2,0.6%,1000.0,seer_n001k_00pct,0.05961711407758532,-0.13476797447242345,5,#a1d99b
seer_same_family_train_tcga_test,Family-restricted SEER only,SEER only,categorical,STAD,3,1.7%,3000.0,seer_n003k_00pct,0.04969182799460964,-0.14469326055539913,5,#a1d99b
seer_same_family_train_tcga_test,Family-restricted SEER only,SEER only,categorical,STAD,4,2%,2020.0,seer_01pct,0.04615396029666643,-0.14823112825334234,5,#a1d99b
seer_same_family_train_tcga_test,Family-restricted SEER only,SEER only,categorical,STAD,5,4.5%,10000.0,seer_n010k_00pct,0.04637994711471791,-0.1480051414352909,5,#a1d99b
seer_same_family_train_tcga_test,Family-restricted SEER only,SEER only,categorical,STAD,6,10%,10098.0,seer_05pct,0.041445814642919285,-0.15293927390708947,5,#a1d99b
seer_same_family_train_tcga_test,Family-restricted SEER only,SEER only,categorical,STAD,7,16%,35000.0,seer_n035k_00pct,0.042882496120333846,-0.15150259242967495,5,#a1d99b
seer_same_family_train_tcga_test,Family-restricted SEER only,SEER only,categorical,STAD,8,20%,20196.0,seer_10pct,0.04192512008439026,-0.15245996846561854,5,#a1d99b
seer_same_family_train_tcga_test,Family-restricted SEER only,SEER only,categorical,STAD,9,40%,40391.0,seer_20pct,0.04245217456054294,-0.15193291398946585,5,#a1d99b
seer_same_family_train_tcga_test,Family-restricted SEER only,SEER only,categorical,STAD,10,100%,100978.0,seer_50pct,0.04085138629132316,-0.15353370225868562,5,#a1d99b
seer_same_family_train_tcga_test,Family-restricted SEER only,SEER only,categorical,TGCT,0,Single-cancer TCGA,0.0,single_cancer_tcga_baseline,0.013639539429116951,0.0,1,#bcbddc
seer_same_family_train_tcga_test,Family-restricted SEER only,SEER only,categorical,TGCT,1,Pan-cancer TCGA,0.0,pan_cancer_tcga_baseline,0.02445505808455179,0.007201684577911286,1,#bcbddc
seer_same_family_train_tcga_test,Family-restricted SEER only,SEER only,categorical,TGCT,2,0.6%,1000.0,seer_n001k_00pct,0.023234601240678568,0.009595061811561615,2,#bcbddc
seer_same_family_train_tcga_test,Family-restricted SEER only,SEER only,categorical,TGCT,3,1.7%,3000.0,seer_n003k_00pct,0.0277575993195069,0.014118059890389952,2,#bcbddc
seer_same_family_train_tcga_test,Family-restricted SEER only,SEER only,categorical,TGCT,4,2%,11794.0,seer_01pct,0.0293729345329072,0.01573339510379025,2,#bcbddc
seer_same_family_train_tcga_test,Family-restricted SEER only,SEER only,categorical,TGCT,5,4.5%,10000.0,seer_n010k_00pct,0.030070038464734068,0.016430499035617118,2,#bcbddc
seer_same_family_train_tcga_test,Family-restricted SEER only,SEER only,categorical,TGCT,6,10%,58972.0,seer_05pct,0.03228428314314104,0.018644743714024085,2,#bcbddc
seer_same_family_train_tcga_test,Family-restricted SEER only,SEER only,categorical,TGCT,7,16%,35000.0,seer_n035k_00pct,0.0348346899313248,0.02119515050220785,2,#bcbddc
seer_same_family_train_tcga_test,Family-restricted SEER only,SEER only,categorical,TGCT,8,20%,117943.0,seer_10pct,0.03292226166855862,0.01928272223944167,2,#bcbddc
seer_same_family_train_tcga_test,Family-restricted SEER only,SEER only,categorical,TGCT,9,40%,235886.0,seer_20pct,0.03055426286929301,0.01691472344017606,2,#bcbddc
seer_same_family_train_tcga_test,Family-restricted SEER only,SEER only,categorical,TGCT,10,100%,589715.0,seer_50pct,0.029240758419570523,0.015601218990453573,2,#bcbddc
seer_same_family_train_tcga_test,Family-restricted SEER only,SEER only,categorical,THCA,0,Single-cancer TCGA,0.0,single_cancer_tcga_baseline,0.04205416832374074,0.0,3,#fdae6b
seer_same_family_train_tcga_test,Family-restricted SEER only,SEER only,categorical,THCA,1,Pan-cancer TCGA,0.0,pan_cancer_tcga_baseline,0.03474161336397653,-0.007312554959764201,3,#fdae6b
seer_same_family_train_tcga_test,Family-restricted SEER only,SEER only,categorical,THCA,2,0.6%,1000.0,seer_n001k_00pct,0.010052169165384262,-0.03200199915835648,3,#fdae6b
seer_same_family_train_tcga_test,Family-restricted SEER only,SEER only,categorical,THCA,3,1.7%,3000.0,seer_n003k_00pct,0.00882121983504141,-0.03323294848869932,3,#fdae6b
seer_same_family_train_tcga_test,Family-restricted SEER only,SEER only,categorical,THCA,4,2%,2074.0,seer_01pct,0.010121714198894571,-0.03193245412484617,3,#fdae6b
seer_same_family_train_tcga_test,Family-restricted SEER only,SEER only,categorical,THCA,5,4.5%,10000.0,seer_n010k_00pct,0.009898519350299532,-0.0321556489734412,3,#fdae6b
seer_same_family_train_tcga_test,Family-restricted SEER only,SEER only,categorical,THCA,6,10%,10370.0,seer_05pct,0.009421189326617103,-0.032632978997123634,3,#fdae6b
seer_same_family_train_tcga_test,Family-restricted SEER only,SEER only,categorical,THCA,7,16%,35000.0,seer_n035k_00pct,0.01000533481426328,-0.03204883350947746,3,#fdae6b
seer_same_family_train_tcga_test,Family-restricted SEER only,SEER only,categorical,THCA,8,20%,20740.0,seer_10pct,0.008798571358627704,-0.033255596965113036,3,#fdae6b
seer_same_family_train_tcga_test,Family-restricted SEER only,SEER only,categorical,THCA,9,40%,41481.0,seer_20pct,0.010370726551624371,-0.03168344177211636,3,#fdae6b
seer_same_family_train_tcga_test,Family-restricted SEER only,SEER only,categorical,THCA,10,100%,103702.0,seer_50pct,0.00942313662865942,-0.03263103169508131,3,#fdae6b
seer_same_family_train_tcga_test,Family-restricted SEER only,SEER only,categorical,THYM,0,Single-cancer TCGA,0.0,single_cancer_tcga_baseline,0.07566034299431998,0.0,2,#c7e9c0
seer_same_family_train_tcga_test,Family-restricted SEER only,SEER only,categorical,THYM,1,Pan-cancer TCGA,0.0,pan_cancer_tcga_baseline,0.1144659872106811,0.038805644216361124,2,#c7e9c0
seer_same_family_train_tcga_test,Family-restricted SEER only,SEER only,categorical,THYM,2,0.6%,1000.0,seer_n001k_00pct,0.03681587793724204,-0.03884446505707794,2,#c7e9c0
seer_same_family_train_tcga_test,Family-restricted SEER only,SEER only,categorical,THYM,3,1.7%,3000.0,seer_n003k_00pct,0.03265786763001428,-0.0430024753643057,2,#c7e9c0
seer_same_family_train_tcga_test,Family-restricted SEER only,SEER only,categorical,THYM,4,2%,60.0,seer_01pct,0.05326552446399172,-0.022394818530328257,2,#c7e9c0
seer_same_family_train_tcga_test,Family-restricted SEER only,SEER only,categorical,THYM,5,10%,299.0,seer_05pct,0.06345707804861167,-0.012203264945708316,2,#c7e9c0
seer_same_family_train_tcga_test,Family-restricted SEER only,SEER only,categorical,THYM,6,20%,597.0,seer_10pct,0.042116827779091155,-0.033543515215228824,2,#c7e9c0
seer_same_family_train_tcga_test,Family-restricted SEER only,SEER only,categorical,THYM,7,40%,1195.0,seer_20pct,0.03437607641693669,-0.04128426657738329,2,#c7e9c0
seer_same_family_train_tcga_test,Family-restricted SEER only,SEER only,categorical,THYM,8,100%,2986.0,seer_50pct,0.030568080139093054,-0.045092262855226925,2,#c7e9c0
seer_same_family_train_tcga_test,Family-restricted SEER only,SEER only,categorical,UCEC,0,Single-cancer TCGA,0.0,single_cancer_tcga_baseline,0.15698959226967343,0.0,5,#fdd0a2
seer_same_family_train_tcga_test,Family-restricted SEER only,SEER only,categorical,UCEC,1,Pan-cancer TCGA,0.0,pan_cancer_tcga_baseline,0.06823309686078319,-0.08875649540889023,5,#fdd0a2
seer_same_family_train_tcga_test,Family-restricted SEER only,SEER only,categorical,UCEC,2,0.6%,1000.0,seer_n001k_00pct,0.05587808053733695,-0.1011115117323365,5,#fdd0a2
seer_same_family_train_tcga_test,Family-restricted SEER only,SEER only,categorical,UCEC,3,1.7%,3000.0,seer_n003k_00pct,0.03615375036872971,-0.1208358419009437,5,#fdd0a2
seer_same_family_train_tcga_test,Family-restricted SEER only,SEER only,categorical,UCEC,4,2%,4453.0,seer_01pct,0.036329777285954,-0.12065981498371944,5,#fdd0a2
seer_same_family_train_tcga_test,Family-restricted SEER only,SEER only,categorical,UCEC,5,4.5%,10000.0,seer_n010k_00pct,0.03582756101065663,-0.12116203125901681,5,#fdd0a2
seer_same_family_train_tcga_test,Family-restricted SEER only,SEER only,categorical,UCEC,6,10%,22263.0,seer_05pct,0.03502437330689295,-0.12196521896278048,5,#fdd0a2
seer_same_family_train_tcga_test,Family-restricted SEER only,SEER only,categorical,UCEC,7,16%,35000.0,seer_n035k_00pct,0.03526020241386833,-0.12172938985580509,5,#fdd0a2
seer_same_family_train_tcga_test,Family-restricted SEER only,SEER only,categorical,UCEC,8,20%,44526.0,seer_10pct,0.03727790308511135,-0.11971168918456207,5,#fdd0a2
seer_same_family_train_tcga_test,Family-restricted SEER only,SEER only,categorical,UCEC,9,40%,89052.0,seer_20pct,0.034971000929100486,-0.12201859134057295,5,#fdd0a2
seer_same_family_train_tcga_test,Family-restricted SEER only,SEER only,categorical,UCEC,10,100%,222630.0,seer_50pct,0.035430980324852326,-0.1215586119448211,5,#fdd0a2
seer_same_family_train_tcga_test,Family-restricted SEER only,SEER only,categorical,UCS,0,Single-cancer TCGA,0.0,single_cancer_tcga_baseline,0.2131552137426757,0.0,5,#807dba
seer_same_family_train_tcga_test,Family-restricted SEER only,SEER only,categorical,UCS,1,Pan-cancer TCGA,0.0,pan_cancer_tcga_baseline,0.08233718220769969,-0.130818031534976,5,#807dba
seer_same_family_train_tcga_test,Family-restricted SEER only,SEER only,categorical,UCS,2,0.6%,1000.0,seer_n001k_00pct,0.07453000964074095,-0.13862520410193477,5,#807dba
seer_same_family_train_tcga_test,Family-restricted SEER only,SEER only,categorical,UCS,3,1.7%,3000.0,seer_n003k_00pct,0.05797729041084461,-0.1551779233318311,5,#807dba
seer_same_family_train_tcga_test,Family-restricted SEER only,SEER only,categorical,UCS,4,2%,4453.0,seer_01pct,0.05858941245891088,-0.15456580128376485,5,#807dba
seer_same_family_train_tcga_test,Family-restricted SEER only,SEER only,categorical,UCS,5,4.5%,10000.0,seer_n010k_00pct,0.06039032372246694,-0.15276489002020877,5,#807dba
seer_same_family_train_tcga_test,Family-restricted SEER only,SEER only,categorical,UCS,6,10%,22263.0,seer_05pct,0.056126851978212336,-0.1570283617644634,5,#807dba
seer_same_family_train_tcga_test,Family-restricted SEER only,SEER only,categorical,UCS,7,16%,35000.0,seer_n035k_00pct,0.05690930564738186,-0.15624590809529387,5,#807dba
seer_same_family_train_tcga_test,Family-restricted SEER only,SEER only,categorical,UCS,8,20%,44526.0,seer_10pct,0.06005233613568397,-0.15310287760699173,5,#807dba
seer_same_family_train_tcga_test,Family-restricted SEER only,SEER only,categorical,UCS,9,40%,89052.0,seer_20pct,0.05839308959459951,-0.1547621241480762,5,#807dba
seer_same_family_train_tcga_test,Family-restricted SEER only,SEER only,categorical,UCS,10,100%,222630.0,seer_50pct,0.058349859389158175,-0.15480535435351755,5,#807dba
seer_same_family_train_tcga_test,Family-restricted SEER only,SEER only,categorical,UVM,0,Single-cancer TCGA,0.0,single_cancer_tcga_baseline,0.1699315826940292,0.0,4,#b15928
seer_same_family_train_tcga_test,Family-restricted SEER only,SEER only,categorical,UVM,1,Pan-cancer TCGA,0.0,pan_cancer_tcga_baseline,0.027523545529613704,-0.14240803716441552,4,#b15928
seer_same_family_train_tcga_test,Family-restricted SEER only,SEER only,categorical,UVM,2,0.6%,1000.0,seer_n001k_00pct,0.04662575509383668,-0.12330582760019254,4,#b15928
seer_same_family_train_tcga_test,Family-restricted SEER only,SEER only,categorical,UVM,3,1.7%,3000.0,seer_n003k_00pct,0.03850673592736105,-0.13142484676666816,4,#b15928
seer_same_family_train_tcga_test,Family-restricted SEER only,SEER only,categorical,UVM,4,2%,99.0,seer_01pct,0.08183671768596942,-0.0880948650080598,4,#b15928
seer_same_family_train_tcga_test,Family-restricted SEER only,SEER only,categorical,UVM,5,10%,496.0,seer_05pct,0.03069157134948206,-0.13924001134454717,4,#b15928
seer_same_family_train_tcga_test,Family-restricted SEER only,SEER only,categorical,UVM,6,20%,993.0,seer_10pct,0.034934829693422084,-0.13499675300060712,4,#b15928
seer_same_family_train_tcga_test,Family-restricted SEER only,SEER only,categorical,UVM,7,40%,1986.0,seer_20pct,0.03864293685869513,-0.13128864583533406,4,#b15928
seer_same_family_train_tcga_test,Family-restricted SEER only,SEER only,categorical,UVM,8,100%,4964.0,seer_50pct,0.05342511053561737,-0.11650647215841184,4,#b15928
leave_one_type_out_tcga_plus_pan_seer,Pan-cancer TCGA + pan-SEER,TCGA + SEER,categorical,ACC,0,Single-cancer TCGA,0.0,single_cancer_tcga_baseline,0.13019362466347986,0.0,5,#1f77b4
leave_one_type_out_tcga_plus_pan_seer,Pan-cancer TCGA + pan-SEER,TCGA + SEER,categorical,ACC,1,Pan-cancer TCGA,0.0,pan_cancer_tcga_baseline,0.210882138673818,0.08068851401033819,5,#1f77b4
leave_one_type_out_tcga_plus_pan_seer,Pan-cancer TCGA + pan-SEER,TCGA + SEER,categorical,ACC,2,+999,999.0,seer_n001k_00pct,0.10570011765031637,-0.024493507013163482,5,#1f77b4
leave_one_type_out_tcga_plus_pan_seer,Pan-cancer TCGA + pan-SEER,TCGA + SEER,categorical,ACC,3,+3k,3001.0,seer_n003k_00pct,0.061579565036705516,-0.06861405962677435,5,#1f77b4
leave_one_type_out_tcga_plus_pan_seer,Pan-cancer TCGA + pan-SEER,TCGA + SEER,categorical,ACC,4,+10k,9999.0,seer_n010k_00pct,0.05562991168335276,-0.0745637129801271,5,#1f77b4
leave_one_type_out_tcga_plus_pan_seer,Pan-cancer TCGA + pan-SEER,TCGA + SEER,categorical,ACC,5,+35k,35470.0,seer_n035k_00pct,0.04946927093297655,-0.0807243537305033,5,#1f77b4
leave_one_type_out_tcga_plus_pan_seer,Pan-cancer TCGA + pan-SEER,TCGA + SEER,categorical,ACC,6,+70.9k,70938.0,seer_01pct,0.045749983726759015,-0.08444364093672083,5,#1f77b4
leave_one_type_out_tcga_plus_pan_seer,Pan-cancer TCGA + pan-SEER,TCGA + SEER,categorical,ACC,7,+354.7k,354693.0,seer_05pct,0.048466247639482,-0.08172737702399785,5,#1f77b4
leave_one_type_out_tcga_plus_pan_seer,Pan-cancer TCGA + pan-SEER,TCGA + SEER,categorical,ACC,8,+709.4k,709384.0,seer_10pct,0.052179070976595535,-0.07801455368688431,5,#1f77b4
leave_one_type_out_tcga_plus_pan_seer,Pan-cancer TCGA + pan-SEER,TCGA + SEER,categorical,ACC,9,+1.4M,1418771.0,seer_20pct,0.05719016241756618,-0.07300346224591367,5,#1f77b4
leave_one_type_out_tcga_plus_pan_seer,Pan-cancer TCGA + pan-SEER,TCGA + SEER,categorical,ACC,10,+3.5M,3546920.0,seer_50pct,0.06588727014636968,-0.05777706577973522,4,#1f77b4
leave_one_type_out_tcga_plus_pan_seer,Pan-cancer TCGA + pan-SEER,TCGA + SEER,categorical,ACC,11,+7.1M,7093843.0,seer_100pct,0.07597586747138677,-0.0800392511993265,2,#1f77b4
leave_one_type_out_tcga_plus_pan_seer,Pan-cancer TCGA + pan-SEER,TCGA + SEER,categorical,BLCA,0,Single-cancer TCGA,0.0,single_cancer_tcga_baseline,0.18769773132151082,0.0,5,#ff7f0e
leave_one_type_out_tcga_plus_pan_seer,Pan-cancer TCGA + pan-SEER,TCGA + SEER,categorical,BLCA,1,Pan-cancer TCGA,0.0,pan_cancer_tcga_baseline,0.08063920294856547,-0.10705852837294536,5,#ff7f0e
leave_one_type_out_tcga_plus_pan_seer,Pan-cancer TCGA + pan-SEER,TCGA + SEER,categorical,BLCA,2,+999,999.0,seer_n001k_00pct,0.09233370546365999,-0.09536402585785084,5,#ff7f0e
leave_one_type_out_tcga_plus_pan_seer,Pan-cancer TCGA + pan-SEER,TCGA + SEER,categorical,BLCA,3,+3k,3001.0,seer_n003k_00pct,0.07192734992931221,-0.1157703813921986,5,#ff7f0e
leave_one_type_out_tcga_plus_pan_seer,Pan-cancer TCGA + pan-SEER,TCGA + SEER,categorical,BLCA,4,+10k,9999.0,seer_n010k_00pct,0.04663264451515216,-0.14106508680635868,5,#ff7f0e
leave_one_type_out_tcga_plus_pan_seer,Pan-cancer TCGA + pan-SEER,TCGA + SEER,categorical,BLCA,5,+35k,35470.0,seer_n035k_00pct,0.044391398668337995,-0.14330633265317286,5,#ff7f0e
leave_one_type_out_tcga_plus_pan_seer,Pan-cancer TCGA + pan-SEER,TCGA + SEER,categorical,BLCA,6,+70.9k,70938.0,seer_01pct,0.040007153431637146,-0.14769057788987366,5,#ff7f0e
leave_one_type_out_tcga_plus_pan_seer,Pan-cancer TCGA + pan-SEER,TCGA + SEER,categorical,BLCA,7,+354.7k,354693.0,seer_05pct,0.04032786748072177,-0.14736986384078907,5,#ff7f0e
leave_one_type_out_tcga_plus_pan_seer,Pan-cancer TCGA + pan-SEER,TCGA + SEER,categorical,BLCA,8,+709.4k,709384.0,seer_10pct,0.03835408968496457,-0.14934364163654626,5,#ff7f0e
leave_one_type_out_tcga_plus_pan_seer,Pan-cancer TCGA + pan-SEER,TCGA + SEER,categorical,BLCA,9,+1.4M,1418771.0,seer_20pct,0.04396832676649787,-0.14372940455501296,5,#ff7f0e
leave_one_type_out_tcga_plus_pan_seer,Pan-cancer TCGA + pan-SEER,TCGA + SEER,categorical,BLCA,10,+3.5M,3546920.0,seer_50pct,0.04500006625711367,-0.14269766506439716,5,#ff7f0e
leave_one_type_out_tcga_plus_pan_seer,Pan-cancer TCGA + pan-SEER,TCGA + SEER,categorical,BRCA,0,Single-cancer TCGA,0.0,single_cancer_tcga_baseline,0.15702010993520168,0.0,5,#2ca02c
leave_one_type_out_tcga_plus_pan_seer,Pan-cancer TCGA + pan-SEER,TCGA + SEER,categorical,BRCA,1,Pan-cancer TCGA,0.0,pan_cancer_tcga_baseline,0.08906118124611254,-0.06795892868908915,5,#2ca02c
leave_one_type_out_tcga_plus_pan_seer,Pan-cancer TCGA + pan-SEER,TCGA + SEER,categorical,BRCA,2,+999,999.0,seer_n001k_00pct,0.08810463138392426,-0.06891547855127741,5,#2ca02c
leave_one_type_out_tcga_plus_pan_seer,Pan-cancer TCGA + pan-SEER,TCGA + SEER,categorical,BRCA,3,+3k,3001.0,seer_n003k_00pct,0.06752100496264765,-0.08949910497255405,5,#2ca02c
leave_one_type_out_tcga_plus_pan_seer,Pan-cancer TCGA + pan-SEER,TCGA + SEER,categorical,BRCA,4,+10k,9999.0,seer_n010k_00pct,0.042099814800697855,-0.11492029513450382,5,#2ca02c
leave_one_type_out_tcga_plus_pan_seer,Pan-cancer TCGA + pan-SEER,TCGA + SEER,categorical,BRCA,5,+35k,35470.0,seer_n035k_00pct,0.03592657574396414,-0.12109353419123754,5,#2ca02c
leave_one_type_out_tcga_plus_pan_seer,Pan-cancer TCGA + pan-SEER,TCGA + SEER,categorical,BRCA,6,+70.9k,70938.0,seer_01pct,0.04048737664731313,-0.11653273328788856,5,#2ca02c
leave_one_type_out_tcga_plus_pan_seer,Pan-cancer TCGA + pan-SEER,TCGA + SEER,categorical,BRCA,7,+354.7k,354693.0,seer_05pct,0.038820579335725615,-0.11819953059947608,5,#2ca02c
leave_one_type_out_tcga_plus_pan_seer,Pan-cancer TCGA + pan-SEER,TCGA + SEER,categorical,BRCA,8,+709.4k,709384.0,seer_10pct,0.03703987683318851,-0.11998023310201315,5,#2ca02c
leave_one_type_out_tcga_plus_pan_seer,Pan-cancer TCGA + pan-SEER,TCGA + SEER,categorical,BRCA,9,+1.4M,1418771.0,seer_20pct,0.03460645414659154,-0.12241365578861015,5,#2ca02c
leave_one_type_out_tcga_plus_pan_seer,Pan-cancer TCGA + pan-SEER,TCGA + SEER,categorical,BRCA,10,+3.5M,3546920.0,seer_50pct,0.04015928962489703,-0.11686082031030465,5,#2ca02c
leave_one_type_out_tcga_plus_pan_seer,Pan-cancer TCGA + pan-SEER,TCGA + SEER,categorical,BRCA,11,+7.1M,7093843.0,seer_100pct,0.03715812899967351,-0.12022214670986746,1,#2ca02c
leave_one_type_out_tcga_plus_pan_seer,Pan-cancer TCGA + pan-SEER,TCGA + SEER,categorical,CESC,0,Single-cancer TCGA,0.0,single_cancer_tcga_baseline,0.20832889945955496,0.0,5,#d62728
leave_one_type_out_tcga_plus_pan_seer,Pan-cancer TCGA + pan-SEER,TCGA + SEER,categorical,CESC,1,Pan-cancer TCGA,0.0,pan_cancer_tcga_baseline,0.157951066073296,-0.05037783338625893,5,#d62728
leave_one_type_out_tcga_plus_pan_seer,Pan-cancer TCGA + pan-SEER,TCGA + SEER,categorical,CESC,2,+999,999.0,seer_n001k_00pct,0.12600101838593894,-0.08232788107361601,5,#d62728
leave_one_type_out_tcga_plus_pan_seer,Pan-cancer TCGA + pan-SEER,TCGA + SEER,categorical,CESC,3,+3k,3001.0,seer_n003k_00pct,0.08467425689838035,-0.1236546425611746,5,#d62728
leave_one_type_out_tcga_plus_pan_seer,Pan-cancer TCGA + pan-SEER,TCGA + SEER,categorical,CESC,4,+10k,9999.0,seer_n010k_00pct,0.06375551073358188,-0.14457338872597308,5,#d62728
leave_one_type_out_tcga_plus_pan_seer,Pan-cancer TCGA + pan-SEER,TCGA + SEER,categorical,CESC,5,+35k,35470.0,seer_n035k_00pct,0.05589567102525941,-0.15243322843429552,5,#d62728
leave_one_type_out_tcga_plus_pan_seer,Pan-cancer TCGA + pan-SEER,TCGA + SEER,categorical,CESC,6,+70.9k,70938.0,seer_01pct,0.050720665483136695,-0.15760823397641827,5,#d62728
leave_one_type_out_tcga_plus_pan_seer,Pan-cancer TCGA + pan-SEER,TCGA + SEER,categorical,CESC,7,+354.7k,354693.0,seer_05pct,0.04761909205013005,-0.1607098074094249,5,#d62728
leave_one_type_out_tcga_plus_pan_seer,Pan-cancer TCGA + pan-SEER,TCGA + SEER,categorical,CESC,8,+709.4k,709384.0,seer_10pct,0.05008120910515977,-0.15824769035439515,5,#d62728
leave_one_type_out_tcga_plus_pan_seer,Pan-cancer TCGA + pan-SEER,TCGA + SEER,categorical,CESC,9,+1.4M,1418771.0,seer_20pct,0.05663920977543829,-0.15168968968411664,5,#d62728
leave_one_type_out_tcga_plus_pan_seer,Pan-cancer TCGA + pan-SEER,TCGA + SEER,categorical,CESC,10,+3.5M,3546920.0,seer_50pct,0.0695736022404632,-0.13875529721909174,5,#d62728
leave_one_type_out_tcga_plus_pan_seer,Pan-cancer TCGA + pan-SEER,TCGA + SEER,categorical,CESC,11,+7.1M,7093843.0,seer_100pct,0.06295978123142543,-0.17246379130171471,3,#d62728
leave_one_type_out_tcga_plus_pan_seer,Pan-cancer TCGA + pan-SEER,TCGA + SEER,categorical,CHOL,0,Single-cancer TCGA,0.0,single_cancer_tcga_baseline,0.29743321998166006,0.0,4,#9467bd
leave_one_type_out_tcga_plus_pan_seer,Pan-cancer TCGA + pan-SEER,TCGA + SEER,categorical,CHOL,1,Pan-cancer TCGA,0.0,pan_cancer_tcga_baseline,0.04088116244196037,-0.2565520575396997,4,#9467bd
leave_one_type_out_tcga_plus_pan_seer,Pan-cancer TCGA + pan-SEER,TCGA + SEER,categorical,CHOL,2,+999,999.0,seer_n001k_00pct,0.041911516262956736,-0.2555217037187033,4,#9467bd
leave_one_type_out_tcga_plus_pan_seer,Pan-cancer TCGA + pan-SEER,TCGA + SEER,categorical,CHOL,3,+3k,3001.0,seer_n003k_00pct,0.0425775552171802,-0.25485566476447985,4,#9467bd
leave_one_type_out_tcga_plus_pan_seer,Pan-cancer TCGA + pan-SEER,TCGA + SEER,categorical,CHOL,4,+10k,9999.0,seer_n010k_00pct,0.041773310597889066,-0.255659909383771,4,#9467bd
leave_one_type_out_tcga_plus_pan_seer,Pan-cancer TCGA + pan-SEER,TCGA + SEER,categorical,CHOL,5,+35k,34999.0,seer_n035k_00pct,0.03591580986739827,-0.2615174101142618,4,#9467bd
leave_one_type_out_tcga_plus_pan_seer,Pan-cancer TCGA + pan-SEER,TCGA + SEER,categorical,CHOL,6,+70.9k,70938.0,seer_01pct,0.03547278514045992,-0.26196043484120013,4,#9467bd
leave_one_type_out_tcga_plus_pan_seer,Pan-cancer TCGA + pan-SEER,TCGA + SEER,categorical,CHOL,7,+354.7k,354693.0,seer_05pct,0.03618504552513971,-0.2612481744565204,4,#9467bd
leave_one_type_out_tcga_plus_pan_seer,Pan-cancer TCGA + pan-SEER,TCGA + SEER,categorical,CHOL,8,+709.4k,709384.0,seer_10pct,0.03612276240550293,-0.2613104575761571,4,#9467bd
leave_one_type_out_tcga_plus_pan_seer,Pan-cancer TCGA + pan-SEER,TCGA + SEER,categorical,CHOL,9,+1.4M,1418771.0,seer_20pct,0.040850574068949194,-0.25658264591271085,4,#9467bd
leave_one_type_out_tcga_plus_pan_seer,Pan-cancer TCGA + pan-SEER,TCGA + SEER,categorical,CHOL,10,+3.5M,3546920.0,seer_50pct,0.04245243518781506,-0.254980784793845,4,#9467bd
leave_one_type_out_tcga_plus_pan_seer,Pan-cancer TCGA + pan-SEER,TCGA + SEER,categorical,CHOL,11,+7.1M,7093843.0,seer_100pct,0.04067055087834341,-0.25676266910331663,4,#9467bd
leave_one_type_out_tcga_plus_pan_seer,Pan-cancer TCGA + pan-SEER,TCGA + SEER,categorical,COAD,0,Single-cancer TCGA,0.0,single_cancer_tcga_baseline,0.19789065085078533,0.0,5,#8c564b
leave_one_type_out_tcga_plus_pan_seer,Pan-cancer TCGA + pan-SEER,TCGA + SEER,categorical,COAD,1,Pan-cancer TCGA,0.0,pan_cancer_tcga_baseline,0.052804861016414274,-0.14508578983437107,5,#8c564b
leave_one_type_out_tcga_plus_pan_seer,Pan-cancer TCGA + pan-SEER,TCGA + SEER,categorical,COAD,2,+999,999.0,seer_n001k_00pct,0.07978854742586887,-0.11810210342491649,5,#8c564b
leave_one_type_out_tcga_plus_pan_seer,Pan-cancer TCGA + pan-SEER,TCGA + SEER,categorical,COAD,3,+3k,3001.0,seer_n003k_00pct,0.039837865612587675,-0.15805278523819768,5,#8c564b
leave_one_type_out_tcga_plus_pan_seer,Pan-cancer TCGA + pan-SEER,TCGA + SEER,categorical,COAD,4,+10k,9999.0,seer_n010k_00pct,0.03150561540027568,-0.1663850354505097,5,#8c564b
leave_one_type_out_tcga_plus_pan_seer,Pan-cancer TCGA + pan-SEER,TCGA + SEER,categorical,COAD,5,+35k,34999.0,seer_n035k_00pct,0.02782995008512178,-0.17006070076566357,5,#8c564b
leave_one_type_out_tcga_plus_pan_seer,Pan-cancer TCGA + pan-SEER,TCGA + SEER,categorical,COAD,6,+70.9k,70938.0,seer_01pct,0.02765675684186298,-0.17023389400892236,5,#8c564b
leave_one_type_out_tcga_plus_pan_seer,Pan-cancer TCGA + pan-SEER,TCGA + SEER,categorical,COAD,7,+354.7k,354693.0,seer_05pct,0.02513937940910017,-0.17275127144168517,5,#8c564b
leave_one_type_out_tcga_plus_pan_seer,Pan-cancer TCGA + pan-SEER,TCGA + SEER,categorical,COAD,8,+709.4k,709384.0,seer_10pct,0.025732052243852173,-0.17215859860693322,5,#8c564b
leave_one_type_out_tcga_plus_pan_seer,Pan-cancer TCGA + pan-SEER,TCGA + SEER,categorical,COAD,9,+1.4M,1418771.0,seer_20pct,0.026295802267031643,-0.1715948485837537,5,#8c564b
leave_one_type_out_tcga_plus_pan_seer,Pan-cancer TCGA + pan-SEER,TCGA + SEER,categorical,COAD,10,+3.5M,3546920.0,seer_50pct,0.027402091222118546,-0.1704885596286668,5,#8c564b
leave_one_type_out_tcga_plus_pan_seer,Pan-cancer TCGA + pan-SEER,TCGA + SEER,categorical,COAD,11,+7.1M,7093843.0,seer_100pct,0.02774694107547217,-0.1701437097753132,5,#8c564b
leave_one_type_out_tcga_plus_pan_seer,Pan-cancer TCGA + pan-SEER,TCGA + SEER,categorical,DLBC,0,Single-cancer TCGA,0.0,single_cancer_tcga_baseline,0.18958032099060812,0.0,2,#e377c2
leave_one_type_out_tcga_plus_pan_seer,Pan-cancer TCGA + pan-SEER,TCGA + SEER,categorical,DLBC,1,Pan-cancer TCGA,0.0,pan_cancer_tcga_baseline,0.3012735921309907,0.11169327114038256,2,#e377c2
leave_one_type_out_tcga_plus_pan_seer,Pan-cancer TCGA + pan-SEER,TCGA + SEER,categorical,DLBC,2,+999,999.0,seer_n001k_00pct,0.1187622208518102,-0.07081810013879791,2,#e377c2
leave_one_type_out_tcga_plus_pan_seer,Pan-cancer TCGA + pan-SEER,TCGA + SEER,categorical,DLBC,3,+3k,3001.0,seer_n003k_00pct,0.1448952935598206,-0.04468502743078752,2,#e377c2
leave_one_type_out_tcga_plus_pan_seer,Pan-cancer TCGA + pan-SEER,TCGA + SEER,categorical,DLBC,4,+10k,9999.0,seer_n010k_00pct,0.11860539963974015,-0.07097492135086796,2,#e377c2
leave_one_type_out_tcga_plus_pan_seer,Pan-cancer TCGA + pan-SEER,TCGA + SEER,categorical,DLBC,5,+35k,34999.0,seer_n035k_00pct,0.10731629583896969,-0.08226402515163841,2,#e377c2
leave_one_type_out_tcga_plus_pan_seer,Pan-cancer TCGA + pan-SEER,TCGA + SEER,categorical,DLBC,6,+70.9k,70938.0,seer_01pct,0.07027250462347083,-0.11930781636713728,2,#e377c2
leave_one_type_out_tcga_plus_pan_seer,Pan-cancer TCGA + pan-SEER,TCGA + SEER,categorical,DLBC,7,+354.7k,354693.0,seer_05pct,0.06725543531758962,-0.12232488567301848,2,#e377c2
leave_one_type_out_tcga_plus_pan_seer,Pan-cancer TCGA + pan-SEER,TCGA + SEER,categorical,DLBC,8,+709.4k,709384.0,seer_10pct,0.06297078891154596,-0.12660953207906214,2,#e377c2
leave_one_type_out_tcga_plus_pan_seer,Pan-cancer TCGA + pan-SEER,TCGA + SEER,categorical,DLBC,9,+1.4M,1418771.0,seer_20pct,0.0669460056579311,-0.122634315332677,2,#e377c2
leave_one_type_out_tcga_plus_pan_seer,Pan-cancer TCGA + pan-SEER,TCGA + SEER,categorical,DLBC,10,+3.5M,3546920.0,seer_50pct,0.10270871965065245,-0.08687160133995565,2,#e377c2
leave_one_type_out_tcga_plus_pan_seer,Pan-cancer TCGA + pan-SEER,TCGA + SEER,categorical,DLBC,11,+7.1M,7093843.0,seer_100pct,0.062117892363801275,-0.12746242862680685,2,#e377c2
leave_one_type_out_tcga_plus_pan_seer,Pan-cancer TCGA + pan-SEER,TCGA + SEER,categorical,ESCA,0,Single-cancer TCGA,0.0,single_cancer_tcga_baseline,0.17158701151986538,0.0,5,#7f7f7f
leave_one_type_out_tcga_plus_pan_seer,Pan-cancer TCGA + pan-SEER,TCGA + SEER,categorical,ESCA,1,Pan-cancer TCGA,0.0,pan_cancer_tcga_baseline,0.02891180251748149,-0.1426752090023839,5,#7f7f7f
leave_one_type_out_tcga_plus_pan_seer,Pan-cancer TCGA + pan-SEER,TCGA + SEER,categorical,ESCA,2,+999,999.0,seer_n001k_00pct,0.026173450325014967,-0.14541356119485047,5,#7f7f7f
leave_one_type_out_tcga_plus_pan_seer,Pan-cancer TCGA + pan-SEER,TCGA + SEER,categorical,ESCA,3,+3k,3001.0,seer_n003k_00pct,0.025319436032499188,-0.1462675754873662,5,#7f7f7f
leave_one_type_out_tcga_plus_pan_seer,Pan-cancer TCGA + pan-SEER,TCGA + SEER,categorical,ESCA,4,+10k,9999.0,seer_n010k_00pct,0.02181744613928415,-0.14976956538058123,5,#7f7f7f
leave_one_type_out_tcga_plus_pan_seer,Pan-cancer TCGA + pan-SEER,TCGA + SEER,categorical,ESCA,5,+35k,34999.0,seer_n035k_00pct,0.020555100375930353,-0.15103191114393505,5,#7f7f7f
leave_one_type_out_tcga_plus_pan_seer,Pan-cancer TCGA + pan-SEER,TCGA + SEER,categorical,ESCA,6,+70.9k,70938.0,seer_01pct,0.01948230135273062,-0.1521047101671348,5,#7f7f7f
leave_one_type_out_tcga_plus_pan_seer,Pan-cancer TCGA + pan-SEER,TCGA + SEER,categorical,ESCA,7,+354.7k,354693.0,seer_05pct,0.0231992526704455,-0.14838775884941993,5,#7f7f7f
leave_one_type_out_tcga_plus_pan_seer,Pan-cancer TCGA + pan-SEER,TCGA + SEER,categorical,ESCA,8,+709.4k,709384.0,seer_10pct,0.027360194580305797,-0.1442268169395596,5,#7f7f7f
leave_one_type_out_tcga_plus_pan_seer,Pan-cancer TCGA + pan-SEER,TCGA + SEER,categorical,ESCA,9,+1.4M,1418771.0,seer_20pct,0.02638025079816389,-0.14520676072170152,5,#7f7f7f
leave_one_type_out_tcga_plus_pan_seer,Pan-cancer TCGA + pan-SEER,TCGA + SEER,categorical,ESCA,10,+3.5M,3546920.0,seer_50pct,0.026905845042886678,-0.14468116647697873,5,#7f7f7f
leave_one_type_out_tcga_plus_pan_seer,Pan-cancer TCGA + pan-SEER,TCGA + SEER,categorical,ESCA,11,+7.1M,7093843.0,seer_100pct,0.025625273729577083,-0.15245673796632514,3,#7f7f7f
leave_one_type_out_tcga_plus_pan_seer,Pan-cancer TCGA + pan-SEER,TCGA + SEER,categorical,GBM,0,Single-cancer TCGA,0.0,single_cancer_tcga_baseline,0.07419544391772423,0.0,5,#bcbd22
leave_one_type_out_tcga_plus_pan_seer,Pan-cancer TCGA + pan-SEER,TCGA + SEER,categorical,GBM,1,Pan-cancer TCGA,0.0,pan_cancer_tcga_baseline,0.04097211340032407,-0.03322333051740016,5,#bcbd22
leave_one_type_out_tcga_plus_pan_seer,Pan-cancer TCGA + pan-SEER,TCGA + SEER,categorical,GBM,2,+999,999.0,seer_n001k_00pct,0.04027375137375399,-0.03392169254397024,5,#bcbd22
leave_one_type_out_tcga_plus_pan_seer,Pan-cancer TCGA + pan-SEER,TCGA + SEER,categorical,GBM,3,+3k,3001.0,seer_n003k_00pct,0.03220388435814152,-0.041991559559582704,5,#bcbd22
leave_one_type_out_tcga_plus_pan_seer,Pan-cancer TCGA + pan-SEER,TCGA + SEER,categorical,GBM,4,+10k,9999.0,seer_n010k_00pct,0.027729744104371436,-0.046465699813352794,5,#bcbd22
leave_one_type_out_tcga_plus_pan_seer,Pan-cancer TCGA + pan-SEER,TCGA + SEER,categorical,GBM,5,+35k,34999.0,seer_n035k_00pct,0.025280562026357156,-0.04891488189136707,5,#bcbd22
leave_one_type_out_tcga_plus_pan_seer,Pan-cancer TCGA + pan-SEER,TCGA + SEER,categorical,GBM,6,+70.9k,70938.0,seer_01pct,0.02627523698942331,-0.047920206928300915,5,#bcbd22
leave_one_type_out_tcga_plus_pan_seer,Pan-cancer TCGA + pan-SEER,TCGA + SEER,categorical,GBM,7,+354.7k,354693.0,seer_05pct,0.025555026782049815,-0.04864041713567441,5,#bcbd22
leave_one_type_out_tcga_plus_pan_seer,Pan-cancer TCGA + pan-SEER,TCGA + SEER,categorical,GBM,8,+709.4k,709384.0,seer_10pct,0.026828292890836863,-0.04736715102688736,5,#bcbd22
leave_one_type_out_tcga_plus_pan_seer,Pan-cancer TCGA + pan-SEER,TCGA + SEER,categorical,GBM,9,+1.4M,1418771.0,seer_20pct,0.03005060203952093,-0.04414484187820329,5,#bcbd22
leave_one_type_out_tcga_plus_pan_seer,Pan-cancer TCGA + pan-SEER,TCGA + SEER,categorical,GBM,10,+3.5M,3546920.0,seer_50pct,0.046574239903299064,-0.02762120401442516,5,#bcbd22
leave_one_type_out_tcga_plus_pan_seer,Pan-cancer TCGA + pan-SEER,TCGA + SEER,categorical,GBM,11,+7.1M,7093843.0,seer_100pct,0.04234008315720303,-0.03453214633437196,2,#bcbd22
leave_one_type_out_tcga_plus_pan_seer,Pan-cancer TCGA + pan-SEER,TCGA + SEER,categorical,HNSC,0,Single-cancer TCGA,0.0,single_cancer_tcga_baseline,0.17671435433196686,0.0,5,#17becf
leave_one_type_out_tcga_plus_pan_seer,Pan-cancer TCGA + pan-SEER,TCGA + SEER,categorical,HNSC,1,Pan-cancer TCGA,0.0,pan_cancer_tcga_baseline,0.14361680571973418,-0.033097548612232686,5,#17becf
leave_one_type_out_tcga_plus_pan_seer,Pan-cancer TCGA + pan-SEER,TCGA + SEER,categorical,HNSC,2,+999,999.0,seer_n001k_00pct,0.10799538684008089,-0.0665163151420213,2,#17becf
leave_one_type_out_tcga_plus_pan_seer,Pan-cancer TCGA + pan-SEER,TCGA + SEER,categorical,HNSC,3,+3k,3001.0,seer_n003k_00pct,0.09554494807487027,-0.07896675390723194,2,#17becf
leave_one_type_out_tcga_plus_pan_seer,Pan-cancer TCGA + pan-SEER,TCGA + SEER,categorical,HNSC,4,+10k,9999.0,seer_n010k_00pct,0.060269122764177334,-0.11424257921792488,2,#17becf
leave_one_type_out_tcga_plus_pan_seer,Pan-cancer TCGA + pan-SEER,TCGA + SEER,categorical,HNSC,5,+35k,34999.0,seer_n035k_00pct,0.05170617330645952,-0.12280552867564269,2,#17becf
leave_one_type_out_tcga_plus_pan_seer,Pan-cancer TCGA + pan-SEER,TCGA + SEER,categorical,HNSC,6,+70.9k,70938.0,seer_01pct,0.0431073625459092,-0.13360699178605767,5,#17becf
leave_one_type_out_tcga_plus_pan_seer,Pan-cancer TCGA + pan-SEER,TCGA + SEER,categorical,HNSC,7,+354.7k,354693.0,seer_05pct,0.04489449983393776,-0.13181985449802908,5,#17becf
leave_one_type_out_tcga_plus_pan_seer,Pan-cancer TCGA + pan-SEER,TCGA + SEER,categorical,HNSC,8,+709.4k,709384.0,seer_10pct,0.04591678275228049,-0.13079757157968636,5,#17becf
leave_one_type_out_tcga_plus_pan_seer,Pan-cancer TCGA + pan-SEER,TCGA + SEER,categorical,HNSC,9,+1.4M,1418771.0,seer_20pct,0.052264642536354586,-0.13579111497910049,4,#17becf
leave_one_type_out_tcga_plus_pan_seer,Pan-cancer TCGA + pan-SEER,TCGA + SEER,categorical,HNSC,10,+3.5M,3546920.0,seer_50pct,0.059151248362054216,-0.11536045362004799,2,#17becf
leave_one_type_out_tcga_plus_pan_seer,Pan-cancer TCGA + pan-SEER,TCGA + SEER,categorical,HNSC,11,+7.1M,7093843.0,seer_100pct,0.05435739358551078,-0.13593292383268774,1,#17becf
leave_one_type_out_tcga_plus_pan_seer,Pan-cancer TCGA + pan-SEER,TCGA + SEER,categorical,KICH,0,Single-cancer TCGA,0.0,single_cancer_tcga_baseline,0.09220573582640403,0.0,2,#393b79
leave_one_type_out_tcga_plus_pan_seer,Pan-cancer TCGA + pan-SEER,TCGA + SEER,categorical,KICH,1,Pan-cancer TCGA,0.0,pan_cancer_tcga_baseline,0.1120370059994367,0.019831270173032677,2,#393b79
leave_one_type_out_tcga_plus_pan_seer,Pan-cancer TCGA + pan-SEER,TCGA + SEER,categorical,KICH,2,+999,999.0,seer_n001k_00pct,0.0628891313416208,-0.048298890870727765,1,#393b79
leave_one_type_out_tcga_plus_pan_seer,Pan-cancer TCGA + pan-SEER,TCGA + SEER,categorical,KICH,3,+3k,3001.0,seer_n003k_00pct,0.07374216829897243,-0.03744585391337614,1,#393b79
leave_one_type_out_tcga_plus_pan_seer,Pan-cancer TCGA + pan-SEER,TCGA + SEER,categorical,KICH,4,+10k,9999.0,seer_n010k_00pct,0.029999099895235533,-0.08118892231711303,1,#393b79
leave_one_type_out_tcga_plus_pan_seer,Pan-cancer TCGA + pan-SEER,TCGA + SEER,categorical,KICH,5,+35k,34999.0,seer_n035k_00pct,0.025782640618357177,-0.08540538159399139,1,#393b79
leave_one_type_out_tcga_plus_pan_seer,Pan-cancer TCGA + pan-SEER,TCGA + SEER,categorical,KICH,6,+70.9k,70938.0,seer_01pct,0.023881088323713724,-0.0683246475026903,2,#393b79
leave_one_type_out_tcga_plus_pan_seer,Pan-cancer TCGA + pan-SEER,TCGA + SEER,categorical,KICH,7,+354.7k,354693.0,seer_05pct,0.026335750277492673,-0.06586998554891135,2,#393b79
leave_one_type_out_tcga_plus_pan_seer,Pan-cancer TCGA + pan-SEER,TCGA + SEER,categorical,KICH,8,+709.4k,709384.0,seer_10pct,0.026474512949380337,-0.06573122287702368,2,#393b79
leave_one_type_out_tcga_plus_pan_seer,Pan-cancer TCGA + pan-SEER,TCGA + SEER,categorical,KICH,9,+1.4M,1418771.0,seer_20pct,0.028239002389812383,-0.06396673343659164,2,#393b79
leave_one_type_out_tcga_plus_pan_seer,Pan-cancer TCGA + pan-SEER,TCGA + SEER,categorical,KICH,10,+3.5M,3546920.0,seer_50pct,0.028524727272139828,-0.08266329494020874,1,#393b79
leave_one_type_out_tcga_plus_pan_seer,Pan-cancer TCGA + pan-SEER,TCGA + SEER,categorical,KICH,11,+7.1M,7093843.0,seer_100pct,0.030316872665797585,-0.08087114954655097,1,#393b79
leave_one_type_out_tcga_plus_pan_seer,Pan-cancer TCGA + pan-SEER,TCGA + SEER,categorical,KIRC,0,Single-cancer TCGA,0.0,single_cancer_tcga_baseline,0.12842819576082887,0.0,5,#637939
leave_one_type_out_tcga_plus_pan_seer,Pan-cancer TCGA + pan-SEER,TCGA + SEER,categorical,KIRC,1,Pan-cancer TCGA,0.0,pan_cancer_tcga_baseline,0.07729492052761536,-0.05113327523321352,5,#637939
leave_one_type_out_tcga_plus_pan_seer,Pan-cancer TCGA + pan-SEER,TCGA + SEER,categorical,KIRC,2,+999,999.0,seer_n001k_00pct,0.06725544032166958,-0.04002353974185893,2,#637939
leave_one_type_out_tcga_plus_pan_seer,Pan-cancer TCGA + pan-SEER,TCGA + SEER,categorical,KIRC,3,+3k,3001.0,seer_n003k_00pct,0.05512827923148032,-0.05215070083204819,2,#637939
leave_one_type_out_tcga_plus_pan_seer,Pan-cancer TCGA + pan-SEER,TCGA + SEER,categorical,KIRC,4,+10k,9999.0,seer_n010k_00pct,0.04505052510642512,-0.062228454957103385,2,#637939
leave_one_type_out_tcga_plus_pan_seer,Pan-cancer TCGA + pan-SEER,TCGA + SEER,categorical,KIRC,5,+35k,34999.0,seer_n035k_00pct,0.0392645011140859,-0.06801447894944261,2,#637939
leave_one_type_out_tcga_plus_pan_seer,Pan-cancer TCGA + pan-SEER,TCGA + SEER,categorical,KIRC,6,+70.9k,70938.0,seer_01pct,0.034931960797138714,-0.09349623496369015,5,#637939
leave_one_type_out_tcga_plus_pan_seer,Pan-cancer TCGA + pan-SEER,TCGA + SEER,categorical,KIRC,7,+354.7k,354693.0,seer_05pct,0.03700499042070486,-0.091423205340124,5,#637939
leave_one_type_out_tcga_plus_pan_seer,Pan-cancer TCGA + pan-SEER,TCGA + SEER,categorical,KIRC,8,+709.4k,709384.0,seer_10pct,0.040828005684683234,-0.08760019007614564,5,#637939
leave_one_type_out_tcga_plus_pan_seer,Pan-cancer TCGA + pan-SEER,TCGA + SEER,categorical,KIRC,9,+1.4M,1418771.0,seer_20pct,0.04341612249209873,-0.08501207326873014,5,#637939
leave_one_type_out_tcga_plus_pan_seer,Pan-cancer TCGA + pan-SEER,TCGA + SEER,categorical,KIRC,10,+3.5M,3546920.0,seer_50pct,0.05277381648155819,-0.054505163581970315,2,#637939
leave_one_type_out_tcga_plus_pan_seer,Pan-cancer TCGA + pan-SEER,TCGA + SEER,categorical,KIRP,0,Single-cancer TCGA,0.0,single_cancer_tcga_baseline,0.16245695200985902,0.0,5,#8c6d31
leave_one_type_out_tcga_plus_pan_seer,Pan-cancer TCGA + pan-SEER,TCGA + SEER,categorical,KIRP,1,Pan-cancer TCGA,0.0,pan_cancer_tcga_baseline,0.07027924757966211,-0.09217770443019689,5,#8c6d31
leave_one_type_out_tcga_plus_pan_seer,Pan-cancer TCGA + pan-SEER,TCGA + SEER,categorical,KIRP,2,+999,999.0,seer_n001k_00pct,0.07609202335920856,-0.08636492865065046,5,#8c6d31
leave_one_type_out_tcga_plus_pan_seer,Pan-cancer TCGA + pan-SEER,TCGA + SEER,categorical,KIRP,3,+3k,3001.0,seer_n003k_00pct,0.04852901450563332,-0.1139279375042257,5,#8c6d31
leave_one_type_out_tcga_plus_pan_seer,Pan-cancer TCGA + pan-SEER,TCGA + SEER,categorical,KIRP,4,+10k,9999.0,seer_n010k_00pct,0.038180271929547885,-0.12427668008031115,5,#8c6d31
leave_one_type_out_tcga_plus_pan_seer,Pan-cancer TCGA + pan-SEER,TCGA + SEER,categorical,KIRP,5,+35k,34999.0,seer_n035k_00pct,0.030968337596479257,-0.13148861441337978,5,#8c6d31
leave_one_type_out_tcga_plus_pan_seer,Pan-cancer TCGA + pan-SEER,TCGA + SEER,categorical,KIRP,6,+70.9k,70938.0,seer_01pct,0.026342355205218975,-0.13611459680464005,5,#8c6d31
leave_one_type_out_tcga_plus_pan_seer,Pan-cancer TCGA + pan-SEER,TCGA + SEER,categorical,KIRP,7,+354.7k,354693.0,seer_05pct,0.02375799660115029,-0.13869895540870875,5,#8c6d31
leave_one_type_out_tcga_plus_pan_seer,Pan-cancer TCGA + pan-SEER,TCGA + SEER,categorical,KIRP,8,+709.4k,709384.0,seer_10pct,0.02521224936676974,-0.13724470264308927,5,#8c6d31
leave_one_type_out_tcga_plus_pan_seer,Pan-cancer TCGA + pan-SEER,TCGA + SEER,categorical,KIRP,9,+1.4M,1418771.0,seer_20pct,0.026592272955530783,-0.13586467905432825,5,#8c6d31
leave_one_type_out_tcga_plus_pan_seer,Pan-cancer TCGA + pan-SEER,TCGA + SEER,categorical,KIRP,10,+3.5M,3546920.0,seer_50pct,0.027988643803691392,-0.13446830820616765,5,#8c6d31
leave_one_type_out_tcga_plus_pan_seer,Pan-cancer TCGA + pan-SEER,TCGA + SEER,categorical,KIRP,11,+7.1M,7093843.0,seer_100pct,0.02821662903915636,-0.13424032297070268,5,#8c6d31
leave_one_type_out_tcga_plus_pan_seer,Pan-cancer TCGA + pan-SEER,TCGA + SEER,categorical,LAML,0,Single-cancer TCGA,0.0,single_cancer_tcga_baseline,0.2096926347099058,0.0,5,#843c39
leave_one_type_out_tcga_plus_pan_seer,Pan-cancer TCGA + pan-SEER,TCGA + SEER,categorical,LAML,1,Pan-cancer TCGA,0.0,pan_cancer_tcga_baseline,0.04381787565790583,-0.16587475905199994,5,#843c39
leave_one_type_out_tcga_plus_pan_seer,Pan-cancer TCGA + pan-SEER,TCGA + SEER,categorical,LAML,2,+999,999.0,seer_n001k_00pct,0.03836203826664094,-0.16889292322832206,3,#843c39
leave_one_type_out_tcga_plus_pan_seer,Pan-cancer TCGA + pan-SEER,TCGA + SEER,categorical,LAML,3,+3k,3001.0,seer_n003k_00pct,0.0340735249244618,-0.1731814365705012,3,#843c39
leave_one_type_out_tcga_plus_pan_seer,Pan-cancer TCGA + pan-SEER,TCGA + SEER,categorical,LAML,4,+10k,9999.0,seer_n010k_00pct,0.03371340186759856,-0.17354155962736448,3,#843c39
leave_one_type_out_tcga_plus_pan_seer,Pan-cancer TCGA + pan-SEER,TCGA + SEER,categorical,LAML,5,+35k,34999.0,seer_n035k_00pct,0.031571419589107745,-0.17568354190585525,3,#843c39
leave_one_type_out_tcga_plus_pan_seer,Pan-cancer TCGA + pan-SEER,TCGA + SEER,categorical,LAML,6,+70.9k,70938.0,seer_01pct,0.030157852158263256,-0.1795347825516425,5,#843c39
leave_one_type_out_tcga_plus_pan_seer,Pan-cancer TCGA + pan-SEER,TCGA + SEER,categorical,LAML,7,+354.7k,354693.0,seer_05pct,0.04298867155341907,-0.1667039631564867,5,#843c39
leave_one_type_out_tcga_plus_pan_seer,Pan-cancer TCGA + pan-SEER,TCGA + SEER,categorical,LAML,8,+709.4k,709384.0,seer_10pct,0.03733446363313313,-0.17235817107677265,5,#843c39
leave_one_type_out_tcga_plus_pan_seer,Pan-cancer TCGA + pan-SEER,TCGA + SEER,categorical,LAML,9,+1.4M,1418771.0,seer_20pct,0.05205200621492297,-0.1576406284949828,5,#843c39
leave_one_type_out_tcga_plus_pan_seer,Pan-cancer TCGA + pan-SEER,TCGA + SEER,categorical,LAML,10,+3.5M,3546920.0,seer_50pct,0.064594061610084,-0.142660899884879,3,#843c39
leave_one_type_out_tcga_plus_pan_seer,Pan-cancer TCGA + pan-SEER,TCGA + SEER,categorical,LAML,11,+7.1M,7093843.0,seer_100pct,0.05978795875242677,-0.08839754301093339,1,#843c39
leave_one_type_out_tcga_plus_pan_seer,Pan-cancer TCGA + pan-SEER,TCGA + SEER,categorical,LGG,0,Single-cancer TCGA,0.0,single_cancer_tcga_baseline,0.1740875524739498,0.0,5,#7b4173
leave_one_type_out_tcga_plus_pan_seer,Pan-cancer TCGA + pan-SEER,TCGA + SEER,categorical,LGG,1,Pan-cancer TCGA,0.0,pan_cancer_tcga_baseline,0.12606902186318314,-0.04801853061076666,5,#7b4173
leave_one_type_out_tcga_plus_pan_seer,Pan-cancer TCGA + pan-SEER,TCGA + SEER,categorical,LGG,2,+999,999.0,seer_n001k_00pct,0.08338732718586939,-0.06344506863428084,3,#7b4173
leave_one_type_out_tcga_plus_pan_seer,Pan-cancer TCGA + pan-SEER,TCGA + SEER,categorical,LGG,3,+3k,3001.0,seer_n003k_00pct,0.05841740948752205,-0.08841498633262819,3,#7b4173
leave_one_type_out_tcga_plus_pan_seer,Pan-cancer TCGA + pan-SEER,TCGA + SEER,categorical,LGG,4,+10k,9999.0,seer_n010k_00pct,0.03591868301198286,-0.11091371280816738,3,#7b4173
leave_one_type_out_tcga_plus_pan_seer,Pan-cancer TCGA + pan-SEER,TCGA + SEER,categorical,LGG,5,+35k,34999.0,seer_n035k_00pct,0.02916535255957406,-0.11766704326057616,3,#7b4173
leave_one_type_out_tcga_plus_pan_seer,Pan-cancer TCGA + pan-SEER,TCGA + SEER,categorical,LGG,6,+70.9k,70938.0,seer_01pct,0.029229285408646777,-0.14485826706530303,5,#7b4173
leave_one_type_out_tcga_plus_pan_seer,Pan-cancer TCGA + pan-SEER,TCGA + SEER,categorical,LGG,7,+354.7k,354693.0,seer_05pct,0.030134631074959804,-0.14395292139898996,5,#7b4173
leave_one_type_out_tcga_plus_pan_seer,Pan-cancer TCGA + pan-SEER,TCGA + SEER,categorical,LGG,8,+709.4k,709384.0,seer_10pct,0.030602361062470912,-0.1434851914114789,5,#7b4173
leave_one_type_out_tcga_plus_pan_seer,Pan-cancer TCGA + pan-SEER,TCGA + SEER,categorical,LGG,9,+1.4M,1418771.0,seer_20pct,0.03286828777967025,-0.14121926469427953,5,#7b4173
leave_one_type_out_tcga_plus_pan_seer,Pan-cancer TCGA + pan-SEER,TCGA + SEER,categorical,LGG,10,+3.5M,3546920.0,seer_50pct,0.035306067706345645,-0.11152632811380458,3,#7b4173
leave_one_type_out_tcga_plus_pan_seer,Pan-cancer TCGA + pan-SEER,TCGA + SEER,categorical,LGG,11,+7.1M,7093843.0,seer_100pct,0.040837268286425664,-0.13360139094461934,1,#7b4173
leave_one_type_out_tcga_plus_pan_seer,Pan-cancer TCGA + pan-SEER,TCGA + SEER,categorical,LIHC,0,Single-cancer TCGA,0.0,single_cancer_tcga_baseline,0.196872389045799,0.0,5,#3182bd
leave_one_type_out_tcga_plus_pan_seer,Pan-cancer TCGA + pan-SEER,TCGA + SEER,categorical,LIHC,1,Pan-cancer TCGA,0.0,pan_cancer_tcga_baseline,0.04535940186898445,-0.1515129871768146,5,#3182bd
leave_one_type_out_tcga_plus_pan_seer,Pan-cancer TCGA + pan-SEER,TCGA + SEER,categorical,LIHC,2,+999,999.0,seer_n001k_00pct,0.04624434968557436,-0.17025188092733248,3,#3182bd
leave_one_type_out_tcga_plus_pan_seer,Pan-cancer TCGA + pan-SEER,TCGA + SEER,categorical,LIHC,3,+3k,3001.0,seer_n003k_00pct,0.04286798422696567,-0.17362824638594118,3,#3182bd
leave_one_type_out_tcga_plus_pan_seer,Pan-cancer TCGA + pan-SEER,TCGA + SEER,categorical,LIHC,4,+10k,9999.0,seer_n010k_00pct,0.03587593487249314,-0.18062029574041372,3,#3182bd
leave_one_type_out_tcga_plus_pan_seer,Pan-cancer TCGA + pan-SEER,TCGA + SEER,categorical,LIHC,5,+35k,34999.0,seer_n035k_00pct,0.033866497179647924,-0.18262973343325895,3,#3182bd
leave_one_type_out_tcga_plus_pan_seer,Pan-cancer TCGA + pan-SEER,TCGA + SEER,categorical,LIHC,6,+70.9k,70938.0,seer_01pct,0.030655465640983388,-0.16621692340481564,5,#3182bd
leave_one_type_out_tcga_plus_pan_seer,Pan-cancer TCGA + pan-SEER,TCGA + SEER,categorical,LIHC,7,+354.7k,354693.0,seer_05pct,0.029923357432149623,-0.16694903161364943,5,#3182bd
leave_one_type_out_tcga_plus_pan_seer,Pan-cancer TCGA + pan-SEER,TCGA + SEER,categorical,LIHC,8,+709.4k,709384.0,seer_10pct,0.03292958078647418,-0.1639428082593249,5,#3182bd
leave_one_type_out_tcga_plus_pan_seer,Pan-cancer TCGA + pan-SEER,TCGA + SEER,categorical,LIHC,9,+1.4M,1418771.0,seer_20pct,0.03287439184367615,-0.16399799720212288,5,#3182bd
leave_one_type_out_tcga_plus_pan_seer,Pan-cancer TCGA + pan-SEER,TCGA + SEER,categorical,LIHC,10,+3.5M,3546920.0,seer_50pct,0.03647927395690153,-0.18001695665600534,3,#3182bd
leave_one_type_out_tcga_plus_pan_seer,Pan-cancer TCGA + pan-SEER,TCGA + SEER,categorical,LIHC,11,+7.1M,7093843.0,seer_100pct,0.03857313643296256,-0.19114353752255517,1,#3182bd
leave_one_type_out_tcga_plus_pan_seer,Pan-cancer TCGA + pan-SEER,TCGA + SEER,categorical,LUAD,0,Single-cancer TCGA,0.0,single_cancer_tcga_baseline,0.1771317260009033,0.0,5,#31a354
leave_one_type_out_tcga_plus_pan_seer,Pan-cancer TCGA + pan-SEER,TCGA + SEER,categorical,LUAD,1,Pan-cancer TCGA,0.0,pan_cancer_tcga_baseline,0.12518541684787726,-0.05194630915302604,5,#31a354
leave_one_type_out_tcga_plus_pan_seer,Pan-cancer TCGA + pan-SEER,TCGA + SEER,categorical,LUAD,2,+999,999.0,seer_n001k_00pct,0.06864207189778174,-0.06906228927467015,2,#31a354
leave_one_type_out_tcga_plus_pan_seer,Pan-cancer TCGA + pan-SEER,TCGA + SEER,categorical,LUAD,3,+3k,3001.0,seer_n003k_00pct,0.06384738197114581,-0.07385697920130604,2,#31a354
leave_one_type_out_tcga_plus_pan_seer,Pan-cancer TCGA + pan-SEER,TCGA + SEER,categorical,LUAD,4,+10k,9999.0,seer_n010k_00pct,0.04919480005353595,-0.08850956111891592,2,#31a354
leave_one_type_out_tcga_plus_pan_seer,Pan-cancer TCGA + pan-SEER,TCGA + SEER,categorical,LUAD,5,+35k,34999.0,seer_n035k_00pct,0.04200497072996462,-0.09569939044248725,2,#31a354
leave_one_type_out_tcga_plus_pan_seer,Pan-cancer TCGA + pan-SEER,TCGA + SEER,categorical,LUAD,6,+70.9k,70938.0,seer_01pct,0.04677336607445508,-0.13035835992644823,5,#31a354
leave_one_type_out_tcga_plus_pan_seer,Pan-cancer TCGA + pan-SEER,TCGA + SEER,categorical,LUAD,7,+354.7k,354693.0,seer_05pct,0.043339846686147376,-0.13379187931475595,5,#31a354
leave_one_type_out_tcga_plus_pan_seer,Pan-cancer TCGA + pan-SEER,TCGA + SEER,categorical,LUAD,8,+709.4k,709384.0,seer_10pct,0.04417179594052223,-0.13295993006038107,5,#31a354
leave_one_type_out_tcga_plus_pan_seer,Pan-cancer TCGA + pan-SEER,TCGA + SEER,categorical,LUAD,9,+1.4M,1418771.0,seer_20pct,0.0413180213471924,-0.1358137046537109,5,#31a354
leave_one_type_out_tcga_plus_pan_seer,Pan-cancer TCGA + pan-SEER,TCGA + SEER,categorical,LUAD,10,+3.5M,3546920.0,seer_50pct,0.07078242129732937,-0.06692193987512249,2,#31a354
leave_one_type_out_tcga_plus_pan_seer,Pan-cancer TCGA + pan-SEER,TCGA + SEER,categorical,LUAD,11,+7.1M,7093843.0,seer_100pct,0.03207401756034973,-0.09604084660481715,1,#31a354
leave_one_type_out_tcga_plus_pan_seer,Pan-cancer TCGA + pan-SEER,TCGA + SEER,categorical,LUSC,0,Single-cancer TCGA,0.0,single_cancer_tcga_baseline,0.18489732153808397,0.0,5,#756bb1
leave_one_type_out_tcga_plus_pan_seer,Pan-cancer TCGA + pan-SEER,TCGA + SEER,categorical,LUSC,1,Pan-cancer TCGA,0.0,pan_cancer_tcga_baseline,0.15431557982763197,-0.030581741710452016,5,#756bb1
leave_one_type_out_tcga_plus_pan_seer,Pan-cancer TCGA + pan-SEER,TCGA + SEER,categorical,LUSC,2,+999,999.0,seer_n001k_00pct,0.15285563947728886,-0.04383980819162055,4,#756bb1
leave_one_type_out_tcga_plus_pan_seer,Pan-cancer TCGA + pan-SEER,TCGA + SEER,categorical,LUSC,3,+3k,3001.0,seer_n003k_00pct,0.10326040594116158,-0.09343504172774784,4,#756bb1
leave_one_type_out_tcga_plus_pan_seer,Pan-cancer TCGA + pan-SEER,TCGA + SEER,categorical,LUSC,4,+10k,9999.0,seer_n010k_00pct,0.06156287730966881,-0.13513257035924062,4,#756bb1
leave_one_type_out_tcga_plus_pan_seer,Pan-cancer TCGA + pan-SEER,TCGA + SEER,categorical,LUSC,5,+35k,34999.0,seer_n035k_00pct,0.0519825717516051,-0.1447128759173043,4,#756bb1
leave_one_type_out_tcga_plus_pan_seer,Pan-cancer TCGA + pan-SEER,TCGA + SEER,categorical,LUSC,6,+70.9k,70938.0,seer_01pct,0.04957746572693737,-0.13531985581114664,5,#756bb1
leave_one_type_out_tcga_plus_pan_seer,Pan-cancer TCGA + pan-SEER,TCGA + SEER,categorical,LUSC,7,+354.7k,354693.0,seer_05pct,0.0446991291330341,-0.14019819240504988,5,#756bb1
leave_one_type_out_tcga_plus_pan_seer,Pan-cancer TCGA + pan-SEER,TCGA + SEER,categorical,LUSC,8,+709.4k,709384.0,seer_10pct,0.04408818516378376,-0.14080913637430023,5,#756bb1
leave_one_type_out_tcga_plus_pan_seer,Pan-cancer TCGA + pan-SEER,TCGA + SEER,categorical,LUSC,9,+1.4M,1418771.0,seer_20pct,0.04677433653627609,-0.1381229850018079,5,#756bb1
leave_one_type_out_tcga_plus_pan_seer,Pan-cancer TCGA + pan-SEER,TCGA + SEER,categorical,LUSC,10,+3.5M,3546920.0,seer_50pct,0.04757239877858269,-0.14912304889032674,4,#756bb1
leave_one_type_out_tcga_plus_pan_seer,Pan-cancer TCGA + pan-SEER,TCGA + SEER,categorical,LUSC,11,+7.1M,7093843.0,seer_100pct,0.059773245897743375,-0.2102410064885525,2,#756bb1
leave_one_type_out_tcga_plus_pan_seer,Pan-cancer TCGA + pan-SEER,TCGA + SEER,categorical,MESO,0,Single-cancer TCGA,0.0,single_cancer_tcga_baseline,0.14716333531568715,0.0,5,#636363
leave_one_type_out_tcga_plus_pan_seer,Pan-cancer TCGA + pan-SEER,TCGA + SEER,categorical,MESO,1,Pan-cancer TCGA,0.0,pan_cancer_tcga_baseline,0.045981025978460995,-0.10118230933722616,5,#636363
leave_one_type_out_tcga_plus_pan_seer,Pan-cancer TCGA + pan-SEER,TCGA + SEER,categorical,MESO,2,+999,999.0,seer_n001k_00pct,0.045868771340539446,-0.0989319248980019,4,#636363
leave_one_type_out_tcga_plus_pan_seer,Pan-cancer TCGA + pan-SEER,TCGA + SEER,categorical,MESO,3,+3k,3001.0,seer_n003k_00pct,0.044302132751728014,-0.10049856348681332,4,#636363
leave_one_type_out_tcga_plus_pan_seer,Pan-cancer TCGA + pan-SEER,TCGA + SEER,categorical,MESO,4,+10k,9999.0,seer_n010k_00pct,0.04328655166337909,-0.10151414457516225,4,#636363
leave_one_type_out_tcga_plus_pan_seer,Pan-cancer TCGA + pan-SEER,TCGA + SEER,categorical,MESO,5,+35k,34999.0,seer_n035k_00pct,0.04373203367176958,-0.10106866256677176,4,#636363
leave_one_type_out_tcga_plus_pan_seer,Pan-cancer TCGA + pan-SEER,TCGA + SEER,categorical,MESO,6,+70.9k,70938.0,seer_01pct,0.03906467421928283,-0.10809866109640434,5,#636363
leave_one_type_out_tcga_plus_pan_seer,Pan-cancer TCGA + pan-SEER,TCGA + SEER,categorical,MESO,7,+354.7k,354693.0,seer_05pct,0.040043276336320245,-0.10712005897936691,5,#636363
leave_one_type_out_tcga_plus_pan_seer,Pan-cancer TCGA + pan-SEER,TCGA + SEER,categorical,MESO,8,+709.4k,709384.0,seer_10pct,0.042278121438940865,-0.10488521387674629,5,#636363
leave_one_type_out_tcga_plus_pan_seer,Pan-cancer TCGA + pan-SEER,TCGA + SEER,categorical,MESO,9,+1.4M,1418771.0,seer_20pct,0.050057685188234016,-0.09710565012745316,5,#636363
leave_one_type_out_tcga_plus_pan_seer,Pan-cancer TCGA + pan-SEER,TCGA + SEER,categorical,MESO,10,+3.5M,3546920.0,seer_50pct,0.05778793284912279,-0.08701276338941856,4,#636363
leave_one_type_out_tcga_plus_pan_seer,Pan-cancer TCGA + pan-SEER,TCGA + SEER,categorical,OV,0,Single-cancer TCGA,0.0,single_cancer_tcga_baseline,0.15244700186573898,0.0,5,#e6550d
leave_one_type_out_tcga_plus_pan_seer,Pan-cancer TCGA + pan-SEER,TCGA + SEER,categorical,OV,1,Pan-cancer TCGA,0.0,pan_cancer_tcga_baseline,0.13850153851516167,-0.0139454633505773,5,#e6550d
leave_one_type_out_tcga_plus_pan_seer,Pan-cancer TCGA + pan-SEER,TCGA + SEER,categorical,OV,2,+999,999.0,seer_n001k_00pct,0.13918611353952356,-0.01326088832621541,5,#e6550d
leave_one_type_out_tcga_plus_pan_seer,Pan-cancer TCGA + pan-SEER,TCGA + SEER,categorical,OV,3,+3k,3001.0,seer_n003k_00pct,0.09488985871855615,-0.06299802528586171,4,#e6550d
leave_one_type_out_tcga_plus_pan_seer,Pan-cancer TCGA + pan-SEER,TCGA + SEER,categorical,OV,4,+10k,9999.0,seer_n010k_00pct,0.06612225078437323,-0.09176563322004463,4,#e6550d
leave_one_type_out_tcga_plus_pan_seer,Pan-cancer TCGA + pan-SEER,TCGA + SEER,categorical,OV,5,+35k,34999.0,seer_n035k_00pct,0.058135460953604674,-0.12259602505285697,2,#e6550d
leave_one_type_out_tcga_plus_pan_seer,Pan-cancer TCGA + pan-SEER,TCGA + SEER,categorical,OV,6,+70.9k,70938.0,seer_01pct,0.04953982158384462,-0.10290718028189436,5,#e6550d
leave_one_type_out_tcga_plus_pan_seer,Pan-cancer TCGA + pan-SEER,TCGA + SEER,categorical,OV,7,+354.7k,354693.0,seer_05pct,0.04817199482976244,-0.10427500703597654,5,#e6550d
leave_one_type_out_tcga_plus_pan_seer,Pan-cancer TCGA + pan-SEER,TCGA + SEER,categorical,OV,8,+709.4k,709384.0,seer_10pct,0.049109903718925534,-0.10333709814681344,5,#e6550d
leave_one_type_out_tcga_plus_pan_seer,Pan-cancer TCGA + pan-SEER,TCGA + SEER,categorical,OV,9,+1.4M,1418771.0,seer_20pct,0.05148045021167663,-0.10096655165406236,5,#e6550d
leave_one_type_out_tcga_plus_pan_seer,Pan-cancer TCGA + pan-SEER,TCGA + SEER,categorical,OV,10,+3.5M,3546920.0,seer_50pct,0.05739828573051263,-0.09504871613522634,5,#e6550d
leave_one_type_out_tcga_plus_pan_seer,Pan-cancer TCGA + pan-SEER,TCGA + SEER,categorical,PAAD,0,Single-cancer TCGA,0.0,single_cancer_tcga_baseline,0.19834591987245714,0.0,5,#969696
leave_one_type_out_tcga_plus_pan_seer,Pan-cancer TCGA + pan-SEER,TCGA + SEER,categorical,PAAD,1,Pan-cancer TCGA,0.0,pan_cancer_tcga_baseline,0.02573557655436571,-0.17261034331809144,5,#969696
leave_one_type_out_tcga_plus_pan_seer,Pan-cancer TCGA + pan-SEER,TCGA + SEER,categorical,PAAD,2,+999,999.0,seer_n001k_00pct,0.02591149872414629,-0.1879478304957912,4,#969696
leave_one_type_out_tcga_plus_pan_seer,Pan-cancer TCGA + pan-SEER,TCGA + SEER,categorical,PAAD,3,+3k,3001.0,seer_n003k_00pct,0.023524668691807818,-0.19033466052812967,4,#969696
leave_one_type_out_tcga_plus_pan_seer,Pan-cancer TCGA + pan-SEER,TCGA + SEER,categorical,PAAD,4,+10k,9999.0,seer_n010k_00pct,0.02093907607522749,-0.19292025314471004,4,#969696
leave_one_type_out_tcga_plus_pan_seer,Pan-cancer TCGA + pan-SEER,TCGA + SEER,categorical,PAAD,5,+35k,34999.0,seer_n035k_00pct,0.02407893690548376,-0.18978039231445373,4,#969696
leave_one_type_out_tcga_plus_pan_seer,Pan-cancer TCGA + pan-SEER,TCGA + SEER,categorical,PAAD,6,+70.9k,70938.0,seer_01pct,0.020818750436943447,-0.1775271694355137,5,#969696
leave_one_type_out_tcga_plus_pan_seer,Pan-cancer TCGA + pan-SEER,TCGA + SEER,categorical,PAAD,7,+354.7k,354693.0,seer_05pct,0.025619622862888054,-0.17272629700956907,5,#969696
leave_one_type_out_tcga_plus_pan_seer,Pan-cancer TCGA + pan-SEER,TCGA + SEER,categorical,PAAD,8,+709.4k,709384.0,seer_10pct,0.024225561214365653,-0.17412035865809147,5,#969696
leave_one_type_out_tcga_plus_pan_seer,Pan-cancer TCGA + pan-SEER,TCGA + SEER,categorical,PAAD,9,+1.4M,1418771.0,seer_20pct,0.02560549146976802,-0.17274042840268908,5,#969696
leave_one_type_out_tcga_plus_pan_seer,Pan-cancer TCGA + pan-SEER,TCGA + SEER,categorical,PAAD,10,+3.5M,3546920.0,seer_50pct,0.0282084921147309,-0.1856508371052066,4,#969696
leave_one_type_out_tcga_plus_pan_seer,Pan-cancer TCGA + pan-SEER,TCGA + SEER,categorical,PAAD,11,+7.1M,7093843.0,seer_100pct,0.036451695263629,-0.0892978272196139,2,#969696
leave_one_type_out_tcga_plus_pan_seer,Pan-cancer TCGA + pan-SEER,TCGA + SEER,categorical,PCPG,0,Single-cancer TCGA,0.0,single_cancer_tcga_baseline,0.03441005985932279,0.0,2,#6baed6
leave_one_type_out_tcga_plus_pan_seer,Pan-cancer TCGA + pan-SEER,TCGA + SEER,categorical,PCPG,1,Pan-cancer TCGA,0.0,pan_cancer_tcga_baseline,0.04039822246746862,0.005988162608145824,2,#6baed6
leave_one_type_out_tcga_plus_pan_seer,Pan-cancer TCGA + pan-SEER,TCGA + SEER,categorical,PCPG,2,+999,999.0,seer_n001k_00pct,0.030139416935342993,-0.0042706429239798005,2,#6baed6
leave_one_type_out_tcga_plus_pan_seer,Pan-cancer TCGA + pan-SEER,TCGA + SEER,categorical,PCPG,3,+3k,3001.0,seer_n003k_00pct,0.02069402029354031,-0.013716039565782486,2,#6baed6
leave_one_type_out_tcga_plus_pan_seer,Pan-cancer TCGA + pan-SEER,TCGA + SEER,categorical,PCPG,4,+10k,9999.0,seer_n010k_00pct,0.018818760954039473,-0.015591298905283322,2,#6baed6
leave_one_type_out_tcga_plus_pan_seer,Pan-cancer TCGA + pan-SEER,TCGA + SEER,categorical,PCPG,5,+35k,34999.0,seer_n035k_00pct,0.017565319091051815,-0.01684474076827098,2,#6baed6
leave_one_type_out_tcga_plus_pan_seer,Pan-cancer TCGA + pan-SEER,TCGA + SEER,categorical,PCPG,6,+70.9k,70938.0,seer_01pct,0.01879393736873213,-0.015616122490590667,2,#6baed6
leave_one_type_out_tcga_plus_pan_seer,Pan-cancer TCGA + pan-SEER,TCGA + SEER,categorical,PCPG,7,+354.7k,354693.0,seer_05pct,0.018384244846220494,-0.016025815013102303,2,#6baed6
leave_one_type_out_tcga_plus_pan_seer,Pan-cancer TCGA + pan-SEER,TCGA + SEER,categorical,PCPG,8,+709.4k,709384.0,seer_10pct,0.015417738104519265,-0.01899232175480353,2,#6baed6
leave_one_type_out_tcga_plus_pan_seer,Pan-cancer TCGA + pan-SEER,TCGA + SEER,categorical,PCPG,9,+1.4M,1418771.0,seer_20pct,0.016418002113779147,-0.017992057745543646,2,#6baed6
leave_one_type_out_tcga_plus_pan_seer,Pan-cancer TCGA + pan-SEER,TCGA + SEER,categorical,PCPG,10,+3.5M,3546920.0,seer_50pct,0.019086110879064748,-0.015323948980258045,2,#6baed6
leave_one_type_out_tcga_plus_pan_seer,Pan-cancer TCGA + pan-SEER,TCGA + SEER,categorical,PRAD,0,Single-cancer TCGA,0.0,single_cancer_tcga_baseline,0.035809215056939125,0.0,2,#74c476
leave_one_type_out_tcga_plus_pan_seer,Pan-cancer TCGA + pan-SEER,TCGA + SEER,categorical,PRAD,1,Pan-cancer TCGA,0.0,pan_cancer_tcga_baseline,0.021935922215673108,-0.013873292841266023,2,#74c476
leave_one_type_out_tcga_plus_pan_seer,Pan-cancer TCGA + pan-SEER,TCGA + SEER,categorical,PRAD,2,+999,999.0,seer_n001k_00pct,0.015448742059966665,-0.020360472996972464,2,#74c476
leave_one_type_out_tcga_plus_pan_seer,Pan-cancer TCGA + pan-SEER,TCGA + SEER,categorical,PRAD,3,+3k,3001.0,seer_n003k_00pct,0.013709178466909808,-0.02210003659002932,2,#74c476
leave_one_type_out_tcga_plus_pan_seer,Pan-cancer TCGA + pan-SEER,TCGA + SEER,categorical,PRAD,4,+10k,9999.0,seer_n010k_00pct,0.007015557105863575,-0.028793657951075555,2,#74c476
leave_one_type_out_tcga_plus_pan_seer,Pan-cancer TCGA + pan-SEER,TCGA + SEER,categorical,PRAD,5,+35k,34999.0,seer_n035k_00pct,0.005502629889411533,-0.030306585167527596,2,#74c476
leave_one_type_out_tcga_plus_pan_seer,Pan-cancer TCGA + pan-SEER,TCGA + SEER,categorical,PRAD,6,+70.9k,70938.0,seer_01pct,0.0050488205504434945,-0.030760394506495634,2,#74c476
leave_one_type_out_tcga_plus_pan_seer,Pan-cancer TCGA + pan-SEER,TCGA + SEER,categorical,PRAD,7,+354.7k,354693.0,seer_05pct,0.005472352760387616,-0.03033686229655151,2,#74c476
leave_one_type_out_tcga_plus_pan_seer,Pan-cancer TCGA + pan-SEER,TCGA + SEER,categorical,PRAD,8,+709.4k,709384.0,seer_10pct,0.005314347259044378,-0.030494867797894752,2,#74c476
leave_one_type_out_tcga_plus_pan_seer,Pan-cancer TCGA + pan-SEER,TCGA + SEER,categorical,PRAD,9,+1.4M,1418771.0,seer_20pct,0.006062152381768014,-0.029747062675171115,2,#74c476
leave_one_type_out_tcga_plus_pan_seer,Pan-cancer TCGA + pan-SEER,TCGA + SEER,categorical,PRAD,10,+3.5M,3546920.0,seer_50pct,0.007820539429648159,-0.027988675627290967,2,#74c476
leave_one_type_out_tcga_plus_pan_seer,Pan-cancer TCGA + pan-SEER,TCGA + SEER,categorical,PRAD,11,+7.1M,7093843.0,seer_100pct,0.006943938476315991,-0.02886527658062314,2,#74c476
leave_one_type_out_tcga_plus_pan_seer,Pan-cancer TCGA + pan-SEER,TCGA + SEER,categorical,READ,0,Single-cancer TCGA,0.0,single_cancer_tcga_baseline,0.14400156425344313,0.0,5,#9e9ac8
leave_one_type_out_tcga_plus_pan_seer,Pan-cancer TCGA + pan-SEER,TCGA + SEER,categorical,READ,1,Pan-cancer TCGA,0.0,pan_cancer_tcga_baseline,0.03219397449153704,-0.11180758976190605,5,#9e9ac8
leave_one_type_out_tcga_plus_pan_seer,Pan-cancer TCGA + pan-SEER,TCGA + SEER,categorical,READ,2,+999,999.0,seer_n001k_00pct,0.052753247488999955,-0.09124831676444316,5,#9e9ac8
leave_one_type_out_tcga_plus_pan_seer,Pan-cancer TCGA + pan-SEER,TCGA + SEER,categorical,READ,3,+3k,3001.0,seer_n003k_00pct,0.02674593684053888,-0.11725562741290423,5,#9e9ac8
leave_one_type_out_tcga_plus_pan_seer,Pan-cancer TCGA + pan-SEER,TCGA + SEER,categorical,READ,4,+10k,9999.0,seer_n010k_00pct,0.01867722562845662,-0.1253243386249865,5,#9e9ac8
leave_one_type_out_tcga_plus_pan_seer,Pan-cancer TCGA + pan-SEER,TCGA + SEER,categorical,READ,5,+35k,34999.0,seer_n035k_00pct,0.01746383915006073,-0.12653772510338238,5,#9e9ac8
leave_one_type_out_tcga_plus_pan_seer,Pan-cancer TCGA + pan-SEER,TCGA + SEER,categorical,READ,6,+70.9k,70938.0,seer_01pct,0.015934506219271897,-0.12806705803417123,5,#9e9ac8
leave_one_type_out_tcga_plus_pan_seer,Pan-cancer TCGA + pan-SEER,TCGA + SEER,categorical,READ,7,+354.7k,354693.0,seer_05pct,0.01715313271575662,-0.1268484315376865,5,#9e9ac8
leave_one_type_out_tcga_plus_pan_seer,Pan-cancer TCGA + pan-SEER,TCGA + SEER,categorical,READ,8,+709.4k,709384.0,seer_10pct,0.016710096827161812,-0.12729146742628128,5,#9e9ac8
leave_one_type_out_tcga_plus_pan_seer,Pan-cancer TCGA + pan-SEER,TCGA + SEER,categorical,READ,9,+1.4M,1418771.0,seer_20pct,0.016769497190479432,-0.1272320670629637,5,#9e9ac8
leave_one_type_out_tcga_plus_pan_seer,Pan-cancer TCGA + pan-SEER,TCGA + SEER,categorical,READ,10,+3.5M,3546920.0,seer_50pct,0.018221427738187284,-0.12578013651525582,5,#9e9ac8
leave_one_type_out_tcga_plus_pan_seer,Pan-cancer TCGA + pan-SEER,TCGA + SEER,categorical,READ,11,+7.1M,7093843.0,seer_100pct,0.015268545743441836,-0.12071460971792902,3,#9e9ac8
leave_one_type_out_tcga_plus_pan_seer,Pan-cancer TCGA + pan-SEER,TCGA + SEER,categorical,SARC,0,Single-cancer TCGA,0.0,single_cancer_tcga_baseline,0.2019408157261874,0.0,5,#fd8d3c
leave_one_type_out_tcga_plus_pan_seer,Pan-cancer TCGA + pan-SEER,TCGA + SEER,categorical,SARC,1,Pan-cancer TCGA,0.0,pan_cancer_tcga_baseline,0.19786426895752804,-0.004076546768659375,5,#fd8d3c
leave_one_type_out_tcga_plus_pan_seer,Pan-cancer TCGA + pan-SEER,TCGA + SEER,categorical,SARC,2,+999,999.0,seer_n001k_00pct,0.14835787056344557,-0.058665304253467956,4,#fd8d3c
leave_one_type_out_tcga_plus_pan_seer,Pan-cancer TCGA + pan-SEER,TCGA + SEER,categorical,SARC,3,+3k,3001.0,seer_n003k_00pct,0.10718807119272895,-0.09983510362418459,4,#fd8d3c
leave_one_type_out_tcga_plus_pan_seer,Pan-cancer TCGA + pan-SEER,TCGA + SEER,categorical,SARC,4,+10k,9999.0,seer_n010k_00pct,0.07512817156587867,-0.13189500325103487,4,#fd8d3c
leave_one_type_out_tcga_plus_pan_seer,Pan-cancer TCGA + pan-SEER,TCGA + SEER,categorical,SARC,5,+35k,34999.0,seer_n035k_00pct,0.056606784281052105,-0.15041639053586142,4,#fd8d3c
leave_one_type_out_tcga_plus_pan_seer,Pan-cancer TCGA + pan-SEER,TCGA + SEER,categorical,SARC,6,+70.9k,70938.0,seer_01pct,0.05457080696630632,-0.1473700087598811,5,#fd8d3c
leave_one_type_out_tcga_plus_pan_seer,Pan-cancer TCGA + pan-SEER,TCGA + SEER,categorical,SARC,7,+354.7k,354693.0,seer_05pct,0.05307237055145443,-0.14886844517473302,5,#fd8d3c
leave_one_type_out_tcga_plus_pan_seer,Pan-cancer TCGA + pan-SEER,TCGA + SEER,categorical,SARC,8,+709.4k,709384.0,seer_10pct,0.05431197065686939,-0.147628845069318,5,#fd8d3c
leave_one_type_out_tcga_plus_pan_seer,Pan-cancer TCGA + pan-SEER,TCGA + SEER,categorical,SARC,9,+1.4M,1418771.0,seer_20pct,0.05550380295512551,-0.1464370127710619,5,#fd8d3c
leave_one_type_out_tcga_plus_pan_seer,Pan-cancer TCGA + pan-SEER,TCGA + SEER,categorical,SARC,10,+3.5M,3546920.0,seer_50pct,0.0638425424929275,-0.14318063232398603,4,#fd8d3c
leave_one_type_out_tcga_plus_pan_seer,Pan-cancer TCGA + pan-SEER,TCGA + SEER,categorical,SARC,11,+7.1M,7093843.0,seer_100pct,0.058854479394383596,-0.14042331321569096,3,#fd8d3c
leave_one_type_out_tcga_plus_pan_seer,Pan-cancer TCGA + pan-SEER,TCGA + SEER,categorical,SKCM,0,Single-cancer TCGA,0.0,single_cancer_tcga_baseline,0.15734677171290884,0.0,5,#9ecae1
leave_one_type_out_tcga_plus_pan_seer,Pan-cancer TCGA + pan-SEER,TCGA + SEER,categorical,SKCM,1,Pan-cancer TCGA,0.0,pan_cancer_tcga_baseline,0.4963356086587156,0.3389888369458068,5,#9ecae1
leave_one_type_out_tcga_plus_pan_seer,Pan-cancer TCGA + pan-SEER,TCGA + SEER,categorical,SKCM,2,+999,999.0,seer_n001k_00pct,0.30728101354513476,0.13292738360389458,3,#9ecae1
leave_one_type_out_tcga_plus_pan_seer,Pan-cancer TCGA + pan-SEER,TCGA + SEER,categorical,SKCM,3,+3k,3001.0,seer_n003k_00pct,0.24862641712283517,0.09271325053338714,2,#9ecae1
leave_one_type_out_tcga_plus_pan_seer,Pan-cancer TCGA + pan-SEER,TCGA + SEER,categorical,SKCM,4,+10k,9999.0,seer_n010k_00pct,0.17317398300282824,0.017260816413380203,2,#9ecae1
leave_one_type_out_tcga_plus_pan_seer,Pan-cancer TCGA + pan-SEER,TCGA + SEER,categorical,SKCM,5,+35k,34999.0,seer_n035k_00pct,0.1278126098665405,-0.02810055672290753,2,#9ecae1
leave_one_type_out_tcga_plus_pan_seer,Pan-cancer TCGA + pan-SEER,TCGA + SEER,categorical,SKCM,6,+70.9k,70938.0,seer_01pct,0.14305690710114294,-0.014289864611765901,5,#9ecae1
leave_one_type_out_tcga_plus_pan_seer,Pan-cancer TCGA + pan-SEER,TCGA + SEER,categorical,SKCM,7,+354.7k,354693.0,seer_05pct,0.14623361107731356,-0.011113160635595271,5,#9ecae1
leave_one_type_out_tcga_plus_pan_seer,Pan-cancer TCGA + pan-SEER,TCGA + SEER,categorical,SKCM,8,+709.4k,709384.0,seer_10pct,0.14894838581136288,-0.008398385901545943,5,#9ecae1
leave_one_type_out_tcga_plus_pan_seer,Pan-cancer TCGA + pan-SEER,TCGA + SEER,categorical,SKCM,9,+1.4M,1418771.0,seer_20pct,0.1329161577295704,-0.01910988088791322,4,#9ecae1
leave_one_type_out_tcga_plus_pan_seer,Pan-cancer TCGA + pan-SEER,TCGA + SEER,categorical,SKCM,10,+3.5M,3546920.0,seer_50pct,0.17093945161772384,-0.0034141783235163425,3,#9ecae1
leave_one_type_out_tcga_plus_pan_seer,Pan-cancer TCGA + pan-SEER,TCGA + SEER,categorical,SKCM,11,+7.1M,7093843.0,seer_100pct,0.1123240063298411,-0.0029944553633809434,1,#9ecae1
leave_one_type_out_tcga_plus_pan_seer,Pan-cancer TCGA + pan-SEER,TCGA + SEER,categorical,STAD,0,Single-cancer TCGA,0.0,single_cancer_tcga_baseline,0.19438508855000877,0.0,5,#a1d99b
leave_one_type_out_tcga_plus_pan_seer,Pan-cancer TCGA + pan-SEER,TCGA + SEER,categorical,STAD,1,Pan-cancer TCGA,0.0,pan_cancer_tcga_baseline,0.03295282696029367,-0.1614322615897151,5,#a1d99b
leave_one_type_out_tcga_plus_pan_seer,Pan-cancer TCGA + pan-SEER,TCGA + SEER,categorical,STAD,2,+999,999.0,seer_n001k_00pct,0.031183930618110867,-0.16320115793189788,5,#a1d99b
leave_one_type_out_tcga_plus_pan_seer,Pan-cancer TCGA + pan-SEER,TCGA + SEER,categorical,STAD,3,+3k,3001.0,seer_n003k_00pct,0.03045932492299689,-0.1639257636270119,5,#a1d99b
leave_one_type_out_tcga_plus_pan_seer,Pan-cancer TCGA + pan-SEER,TCGA + SEER,categorical,STAD,4,+10k,9999.0,seer_n010k_00pct,0.026756769417056053,-0.1676283191329527,5,#a1d99b
leave_one_type_out_tcga_plus_pan_seer,Pan-cancer TCGA + pan-SEER,TCGA + SEER,categorical,STAD,5,+35k,34999.0,seer_n035k_00pct,0.024638096319998685,-0.1697469922300101,5,#a1d99b
leave_one_type_out_tcga_plus_pan_seer,Pan-cancer TCGA + pan-SEER,TCGA + SEER,categorical,STAD,6,+70.9k,70938.0,seer_01pct,0.023827971480633422,-0.17055711706937532,5,#a1d99b
leave_one_type_out_tcga_plus_pan_seer,Pan-cancer TCGA + pan-SEER,TCGA + SEER,categorical,STAD,7,+354.7k,354693.0,seer_05pct,0.02618015434987661,-0.16820493420013216,5,#a1d99b
leave_one_type_out_tcga_plus_pan_seer,Pan-cancer TCGA + pan-SEER,TCGA + SEER,categorical,STAD,8,+709.4k,709384.0,seer_10pct,0.02957274896000814,-0.16481233959000063,5,#a1d99b
leave_one_type_out_tcga_plus_pan_seer,Pan-cancer TCGA + pan-SEER,TCGA + SEER,categorical,STAD,9,+1.4M,1418771.0,seer_20pct,0.02897460609667324,-0.16541048245333553,5,#a1d99b
leave_one_type_out_tcga_plus_pan_seer,Pan-cancer TCGA + pan-SEER,TCGA + SEER,categorical,STAD,10,+3.5M,3546920.0,seer_50pct,0.029979121566332194,-0.16440596698367657,5,#a1d99b
leave_one_type_out_tcga_plus_pan_seer,Pan-cancer TCGA + pan-SEER,TCGA + SEER,categorical,STAD,11,+7.1M,7093843.0,seer_100pct,0.031847952455725796,-0.1570692193175252,3,#a1d99b
leave_one_type_out_tcga_plus_pan_seer,Pan-cancer TCGA + pan-SEER,TCGA + SEER,categorical,TGCT,0,Single-cancer TCGA,0.0,single_cancer_tcga_baseline,0.013639539429116951,0.0,1,#bcbddc
leave_one_type_out_tcga_plus_pan_seer,Pan-cancer TCGA + pan-SEER,TCGA + SEER,categorical,TGCT,1,Pan-cancer TCGA,0.0,pan_cancer_tcga_baseline,0.02445505808455179,0.007201684577911286,1,#bcbddc
leave_one_type_out_tcga_plus_pan_seer,Pan-cancer TCGA + pan-SEER,TCGA + SEER,categorical,TGCT,2,+999,999.0,seer_n001k_00pct,0.0251730962343667,0.01153355680524975,2,#bcbddc
leave_one_type_out_tcga_plus_pan_seer,Pan-cancer TCGA + pan-SEER,TCGA + SEER,categorical,TGCT,3,+3k,3001.0,seer_n003k_00pct,0.030405035586934713,0.01676549615781776,2,#bcbddc
leave_one_type_out_tcga_plus_pan_seer,Pan-cancer TCGA + pan-SEER,TCGA + SEER,categorical,TGCT,4,+10k,9999.0,seer_n010k_00pct,0.01924192934976867,0.005602389920651717,2,#bcbddc
leave_one_type_out_tcga_plus_pan_seer,Pan-cancer TCGA + pan-SEER,TCGA + SEER,categorical,TGCT,5,+35k,34999.0,seer_n035k_00pct,0.02051775647285431,0.00687821704373736,2,#bcbddc
leave_one_type_out_tcga_plus_pan_seer,Pan-cancer TCGA + pan-SEER,TCGA + SEER,categorical,TGCT,6,+70.9k,70938.0,seer_01pct,0.02492225103796593,0.011282711608848976,2,#bcbddc
leave_one_type_out_tcga_plus_pan_seer,Pan-cancer TCGA + pan-SEER,TCGA + SEER,categorical,TGCT,7,+354.7k,354693.0,seer_05pct,0.027930353103714726,0.014290813674597776,2,#bcbddc
leave_one_type_out_tcga_plus_pan_seer,Pan-cancer TCGA + pan-SEER,TCGA + SEER,categorical,TGCT,8,+709.4k,709384.0,seer_10pct,0.028761177136350395,0.015121637707233442,2,#bcbddc
leave_one_type_out_tcga_plus_pan_seer,Pan-cancer TCGA + pan-SEER,TCGA + SEER,categorical,TGCT,9,+1.4M,1418771.0,seer_20pct,0.027473458211690928,0.013833918782573978,2,#bcbddc
leave_one_type_out_tcga_plus_pan_seer,Pan-cancer TCGA + pan-SEER,TCGA + SEER,categorical,TGCT,10,+3.5M,3546920.0,seer_50pct,0.01543541451934476,0.0017958750902278093,2,#bcbddc
leave_one_type_out_tcga_plus_pan_seer,Pan-cancer TCGA + pan-SEER,TCGA + SEER,categorical,TGCT,11,+7.1M,7093843.0,seer_100pct,0.021779609460725033,0.008140070031608082,1,#bcbddc
leave_one_type_out_tcga_plus_pan_seer,Pan-cancer TCGA + pan-SEER,TCGA + SEER,categorical,THCA,0,Single-cancer TCGA,0.0,single_cancer_tcga_baseline,0.04205416832374074,0.0,3,#fdae6b
leave_one_type_out_tcga_plus_pan_seer,Pan-cancer TCGA + pan-SEER,TCGA + SEER,categorical,THCA,1,Pan-cancer TCGA,0.0,pan_cancer_tcga_baseline,0.03474161336397653,-0.007312554959764201,3,#fdae6b
leave_one_type_out_tcga_plus_pan_seer,Pan-cancer TCGA + pan-SEER,TCGA + SEER,categorical,THCA,2,+999,999.0,seer_n001k_00pct,0.019469749083066333,-0.0162566042432137,2,#fdae6b
leave_one_type_out_tcga_plus_pan_seer,Pan-cancer TCGA + pan-SEER,TCGA + SEER,categorical,THCA,3,+3k,3001.0,seer_n003k_00pct,0.017279792212149127,-0.018446561114130906,2,#fdae6b
leave_one_type_out_tcga_plus_pan_seer,Pan-cancer TCGA + pan-SEER,TCGA + SEER,categorical,THCA,4,+10k,9999.0,seer_n010k_00pct,0.00868749325241441,-0.027038860073865623,2,#fdae6b
leave_one_type_out_tcga_plus_pan_seer,Pan-cancer TCGA + pan-SEER,TCGA + SEER,categorical,THCA,5,+35k,34999.0,seer_n035k_00pct,0.007299707806357808,-0.028426645519922224,2,#fdae6b
leave_one_type_out_tcga_plus_pan_seer,Pan-cancer TCGA + pan-SEER,TCGA + SEER,categorical,THCA,6,+70.9k,70938.0,seer_01pct,0.006407881973182865,-0.03564628635055787,3,#fdae6b
leave_one_type_out_tcga_plus_pan_seer,Pan-cancer TCGA + pan-SEER,TCGA + SEER,categorical,THCA,7,+354.7k,354693.0,seer_05pct,0.006712282390641284,-0.03534188593309945,3,#fdae6b
leave_one_type_out_tcga_plus_pan_seer,Pan-cancer TCGA + pan-SEER,TCGA + SEER,categorical,THCA,8,+709.4k,709384.0,seer_10pct,0.00658218392896725,-0.03547198439477348,3,#fdae6b
leave_one_type_out_tcga_plus_pan_seer,Pan-cancer TCGA + pan-SEER,TCGA + SEER,categorical,THCA,9,+1.4M,1418771.0,seer_20pct,0.006317855075452476,-0.03573631324828825,3,#fdae6b
leave_one_type_out_tcga_plus_pan_seer,Pan-cancer TCGA + pan-SEER,TCGA + SEER,categorical,THCA,10,+3.5M,3546920.0,seer_50pct,0.006021407366013248,-0.029704945960266786,2,#fdae6b
leave_one_type_out_tcga_plus_pan_seer,Pan-cancer TCGA + pan-SEER,TCGA + SEER,categorical,THCA,11,+7.1M,7093843.0,seer_100pct,0.0065778873079235,-0.02914846601835653,2,#fdae6b
leave_one_type_out_tcga_plus_pan_seer,Pan-cancer TCGA + pan-SEER,TCGA + SEER,categorical,THYM,0,Single-cancer TCGA,0.0,single_cancer_tcga_baseline,0.07566034299431998,0.0,2,#c7e9c0
leave_one_type_out_tcga_plus_pan_seer,Pan-cancer TCGA + pan-SEER,TCGA + SEER,categorical,THYM,1,Pan-cancer TCGA,0.0,pan_cancer_tcga_baseline,0.1144659872106811,0.038805644216361124,2,#c7e9c0
leave_one_type_out_tcga_plus_pan_seer,Pan-cancer TCGA + pan-SEER,TCGA + SEER,categorical,THYM,2,+999,999.0,seer_n001k_00pct,0.049510593219666166,-0.026149749774653817,2,#c7e9c0
leave_one_type_out_tcga_plus_pan_seer,Pan-cancer TCGA + pan-SEER,TCGA + SEER,categorical,THYM,3,+3k,3001.0,seer_n003k_00pct,0.033636826891456674,-0.042023516102863305,2,#c7e9c0
leave_one_type_out_tcga_plus_pan_seer,Pan-cancer TCGA + pan-SEER,TCGA + SEER,categorical,THYM,4,+10k,9999.0,seer_n010k_00pct,0.026493971304490972,-0.04916637168982901,2,#c7e9c0
leave_one_type_out_tcga_plus_pan_seer,Pan-cancer TCGA + pan-SEER,TCGA + SEER,categorical,THYM,5,+35k,34999.0,seer_n035k_00pct,0.02342537791648064,-0.05223496507783934,2,#c7e9c0
leave_one_type_out_tcga_plus_pan_seer,Pan-cancer TCGA + pan-SEER,TCGA + SEER,categorical,THYM,6,+70.9k,70938.0,seer_01pct,0.019316456813661956,-0.05634388618065802,2,#c7e9c0
leave_one_type_out_tcga_plus_pan_seer,Pan-cancer TCGA + pan-SEER,TCGA + SEER,categorical,THYM,7,+354.7k,354693.0,seer_05pct,0.01813842321850628,-0.0575219197758137,2,#c7e9c0
leave_one_type_out_tcga_plus_pan_seer,Pan-cancer TCGA + pan-SEER,TCGA + SEER,categorical,THYM,8,+709.4k,709384.0,seer_10pct,0.01846707192857097,-0.05719327106574901,2,#c7e9c0
leave_one_type_out_tcga_plus_pan_seer,Pan-cancer TCGA + pan-SEER,TCGA + SEER,categorical,THYM,9,+1.4M,1418771.0,seer_20pct,0.019751191037944593,-0.055909151956375386,2,#c7e9c0
leave_one_type_out_tcga_plus_pan_seer,Pan-cancer TCGA + pan-SEER,TCGA + SEER,categorical,THYM,10,+3.5M,3546920.0,seer_50pct,0.02226250019597901,-0.05339784279834097,2,#c7e9c0
leave_one_type_out_tcga_plus_pan_seer,Pan-cancer TCGA + pan-SEER,TCGA + SEER,categorical,UCEC,0,Single-cancer TCGA,0.0,single_cancer_tcga_baseline,0.15698959226967343,0.0,5,#fdd0a2
leave_one_type_out_tcga_plus_pan_seer,Pan-cancer TCGA + pan-SEER,TCGA + SEER,categorical,UCEC,1,Pan-cancer TCGA,0.0,pan_cancer_tcga_baseline,0.06823309686078319,-0.08875649540889023,5,#fdd0a2
leave_one_type_out_tcga_plus_pan_seer,Pan-cancer TCGA + pan-SEER,TCGA + SEER,categorical,UCEC,2,+999,999.0,seer_n001k_00pct,0.04417141078195794,-0.08829921391850254,4,#fdd0a2
leave_one_type_out_tcga_plus_pan_seer,Pan-cancer TCGA + pan-SEER,TCGA + SEER,categorical,UCEC,3,+3k,3001.0,seer_n003k_00pct,0.03667239396121704,-0.09579823073924343,4,#fdd0a2
leave_one_type_out_tcga_plus_pan_seer,Pan-cancer TCGA + pan-SEER,TCGA + SEER,categorical,UCEC,4,+10k,9999.0,seer_n010k_00pct,0.03602710067429338,-0.09193385241352431,3,#fdd0a2
leave_one_type_out_tcga_plus_pan_seer,Pan-cancer TCGA + pan-SEER,TCGA + SEER,categorical,UCEC,5,+35k,34999.0,seer_n035k_00pct,0.029873802414222175,-0.0743372349591509,2,#fdd0a2
leave_one_type_out_tcga_plus_pan_seer,Pan-cancer TCGA + pan-SEER,TCGA + SEER,categorical,UCEC,6,+70.9k,70938.0,seer_01pct,0.030533844932345438,-0.126455747337328,5,#fdd0a2
leave_one_type_out_tcga_plus_pan_seer,Pan-cancer TCGA + pan-SEER,TCGA + SEER,categorical,UCEC,7,+354.7k,354693.0,seer_05pct,0.027603135583590465,-0.12938645668608295,5,#fdd0a2
leave_one_type_out_tcga_plus_pan_seer,Pan-cancer TCGA + pan-SEER,TCGA + SEER,categorical,UCEC,8,+709.4k,709384.0,seer_10pct,0.028433738821634236,-0.12855585344803916,5,#fdd0a2
leave_one_type_out_tcga_plus_pan_seer,Pan-cancer TCGA + pan-SEER,TCGA + SEER,categorical,UCEC,9,+1.4M,1418771.0,seer_20pct,0.029531977461264913,-0.1274576148084085,5,#fdd0a2
leave_one_type_out_tcga_plus_pan_seer,Pan-cancer TCGA + pan-SEER,TCGA + SEER,categorical,UCEC,10,+3.5M,3546920.0,seer_50pct,0.023576270597097552,-0.10889435410336294,4,#fdd0a2
leave_one_type_out_tcga_plus_pan_seer,Pan-cancer TCGA + pan-SEER,TCGA + SEER,categorical,UCEC,11,+7.1M,7093843.0,seer_100pct,0.025919635369940852,-0.12285780234529492,3,#fdd0a2
leave_one_type_out_tcga_plus_pan_seer,Pan-cancer TCGA + pan-SEER,TCGA + SEER,categorical,UCS,0,Single-cancer TCGA,0.0,single_cancer_tcga_baseline,0.2131552137426757,0.0,5,#807dba
leave_one_type_out_tcga_plus_pan_seer,Pan-cancer TCGA + pan-SEER,TCGA + SEER,categorical,UCS,1,Pan-cancer TCGA,0.0,pan_cancer_tcga_baseline,0.08233718220769969,-0.130818031534976,5,#807dba
leave_one_type_out_tcga_plus_pan_seer,Pan-cancer TCGA + pan-SEER,TCGA + SEER,categorical,UCS,2,+999,999.0,seer_n001k_00pct,0.11591555530586717,-0.09723965843680857,5,#807dba
leave_one_type_out_tcga_plus_pan_seer,Pan-cancer TCGA + pan-SEER,TCGA + SEER,categorical,UCS,3,+3k,3001.0,seer_n003k_00pct,0.06629519331022227,-0.14686002043245347,5,#807dba
leave_one_type_out_tcga_plus_pan_seer,Pan-cancer TCGA + pan-SEER,TCGA + SEER,categorical,UCS,4,+10k,9999.0,seer_n010k_00pct,0.058642193212347274,-0.15451302053032848,5,#807dba
leave_one_type_out_tcga_plus_pan_seer,Pan-cancer TCGA + pan-SEER,TCGA + SEER,categorical,UCS,5,+35k,34999.0,seer_n035k_00pct,0.0568846374740351,-0.1606230208497162,4,#807dba
leave_one_type_out_tcga_plus_pan_seer,Pan-cancer TCGA + pan-SEER,TCGA + SEER,categorical,UCS,6,+70.9k,70938.0,seer_01pct,0.055631166156162495,-0.15752404758651323,5,#807dba
leave_one_type_out_tcga_plus_pan_seer,Pan-cancer TCGA + pan-SEER,TCGA + SEER,categorical,UCS,7,+354.7k,354693.0,seer_05pct,0.049781051602118084,-0.16337416214055764,5,#807dba
leave_one_type_out_tcga_plus_pan_seer,Pan-cancer TCGA + pan-SEER,TCGA + SEER,categorical,UCS,8,+709.4k,709384.0,seer_10pct,0.05121090813946111,-0.1619443056032146,5,#807dba
leave_one_type_out_tcga_plus_pan_seer,Pan-cancer TCGA + pan-SEER,TCGA + SEER,categorical,UCS,9,+1.4M,1418771.0,seer_20pct,0.05564963789738273,-0.15750557584529298,5,#807dba
leave_one_type_out_tcga_plus_pan_seer,Pan-cancer TCGA + pan-SEER,TCGA + SEER,categorical,UCS,10,+3.5M,3546920.0,seer_50pct,0.06321804721664284,-0.1499371665260329,5,#807dba
leave_one_type_out_tcga_plus_pan_seer,Pan-cancer TCGA + pan-SEER,TCGA + SEER,categorical,UCS,11,+7.1M,7093843.0,seer_100pct,0.06881258957309007,-0.13965615878320847,4,#807dba
leave_one_type_out_tcga_plus_pan_seer,Pan-cancer TCGA + pan-SEER,TCGA + SEER,categorical,UVM,0,Single-cancer TCGA,0.0,single_cancer_tcga_baseline,0.1699315826940292,0.0,4,#b15928
leave_one_type_out_tcga_plus_pan_seer,Pan-cancer TCGA + pan-SEER,TCGA + SEER,categorical,UVM,1,Pan-cancer TCGA,0.0,pan_cancer_tcga_baseline,0.027523545529613704,-0.14240803716441552,4,#b15928
leave_one_type_out_tcga_plus_pan_seer,Pan-cancer TCGA + pan-SEER,TCGA + SEER,categorical,UVM,2,+999,999.0,seer_n001k_00pct,0.029676151849812104,-0.133549704854949,3,#b15928
leave_one_type_out_tcga_plus_pan_seer,Pan-cancer TCGA + pan-SEER,TCGA + SEER,categorical,UVM,3,+3k,3001.0,seer_n003k_00pct,0.02577093999044593,-0.13745491671431517,3,#b15928
leave_one_type_out_tcga_plus_pan_seer,Pan-cancer TCGA + pan-SEER,TCGA + SEER,categorical,UVM,4,+10k,9999.0,seer_n010k_00pct,0.02558238104572118,-0.13764347565903992,3,#b15928
leave_one_type_out_tcga_plus_pan_seer,Pan-cancer TCGA + pan-SEER,TCGA + SEER,categorical,UVM,5,+35k,34999.0,seer_n035k_00pct,0.025158421034874708,-0.1549732633377724,2,#b15928
leave_one_type_out_tcga_plus_pan_seer,Pan-cancer TCGA + pan-SEER,TCGA + SEER,categorical,UVM,6,+70.9k,70938.0,seer_01pct,0.02583506614233112,-0.14409651655169808,4,#b15928
leave_one_type_out_tcga_plus_pan_seer,Pan-cancer TCGA + pan-SEER,TCGA + SEER,categorical,UVM,7,+354.7k,354693.0,seer_05pct,0.025736013236459843,-0.14419556945756937,4,#b15928
leave_one_type_out_tcga_plus_pan_seer,Pan-cancer TCGA + pan-SEER,TCGA + SEER,categorical,UVM,8,+709.4k,709384.0,seer_10pct,0.026891745738119654,-0.14303983695590955,4,#b15928
leave_one_type_out_tcga_plus_pan_seer,Pan-cancer TCGA + pan-SEER,TCGA + SEER,categorical,UVM,9,+1.4M,1418771.0,seer_20pct,0.03349253359538061,-0.1364390490986486,4,#b15928
leave_one_type_out_tcga_plus_pan_seer,Pan-cancer TCGA + pan-SEER,TCGA + SEER,categorical,UVM,10,+3.5M,3546920.0,seer_50pct,0.029937883213818163,-0.13999369948021104,4,#b15928
leave_one_type_out_tcga_plus_pan_seer,Pan-cancer TCGA + pan-SEER,TCGA + SEER,categorical,UVM,11,+7.1M,7093843.0,seer_100pct,0.03063809725792509,-0.15049611682591765,3,#b15928
