scenario,scenario_label,cancer,fold,regime,ibs,delta_ibs,n_train,n_test,event_test,seer_n
tcga_only_pan_incremental_vs_single_baseline,Pan-cancer TCGA only,ACC,fold1,tcga_frac0p01,0.20160919922608062,0.07141557456260075,110,19,7,0
tcga_only_pan_incremental_vs_single_baseline,Pan-cancer TCGA only,ACC,fold2,tcga_frac0p01,0.3858284886982986,0.2556348640348187,110,18,7,0
tcga_only_pan_incremental_vs_single_baseline,Pan-cancer TCGA only,ACC,fold3,tcga_frac0p01,0.18443477848231193,0.05424115381883207,110,18,7,0
tcga_only_pan_incremental_vs_single_baseline,Pan-cancer TCGA only,ACC,fold4,tcga_frac0p01,0.1397318171776962,0.009538192514216337,110,18,6,0
tcga_only_pan_incremental_vs_single_baseline,Pan-cancer TCGA only,ACC,fold5,tcga_frac0p01,0.3417404685569255,0.21154684389344566,110,18,6,0
tcga_only_pan_incremental_vs_single_baseline,Pan-cancer TCGA only,BLCA,fold1,tcga_frac0p01,0.3048698449168007,0.11717211359528987,110,82,36,0
tcga_only_pan_incremental_vs_single_baseline,Pan-cancer TCGA only,BLCA,fold2,tcga_frac0p01,0.1647587313457067,-0.02293899997580412,110,82,36,0
tcga_only_pan_incremental_vs_single_baseline,Pan-cancer TCGA only,BLCA,fold3,tcga_frac0p01,0.10672312076214698,-0.08097461055936385,110,82,36,0
tcga_only_pan_incremental_vs_single_baseline,Pan-cancer TCGA only,BLCA,fold4,tcga_frac0p01,0.2942672903699378,0.10656955904842699,110,82,36,0
tcga_only_pan_incremental_vs_single_baseline,Pan-cancer TCGA only,BLCA,fold5,tcga_frac0p01,0.36590168296573117,0.17820395164422034,110,82,36,0
tcga_only_pan_incremental_vs_single_baseline,Pan-cancer TCGA only,BRCA,fold1,tcga_frac0p01,0.14233819372617174,-0.01468191620902995,108,217,30,0
tcga_only_pan_incremental_vs_single_baseline,Pan-cancer TCGA only,BRCA,fold2,tcga_frac0p01,0.22607668896383004,0.06905657902862836,108,217,30,0
tcga_only_pan_incremental_vs_single_baseline,Pan-cancer TCGA only,BRCA,fold3,tcga_frac0p01,0.1468492790705749,-0.010170830864626779,108,217,31,0
tcga_only_pan_incremental_vs_single_baseline,Pan-cancer TCGA only,BRCA,fold4,tcga_frac0p01,0.23127943025773748,0.0742593203225358,108,216,30,0
tcga_only_pan_incremental_vs_single_baseline,Pan-cancer TCGA only,BRCA,fold5,tcga_frac0p01,0.10324058892826234,-0.05377952100693935,108,216,30,0
tcga_only_pan_incremental_vs_single_baseline,Pan-cancer TCGA only,CESC,fold1,tcga_frac0p01,0.12831018606058966,-0.0800187133989653,110,59,14,0
tcga_only_pan_incremental_vs_single_baseline,Pan-cancer TCGA only,CESC,fold2,tcga_frac0p01,0.20713312748710877,-0.0011957719724461913,110,59,14,0
tcga_only_pan_incremental_vs_single_baseline,Pan-cancer TCGA only,CESC,fold3,tcga_frac0p01,0.18154925892947205,-0.026779640530082915,110,59,14,0
tcga_only_pan_incremental_vs_single_baseline,Pan-cancer TCGA only,CESC,fold4,tcga_frac0p01,0.4621393368144608,0.2538104373549058,110,59,15,0
tcga_only_pan_incremental_vs_single_baseline,Pan-cancer TCGA only,CESC,fold5,tcga_frac0p01,0.5904722835665962,0.38214338410704124,110,58,14,0
tcga_only_pan_incremental_vs_single_baseline,Pan-cancer TCGA only,CHOL,fold1,tcga_frac0p01,0.11452927978718895,-0.1829039401944711,110,12,6,0
tcga_only_pan_incremental_vs_single_baseline,Pan-cancer TCGA only,CHOL,fold2,tcga_frac0p01,0.24436474042173129,-0.05306847955992877,110,11,6,0
tcga_only_pan_incremental_vs_single_baseline,Pan-cancer TCGA only,CHOL,fold3,tcga_frac0p01,0.198350357154557,-0.09908286282710305,110,11,5,0
tcga_only_pan_incremental_vs_single_baseline,Pan-cancer TCGA only,CHOL,fold4,tcga_frac0p01,0.19146485343520933,-0.10596836654645073,110,11,5,0
tcga_only_pan_incremental_vs_single_baseline,Pan-cancer TCGA only,COAD,fold1,tcga_frac0p01,0.15049065222125663,-0.047399998629528706,109,89,20,0
tcga_only_pan_incremental_vs_single_baseline,Pan-cancer TCGA only,COAD,fold2,tcga_frac0p01,0.1980711965302813,0.00018054567949596367,109,89,20,0
tcga_only_pan_incremental_vs_single_baseline,Pan-cancer TCGA only,COAD,fold3,tcga_frac0p01,0.13183410788083824,-0.06605654296994709,109,88,19,0
tcga_only_pan_incremental_vs_single_baseline,Pan-cancer TCGA only,COAD,fold4,tcga_frac0p01,0.3015638562653025,0.10367320541451719,109,88,19,0
tcga_only_pan_incremental_vs_single_baseline,Pan-cancer TCGA only,COAD,fold5,tcga_frac0p01,0.08968515927851432,-0.10820549157227101,109,88,20,0
tcga_only_pan_incremental_vs_single_baseline,Pan-cancer TCGA only,DLBC,fold1,tcga_frac0p01,0.3590501738590131,0.169469852868405,110,24,5,0
tcga_only_pan_incremental_vs_single_baseline,Pan-cancer TCGA only,DLBC,fold2,tcga_frac0p01,0.11603868440301728,-0.07354163658759084,110,23,4,0
tcga_only_pan_incremental_vs_single_baseline,Pan-cancer TCGA only,ESCA,fold1,tcga_frac0p01,0.14491998277985754,-0.026667028740007842,110,37,16,0
tcga_only_pan_incremental_vs_single_baseline,Pan-cancer TCGA only,ESCA,fold2,tcga_frac0p01,0.05453607496432139,-0.117050936555544,110,37,16,0
tcga_only_pan_incremental_vs_single_baseline,Pan-cancer TCGA only,ESCA,fold3,tcga_frac0p01,0.05445969833508634,-0.11712731318477904,110,37,15,0
tcga_only_pan_incremental_vs_single_baseline,Pan-cancer TCGA only,ESCA,fold4,tcga_frac0p01,0.1351544151316148,-0.03643259638825058,110,37,15,0
tcga_only_pan_incremental_vs_single_baseline,Pan-cancer TCGA only,ESCA,fold5,tcga_frac0p01,0.06671977195180225,-0.10486723956806314,110,37,15,0
tcga_only_pan_incremental_vs_single_baseline,Pan-cancer TCGA only,GBM,fold1,tcga_frac0p01,0.09339603872445043,0.0192005948067262,109,119,99,0
tcga_only_pan_incremental_vs_single_baseline,Pan-cancer TCGA only,GBM,fold2,tcga_frac0p01,0.09301679090924962,0.018821346991525392,109,119,98,0
tcga_only_pan_incremental_vs_single_baseline,Pan-cancer TCGA only,GBM,fold3,tcga_frac0p01,0.08119249688156822,0.006997052963843994,109,119,98,0
tcga_only_pan_incremental_vs_single_baseline,Pan-cancer TCGA only,GBM,fold4,tcga_frac0p01,0.1587542518145968,0.08455880789687256,109,119,98,0
tcga_only_pan_incremental_vs_single_baseline,Pan-cancer TCGA only,GBM,fold5,tcga_frac0p01,0.1335540782747248,0.05935863435700056,109,119,98,0
tcga_only_pan_incremental_vs_single_baseline,Pan-cancer TCGA only,HNSC,fold1,tcga_frac0p01,0.2499868720876461,0.07327251775567925,109,106,45,0
tcga_only_pan_incremental_vs_single_baseline,Pan-cancer TCGA only,HNSC,fold2,tcga_frac0p01,0.23973214613011673,0.06301779179814987,109,106,45,0
tcga_only_pan_incremental_vs_single_baseline,Pan-cancer TCGA only,HNSC,fold3,tcga_frac0p01,0.3592541901538827,0.18253983582191585,109,105,44,0
tcga_only_pan_incremental_vs_single_baseline,Pan-cancer TCGA only,HNSC,fold4,tcga_frac0p01,0.24748069463379307,0.07076634030182621,109,105,44,0
tcga_only_pan_incremental_vs_single_baseline,Pan-cancer TCGA only,HNSC,fold5,tcga_frac0p01,0.19469432174121812,0.017979967409251257,109,105,45,0
tcga_only_pan_incremental_vs_single_baseline,Pan-cancer TCGA only,KICH,fold1,tcga_frac0p01,0.30359204041682014,0.21138630459041613,110,56,6,0
tcga_only_pan_incremental_vs_single_baseline,Pan-cancer TCGA only,KICH,fold2,tcga_frac0p01,0.24661774182147975,0.1544120059950757,110,56,6,0
tcga_only_pan_incremental_vs_single_baseline,Pan-cancer TCGA only,KIRC,fold1,tcga_frac0p01,0.23140090826065424,0.10297271249982537,109,107,35,0
tcga_only_pan_incremental_vs_single_baseline,Pan-cancer TCGA only,KIRC,fold2,tcga_frac0p01,0.22312827948578562,0.09470008372495675,109,107,35,0
tcga_only_pan_incremental_vs_single_baseline,Pan-cancer TCGA only,KIRC,fold3,tcga_frac0p01,0.21545104466059348,0.08702284889976461,109,107,35,0
tcga_only_pan_incremental_vs_single_baseline,Pan-cancer TCGA only,KIRC,fold4,tcga_frac0p01,0.2065434509794977,0.07811525521866883,109,107,36,0
tcga_only_pan_incremental_vs_single_baseline,Pan-cancer TCGA only,KIRC,fold5,tcga_frac0p01,0.24871192708538997,0.1202837313245611,109,107,36,0
tcga_only_pan_incremental_vs_single_baseline,Pan-cancer TCGA only,KIRP,fold1,tcga_frac0p01,0.149720140435702,-0.012736811574157014,110,58,9,0
tcga_only_pan_incremental_vs_single_baseline,Pan-cancer TCGA only,KIRP,fold2,tcga_frac0p01,0.4277721096669335,0.2653151576570745,110,58,9,0
tcga_only_pan_incremental_vs_single_baseline,Pan-cancer TCGA only,KIRP,fold3,tcga_frac0p01,0.3414291464138818,0.17897219440402276,110,58,9,0
tcga_only_pan_incremental_vs_single_baseline,Pan-cancer TCGA only,KIRP,fold4,tcga_frac0p01,0.15300760173434047,-0.009449350275518548,110,57,8,0
tcga_only_pan_incremental_vs_single_baseline,Pan-cancer TCGA only,KIRP,fold5,tcga_frac0p01,0.1436905101464782,-0.018766441863380806,110,57,9,0
tcga_only_pan_incremental_vs_single_baseline,Pan-cancer TCGA only,LAML,fold1,tcga_frac0p01,0.16720231681034417,-0.04249031789956162,110,35,22,0
tcga_only_pan_incremental_vs_single_baseline,Pan-cancer TCGA only,LAML,fold2,tcga_frac0p01,0.10956992013416794,-0.10012271457573785,110,35,22,0
tcga_only_pan_incremental_vs_single_baseline,Pan-cancer TCGA only,LAML,fold3,tcga_frac0p01,0.1374565667937534,-0.07223606791615239,110,35,22,0
tcga_only_pan_incremental_vs_single_baseline,Pan-cancer TCGA only,LAML,fold4,tcga_frac0p01,0.09875802380438749,-0.1109346109055183,110,34,21,0
tcga_only_pan_incremental_vs_single_baseline,Pan-cancer TCGA only,LAML,fold5,tcga_frac0p01,0.23432008378811575,0.024627449078209962,110,34,21,0
tcga_only_pan_incremental_vs_single_baseline,Pan-cancer TCGA only,LGG,fold1,tcga_frac0p01,0.18314590524457927,0.009058352770629469,109,103,25,0
tcga_only_pan_incremental_vs_single_baseline,Pan-cancer TCGA only,LGG,fold2,tcga_frac0p01,0.1874624671273899,0.013374914653440095,109,102,25,0
tcga_only_pan_incremental_vs_single_baseline,Pan-cancer TCGA only,LGG,fold3,tcga_frac0p01,0.20319913669830586,0.029111584224356057,109,102,25,0
tcga_only_pan_incremental_vs_single_baseline,Pan-cancer TCGA only,LGG,fold4,tcga_frac0p01,0.17384243691262055,-0.00024511556132925105,109,102,25,0
tcga_only_pan_incremental_vs_single_baseline,Pan-cancer TCGA only,LGG,fold5,tcga_frac0p01,0.11490650634618226,-0.05918104612776755,109,102,25,0
tcga_only_pan_incremental_vs_single_baseline,Pan-cancer TCGA only,LIHC,fold1,tcga_frac0p01,0.08078650519051955,-0.11608588385527946,110,75,27,0
tcga_only_pan_incremental_vs_single_baseline,Pan-cancer TCGA only,LIHC,fold2,tcga_frac0p01,0.11250436108180815,-0.08436802796399086,110,74,27,0
tcga_only_pan_incremental_vs_single_baseline,Pan-cancer TCGA only,LIHC,fold3,tcga_frac0p01,0.10686480390848398,-0.09000758513731504,110,74,26,0
tcga_only_pan_incremental_vs_single_baseline,Pan-cancer TCGA only,LIHC,fold4,tcga_frac0p01,0.16323694376436504,-0.03363544528143397,110,74,26,0
tcga_only_pan_incremental_vs_single_baseline,Pan-cancer TCGA only,LIHC,fold5,tcga_frac0p01,0.12608924885100398,-0.07078314019479504,110,74,26,0
tcga_only_pan_incremental_vs_single_baseline,Pan-cancer TCGA only,LUAD,fold1,tcga_frac0p01,0.3175383084126836,0.1404065824117803,109,102,36,0
tcga_only_pan_incremental_vs_single_baseline,Pan-cancer TCGA only,LUAD,fold2,tcga_frac0p01,0.1393248764409858,-0.037806849559917505,109,102,37,0
tcga_only_pan_incremental_vs_single_baseline,Pan-cancer TCGA only,LUAD,fold3,tcga_frac0p01,0.17272965415638622,-0.004402071844517075,109,102,37,0
tcga_only_pan_incremental_vs_single_baseline,Pan-cancer TCGA only,LUAD,fold4,tcga_frac0p01,0.34870022710504145,0.17156850110413815,109,102,37,0
tcga_only_pan_incremental_vs_single_baseline,Pan-cancer TCGA only,LUAD,fold5,tcga_frac0p01,0.1597321068303227,-0.017399619170580582,109,101,36,0
tcga_only_pan_incremental_vs_single_baseline,Pan-cancer TCGA only,LUSC,fold1,tcga_frac0p01,0.2145163717343323,0.02961905019624833,109,100,43,0
tcga_only_pan_incremental_vs_single_baseline,Pan-cancer TCGA only,LUSC,fold2,tcga_frac0p01,0.20113334561510487,0.016236024077020905,109,100,43,0
tcga_only_pan_incremental_vs_single_baseline,Pan-cancer TCGA only,LUSC,fold3,tcga_frac0p01,0.24316670587790612,0.05826938433982215,109,99,43,0
tcga_only_pan_incremental_vs_single_baseline,Pan-cancer TCGA only,LUSC,fold4,tcga_frac0p01,0.32808707060532094,0.14318974906723697,109,99,43,0
tcga_only_pan_incremental_vs_single_baseline,Pan-cancer TCGA only,LUSC,fold5,tcga_frac0p01,0.4066364055157402,0.22173908397765624,109,99,43,0
tcga_only_pan_incremental_vs_single_baseline,Pan-cancer TCGA only,MESO,fold1,tcga_frac0p01,0.15540719003709816,0.00824385472141101,110,17,15,0
tcga_only_pan_incremental_vs_single_baseline,Pan-cancer TCGA only,MESO,fold2,tcga_frac0p01,0.3573627156273155,0.21019938031162833,110,17,15,0
tcga_only_pan_incremental_vs_single_baseline,Pan-cancer TCGA only,MESO,fold3,tcga_frac0p01,0.15734772202853287,0.010184386712845717,110,17,15,0
tcga_only_pan_incremental_vs_single_baseline,Pan-cancer TCGA only,MESO,fold4,tcga_frac0p01,0.11968924580372524,-0.02747408951196191,110,17,14,0
tcga_only_pan_incremental_vs_single_baseline,Pan-cancer TCGA only,MESO,fold5,tcga_frac0p01,0.1727762642107411,0.025612928895053955,110,17,14,0
tcga_only_pan_incremental_vs_single_baseline,Pan-cancer TCGA only,OV,fold1,tcga_frac0p01,0.3100837756306443,0.15763677376490534,109,117,70,0
tcga_only_pan_incremental_vs_single_baseline,Pan-cancer TCGA only,OV,fold2,tcga_frac0p01,0.20304706353015364,0.050600061664414664,109,117,70,0
tcga_only_pan_incremental_vs_single_baseline,Pan-cancer TCGA only,OV,fold3,tcga_frac0p01,0.37547006878182876,0.22302306691608978,109,116,70,0
tcga_only_pan_incremental_vs_single_baseline,Pan-cancer TCGA only,OV,fold4,tcga_frac0p01,0.15424648443663308,0.001799482570894101,109,116,69,0
tcga_only_pan_incremental_vs_single_baseline,Pan-cancer TCGA only,OV,fold5,tcga_frac0p01,0.40489266428040294,0.25244566241466393,109,116,69,0
tcga_only_pan_incremental_vs_single_baseline,Pan-cancer TCGA only,PAAD,fold1,tcga_frac0p01,0.07313180290972263,-0.12521411696273452,110,37,20,0
tcga_only_pan_incremental_vs_single_baseline,Pan-cancer TCGA only,PAAD,fold2,tcga_frac0p01,0.09416321901806007,-0.10418270085439707,110,37,20,0
tcga_only_pan_incremental_vs_single_baseline,Pan-cancer TCGA only,PAAD,fold3,tcga_frac0p01,0.07051734468565421,-0.12782857518680293,110,37,20,0
tcga_only_pan_incremental_vs_single_baseline,Pan-cancer TCGA only,PAAD,fold4,tcga_frac0p01,0.03492130104164874,-0.1634246188308084,110,37,20,0
tcga_only_pan_incremental_vs_single_baseline,Pan-cancer TCGA only,PAAD,fold5,tcga_frac0p01,0.09792775612796317,-0.10041816374449397,110,36,20,0
tcga_only_pan_incremental_vs_single_baseline,Pan-cancer TCGA only,PCPG,fold1,tcga_frac0p01,0.17782697463325636,0.14341691477393356,109,90,3,0
tcga_only_pan_incremental_vs_single_baseline,Pan-cancer TCGA only,PCPG,fold2,tcga_frac0p01,0.10939081360352665,0.07498075374420385,109,89,3,0
tcga_only_pan_incremental_vs_single_baseline,Pan-cancer TCGA only,PRAD,fold1,tcga_frac0p01,0.04734271388882443,0.011533498831885307,108,250,5,0
tcga_only_pan_incremental_vs_single_baseline,Pan-cancer TCGA only,PRAD,fold2,tcga_frac0p01,0.08375731921186547,0.04794810415492634,108,250,5,0
tcga_only_pan_incremental_vs_single_baseline,Pan-cancer TCGA only,READ,fold1,tcga_frac0p01,0.11652465603265828,-0.027476908220784843,110,33,5,0
tcga_only_pan_incremental_vs_single_baseline,Pan-cancer TCGA only,READ,fold2,tcga_frac0p01,0.20880368363297902,0.0648021193795359,110,33,5,0
tcga_only_pan_incremental_vs_single_baseline,Pan-cancer TCGA only,READ,fold3,tcga_frac0p01,0.04360245160762393,-0.10039911264581919,110,33,5,0
tcga_only_pan_incremental_vs_single_baseline,Pan-cancer TCGA only,READ,fold4,tcga_frac0p01,0.16090089995747026,0.01689933570402713,110,33,6,0
tcga_only_pan_incremental_vs_single_baseline,Pan-cancer TCGA only,READ,fold5,tcga_frac0p01,0.0482304951106271,-0.09577106914281602,110,32,5,0
tcga_only_pan_incremental_vs_single_baseline,Pan-cancer TCGA only,SARC,fold1,tcga_frac0p01,0.5591901113623757,0.35724929563618835,110,53,20,0
tcga_only_pan_incremental_vs_single_baseline,Pan-cancer TCGA only,SARC,fold2,tcga_frac0p01,0.30069958252294926,0.09875876679676185,110,52,19,0
tcga_only_pan_incremental_vs_single_baseline,Pan-cancer TCGA only,SARC,fold3,tcga_frac0p01,0.2550486380952941,0.05310782236910669,110,52,20,0
tcga_only_pan_incremental_vs_single_baseline,Pan-cancer TCGA only,SARC,fold4,tcga_frac0p01,0.46797342925927593,0.2660326135330885,110,52,20,0
tcga_only_pan_incremental_vs_single_baseline,Pan-cancer TCGA only,SARC,fold5,tcga_frac0p01,0.20522978954116053,0.0032889738149731174,110,52,20,0
tcga_only_pan_incremental_vs_single_baseline,Pan-cancer TCGA only,SKCM,fold1,tcga_frac0p01,0.8239533964957861,0.6666066247828772,109,91,43,0
tcga_only_pan_incremental_vs_single_baseline,Pan-cancer TCGA only,SKCM,fold2,tcga_frac0p01,0.4026962246910511,0.24534945297814226,109,91,43,0
tcga_only_pan_incremental_vs_single_baseline,Pan-cancer TCGA only,SKCM,fold3,tcga_frac0p01,0.5312951289124208,0.37394835719951197,109,91,43,0
tcga_only_pan_incremental_vs_single_baseline,Pan-cancer TCGA only,SKCM,fold4,tcga_frac0p01,0.7091708265017489,0.55182405478884,109,91,43,0
tcga_only_pan_incremental_vs_single_baseline,Pan-cancer TCGA only,SKCM,fold5,tcga_frac0p01,0.3001336616426583,0.14278688992974947,109,90,42,0
tcga_only_pan_incremental_vs_single_baseline,Pan-cancer TCGA only,STAD,fold1,tcga_frac0p01,0.0848356538389778,-0.10954943471103097,110,84,34,0
tcga_only_pan_incremental_vs_single_baseline,Pan-cancer TCGA only,STAD,fold2,tcga_frac0p01,0.18655580289436494,-0.007829285655643836,110,84,34,0
tcga_only_pan_incremental_vs_single_baseline,Pan-cancer TCGA only,STAD,fold3,tcga_frac0p01,0.09868962644159553,-0.09569546210841325,110,83,33,0
tcga_only_pan_incremental_vs_single_baseline,Pan-cancer TCGA only,STAD,fold4,tcga_frac0p01,0.05310168666484592,-0.14128340188516286,110,83,33,0
tcga_only_pan_incremental_vs_single_baseline,Pan-cancer TCGA only,STAD,fold5,tcga_frac0p01,0.15527083003486628,-0.0391142585151425,110,83,34,0
tcga_only_pan_incremental_vs_single_baseline,Pan-cancer TCGA only,TGCT,fold1,tcga_frac0p01,0.12114720549562463,0.10750766606650768,110,67,2,0
tcga_only_pan_incremental_vs_single_baseline,Pan-cancer TCGA only,TGCT,fold2,tcga_frac0p01,0.029470867141647723,0.01583132771253077,110,67,2,0
tcga_only_pan_incremental_vs_single_baseline,Pan-cancer TCGA only,THCA,fold1,tcga_frac0p01,0.17643476690317317,0.13438059857943244,109,169,5,0
tcga_only_pan_incremental_vs_single_baseline,Pan-cancer TCGA only,THCA,fold2,tcga_frac0p01,0.06316817381918033,0.02111400549543959,109,169,6,0
tcga_only_pan_incremental_vs_single_baseline,Pan-cancer TCGA only,THCA,fold3,tcga_frac0p01,0.12127743698480206,0.07922326866106133,109,168,5,0
tcga_only_pan_incremental_vs_single_baseline,Pan-cancer TCGA only,THYM,fold1,tcga_frac0p01,0.11791888512922478,0.042258542134904806,110,62,5,0
tcga_only_pan_incremental_vs_single_baseline,Pan-cancer TCGA only,THYM,fold2,tcga_frac0p01,0.1769241032826714,0.10126376028835143,110,61,4,0
tcga_only_pan_incremental_vs_single_baseline,Pan-cancer TCGA only,UCEC,fold1,tcga_frac0p01,0.09299756594189419,-0.06399202632777924,109,110,19,0
tcga_only_pan_incremental_vs_single_baseline,Pan-cancer TCGA only,UCEC,fold2,tcga_frac0p01,0.16224504005448823,0.005255447784814793,109,109,18,0
tcga_only_pan_incremental_vs_single_baseline,Pan-cancer TCGA only,UCEC,fold3,tcga_frac0p01,0.17329434867174986,0.01630475640207643,109,109,18,0
tcga_only_pan_incremental_vs_single_baseline,Pan-cancer TCGA only,UCEC,fold4,tcga_frac0p01,0.27639753218917745,0.11940793991950402,109,109,18,0
tcga_only_pan_incremental_vs_single_baseline,Pan-cancer TCGA only,UCEC,fold5,tcga_frac0p01,0.20556068767783345,0.048571095408160014,109,109,18,0
tcga_only_pan_incremental_vs_single_baseline,Pan-cancer TCGA only,UCS,fold1,tcga_frac0p01,0.38883711269718346,0.17568189895450775,110,12,7,0
tcga_only_pan_incremental_vs_single_baseline,Pan-cancer TCGA only,UCS,fold2,tcga_frac0p01,0.10938957073968475,-0.10376564300299096,110,11,7,0
tcga_only_pan_incremental_vs_single_baseline,Pan-cancer TCGA only,UCS,fold3,tcga_frac0p01,0.31066910938565345,0.09751389564297774,110,11,7,0
tcga_only_pan_incremental_vs_single_baseline,Pan-cancer TCGA only,UCS,fold4,tcga_frac0p01,0.33974370169426144,0.12658848795158573,110,11,7,0
tcga_only_pan_incremental_vs_single_baseline,Pan-cancer TCGA only,UCS,fold5,tcga_frac0p01,0.24469082567252634,0.03153561192985063,110,11,7,0
tcga_only_pan_incremental_vs_single_baseline,Pan-cancer TCGA only,UVM,fold1,tcga_frac0p01,0.08076062820644564,-0.08917095448758355,110,20,6,0
tcga_only_pan_incremental_vs_single_baseline,Pan-cancer TCGA only,UVM,fold2,tcga_frac0p01,0.10751422934726154,-0.06241735334676765,110,20,6,0
tcga_only_pan_incremental_vs_single_baseline,Pan-cancer TCGA only,UVM,fold3,tcga_frac0p01,0.057754997085921134,-0.11217658560810806,110,20,6,0
tcga_only_pan_incremental_vs_single_baseline,Pan-cancer TCGA only,UVM,fold4,tcga_frac0p01,0.12058981093671584,-0.04934177175731336,110,20,5,0
tcga_only_pan_incremental_vs_single_baseline,Pan-cancer TCGA only,ACC,fold1,tcga_frac0p02,0.0815582058868087,-0.04863541877667116,220,19,7,0
tcga_only_pan_incremental_vs_single_baseline,Pan-cancer TCGA only,ACC,fold2,tcga_frac0p02,0.4618465828157656,0.3316529581522858,220,18,7,0
tcga_only_pan_incremental_vs_single_baseline,Pan-cancer TCGA only,ACC,fold3,tcga_frac0p02,0.12539014245913005,-0.004803482204349813,220,18,7,0
tcga_only_pan_incremental_vs_single_baseline,Pan-cancer TCGA only,ACC,fold4,tcga_frac0p02,0.19262833973797053,0.062434715074490665,220,18,6,0
tcga_only_pan_incremental_vs_single_baseline,Pan-cancer TCGA only,ACC,fold5,tcga_frac0p02,0.46509340752382156,0.3348997828603417,220,18,6,0
tcga_only_pan_incremental_vs_single_baseline,Pan-cancer TCGA only,BLCA,fold1,tcga_frac0p02,0.11564121051825425,-0.07205652080325657,219,82,36,0
tcga_only_pan_incremental_vs_single_baseline,Pan-cancer TCGA only,BLCA,fold2,tcga_frac0p02,0.17415890844997925,-0.013538822871531575,219,82,36,0
tcga_only_pan_incremental_vs_single_baseline,Pan-cancer TCGA only,BLCA,fold3,tcga_frac0p02,0.17281104543621695,-0.014886685885293877,219,82,36,0
tcga_only_pan_incremental_vs_single_baseline,Pan-cancer TCGA only,BLCA,fold4,tcga_frac0p02,0.16256250846409925,-0.02513522285741157,219,82,36,0
tcga_only_pan_incremental_vs_single_baseline,Pan-cancer TCGA only,BLCA,fold5,tcga_frac0p02,0.27884920510651123,0.09115147378500041,219,82,36,0
tcga_only_pan_incremental_vs_single_baseline,Pan-cancer TCGA only,BRCA,fold1,tcga_frac0p02,0.2323742642021233,0.0753541542669216,216,217,30,0
tcga_only_pan_incremental_vs_single_baseline,Pan-cancer TCGA only,BRCA,fold2,tcga_frac0p02,0.14666078438261512,-0.010359325552586562,216,217,30,0
tcga_only_pan_incremental_vs_single_baseline,Pan-cancer TCGA only,BRCA,fold3,tcga_frac0p02,0.16358287193948698,0.006562762004285294,216,217,31,0
tcga_only_pan_incremental_vs_single_baseline,Pan-cancer TCGA only,BRCA,fold4,tcga_frac0p02,0.19488816784601182,0.03786805791081013,216,216,30,0
tcga_only_pan_incremental_vs_single_baseline,Pan-cancer TCGA only,BRCA,fold5,tcga_frac0p02,0.1367322376301155,-0.02028787230508619,216,216,30,0
tcga_only_pan_incremental_vs_single_baseline,Pan-cancer TCGA only,CESC,fold1,tcga_frac0p02,0.22893904470542417,0.02061014524586921,219,59,14,0
tcga_only_pan_incremental_vs_single_baseline,Pan-cancer TCGA only,CESC,fold2,tcga_frac0p02,0.2783485463373392,0.07001964687778423,219,59,14,0
tcga_only_pan_incremental_vs_single_baseline,Pan-cancer TCGA only,CESC,fold3,tcga_frac0p02,0.2228393348020992,0.014510435342544231,219,59,14,0
tcga_only_pan_incremental_vs_single_baseline,Pan-cancer TCGA only,CESC,fold4,tcga_frac0p02,0.2657574203789042,0.057428520919349246,219,59,15,0
tcga_only_pan_incremental_vs_single_baseline,Pan-cancer TCGA only,CESC,fold5,tcga_frac0p02,0.5211667840472727,0.3128378845877177,219,58,14,0
tcga_only_pan_incremental_vs_single_baseline,Pan-cancer TCGA only,CHOL,fold1,tcga_frac0p02,0.08281658316238578,-0.2146166368192743,220,12,6,0
tcga_only_pan_incremental_vs_single_baseline,Pan-cancer TCGA only,CHOL,fold2,tcga_frac0p02,0.10363000610869026,-0.19380321387296978,220,11,6,0
tcga_only_pan_incremental_vs_single_baseline,Pan-cancer TCGA only,CHOL,fold3,tcga_frac0p02,0.03576898523003203,-0.26166423475162803,220,11,5,0
tcga_only_pan_incremental_vs_single_baseline,Pan-cancer TCGA only,CHOL,fold4,tcga_frac0p02,0.19663440863423073,-0.10079881134742932,220,11,5,0
tcga_only_pan_incremental_vs_single_baseline,Pan-cancer TCGA only,COAD,fold1,tcga_frac0p02,0.17099805759192666,-0.026892593258858677,218,89,20,0
tcga_only_pan_incremental_vs_single_baseline,Pan-cancer TCGA only,COAD,fold2,tcga_frac0p02,0.19207189257084112,-0.005818758279944214,218,89,20,0
tcga_only_pan_incremental_vs_single_baseline,Pan-cancer TCGA only,COAD,fold3,tcga_frac0p02,0.18845206602370615,-0.009438584827079183,218,88,19,0
tcga_only_pan_incremental_vs_single_baseline,Pan-cancer TCGA only,COAD,fold4,tcga_frac0p02,0.1608105548720909,-0.03708009597869444,218,88,19,0
tcga_only_pan_incremental_vs_single_baseline,Pan-cancer TCGA only,COAD,fold5,tcga_frac0p02,0.04001409071700522,-0.1578765601337801,218,88,20,0
tcga_only_pan_incremental_vs_single_baseline,Pan-cancer TCGA only,DLBC,fold1,tcga_frac0p02,0.1826295837803096,-0.006950737210298513,220,24,5,0
tcga_only_pan_incremental_vs_single_baseline,Pan-cancer TCGA only,DLBC,fold2,tcga_frac0p02,0.1849291866046086,-0.004651134385999511,220,23,4,0
tcga_only_pan_incremental_vs_single_baseline,Pan-cancer TCGA only,ESCA,fold1,tcga_frac0p02,0.13999372948631308,-0.0315932820335523,219,37,16,0
tcga_only_pan_incremental_vs_single_baseline,Pan-cancer TCGA only,ESCA,fold2,tcga_frac0p02,0.08329141599161709,-0.0882955955282483,219,37,16,0
tcga_only_pan_incremental_vs_single_baseline,Pan-cancer TCGA only,ESCA,fold3,tcga_frac0p02,0.08282053220009548,-0.0887664793197699,219,37,15,0
tcga_only_pan_incremental_vs_single_baseline,Pan-cancer TCGA only,ESCA,fold4,tcga_frac0p02,0.058421629461321636,-0.11316538205854375,219,37,15,0
tcga_only_pan_incremental_vs_single_baseline,Pan-cancer TCGA only,ESCA,fold5,tcga_frac0p02,0.058788522672709065,-0.11279848884715632,219,37,15,0
tcga_only_pan_incremental_vs_single_baseline,Pan-cancer TCGA only,GBM,fold1,tcga_frac0p02,0.06565726354400381,-0.008538180373720422,218,119,99,0
tcga_only_pan_incremental_vs_single_baseline,Pan-cancer TCGA only,GBM,fold2,tcga_frac0p02,0.17846961636095932,0.10427417244323509,218,119,98,0
tcga_only_pan_incremental_vs_single_baseline,Pan-cancer TCGA only,GBM,fold3,tcga_frac0p02,0.09609116106101703,0.021895717143292803,218,119,98,0
tcga_only_pan_incremental_vs_single_baseline,Pan-cancer TCGA only,GBM,fold4,tcga_frac0p02,0.046961737519420156,-0.027233706398304074,218,119,98,0
tcga_only_pan_incremental_vs_single_baseline,Pan-cancer TCGA only,GBM,fold5,tcga_frac0p02,0.20533735588580007,0.13114191196807584,218,119,98,0
tcga_only_pan_incremental_vs_single_baseline,Pan-cancer TCGA only,HNSC,fold1,tcga_frac0p02,0.22129432807158586,0.044579973739619,218,106,45,0
tcga_only_pan_incremental_vs_single_baseline,Pan-cancer TCGA only,HNSC,fold2,tcga_frac0p02,0.1623101422356426,-0.014404212096324254,218,106,45,0
tcga_only_pan_incremental_vs_single_baseline,Pan-cancer TCGA only,HNSC,fold3,tcga_frac0p02,0.2631966074735357,0.08648225314156882,218,105,44,0
tcga_only_pan_incremental_vs_single_baseline,Pan-cancer TCGA only,HNSC,fold4,tcga_frac0p02,0.21983221865078922,0.04311786431882236,218,105,44,0
tcga_only_pan_incremental_vs_single_baseline,Pan-cancer TCGA only,HNSC,fold5,tcga_frac0p02,0.2366838821074443,0.05996952777547743,218,105,45,0
tcga_only_pan_incremental_vs_single_baseline,Pan-cancer TCGA only,KICH,fold1,tcga_frac0p02,0.1529621595145871,0.060756423688183084,219,56,6,0
tcga_only_pan_incremental_vs_single_baseline,Pan-cancer TCGA only,KICH,fold2,tcga_frac0p02,0.3750171993719117,0.2828114635455077,219,56,6,0
tcga_only_pan_incremental_vs_single_baseline,Pan-cancer TCGA only,KIRC,fold1,tcga_frac0p02,0.40669107030477725,0.2782628745439484,218,107,35,0
tcga_only_pan_incremental_vs_single_baseline,Pan-cancer TCGA only,KIRC,fold2,tcga_frac0p02,0.24371417621569377,0.1152859804548649,218,107,35,0
tcga_only_pan_incremental_vs_single_baseline,Pan-cancer TCGA only,KIRC,fold3,tcga_frac0p02,0.23933518917287222,0.11090699341204335,218,107,35,0
tcga_only_pan_incremental_vs_single_baseline,Pan-cancer TCGA only,KIRC,fold4,tcga_frac0p02,0.15014399276051002,0.021715796999681153,218,107,36,0
tcga_only_pan_incremental_vs_single_baseline,Pan-cancer TCGA only,KIRC,fold5,tcga_frac0p02,0.31042308730020746,0.1819948915393786,218,107,36,0
tcga_only_pan_incremental_vs_single_baseline,Pan-cancer TCGA only,KIRP,fold1,tcga_frac0p02,0.29825783475429546,0.13580088274443644,219,58,9,0
tcga_only_pan_incremental_vs_single_baseline,Pan-cancer TCGA only,KIRP,fold2,tcga_frac0p02,0.25397872956352563,0.09152177755366661,219,58,9,0
tcga_only_pan_incremental_vs_single_baseline,Pan-cancer TCGA only,KIRP,fold3,tcga_frac0p02,0.07033159133475882,-0.0921253606751002,219,58,9,0
tcga_only_pan_incremental_vs_single_baseline,Pan-cancer TCGA only,KIRP,fold4,tcga_frac0p02,0.051492317318383274,-0.11096463469147574,219,57,8,0
tcga_only_pan_incremental_vs_single_baseline,Pan-cancer TCGA only,KIRP,fold5,tcga_frac0p02,0.1549936349903046,-0.007463317019554411,219,57,9,0
tcga_only_pan_incremental_vs_single_baseline,Pan-cancer TCGA only,LAML,fold1,tcga_frac0p02,0.06010041809693818,-0.14959221661296762,220,35,22,0
tcga_only_pan_incremental_vs_single_baseline,Pan-cancer TCGA only,LAML,fold2,tcga_frac0p02,0.1366522189549604,-0.07304041575494538,220,35,22,0
tcga_only_pan_incremental_vs_single_baseline,Pan-cancer TCGA only,LAML,fold3,tcga_frac0p02,0.09629644371049138,-0.1133961909994144,220,35,22,0
tcga_only_pan_incremental_vs_single_baseline,Pan-cancer TCGA only,LAML,fold4,tcga_frac0p02,0.09828564546134973,-0.11140698924855606,220,34,21,0
tcga_only_pan_incremental_vs_single_baseline,Pan-cancer TCGA only,LAML,fold5,tcga_frac0p02,0.3205254567241279,0.11083282201422212,220,34,21,0
tcga_only_pan_incremental_vs_single_baseline,Pan-cancer TCGA only,LGG,fold1,tcga_frac0p02,0.15153693683477548,-0.02255061563917432,218,103,25,0
tcga_only_pan_incremental_vs_single_baseline,Pan-cancer TCGA only,LGG,fold2,tcga_frac0p02,0.18797174000967787,0.013884187535728065,218,102,25,0
tcga_only_pan_incremental_vs_single_baseline,Pan-cancer TCGA only,LGG,fold3,tcga_frac0p02,0.2277161276112128,0.05362857513726299,218,102,25,0
tcga_only_pan_incremental_vs_single_baseline,Pan-cancer TCGA only,LGG,fold4,tcga_frac0p02,0.1909377424213492,0.016850189947399397,218,102,25,0
tcga_only_pan_incremental_vs_single_baseline,Pan-cancer TCGA only,LGG,fold5,tcga_frac0p02,0.13706756532694092,-0.03701998714700888,218,102,25,0
tcga_only_pan_incremental_vs_single_baseline,Pan-cancer TCGA only,LIHC,fold1,tcga_frac0p02,0.12252707861680974,-0.07434531042898927,219,75,27,0
tcga_only_pan_incremental_vs_single_baseline,Pan-cancer TCGA only,LIHC,fold2,tcga_frac0p02,0.11377335570703727,-0.08309903333876174,219,74,27,0
tcga_only_pan_incremental_vs_single_baseline,Pan-cancer TCGA only,LIHC,fold3,tcga_frac0p02,0.0861457661023416,-0.1107266229434574,219,74,26,0
tcga_only_pan_incremental_vs_single_baseline,Pan-cancer TCGA only,LIHC,fold4,tcga_frac0p02,0.1280541893548557,-0.0688181996909433,219,74,26,0
tcga_only_pan_incremental_vs_single_baseline,Pan-cancer TCGA only,LIHC,fold5,tcga_frac0p02,0.11380062982839226,-0.08307175921740675,219,74,26,0
tcga_only_pan_incremental_vs_single_baseline,Pan-cancer TCGA only,LUAD,fold1,tcga_frac0p02,0.27653284487529134,0.09940111887438804,218,102,36,0
tcga_only_pan_incremental_vs_single_baseline,Pan-cancer TCGA only,LUAD,fold2,tcga_frac0p02,0.1798387091163831,0.0027069831154798163,218,102,37,0
tcga_only_pan_incremental_vs_single_baseline,Pan-cancer TCGA only,LUAD,fold3,tcga_frac0p02,0.12524483163652553,-0.05188689436437777,218,102,37,0
tcga_only_pan_incremental_vs_single_baseline,Pan-cancer TCGA only,LUAD,fold4,tcga_frac0p02,0.22935050433043777,0.052218778329534477,218,102,37,0
tcga_only_pan_incremental_vs_single_baseline,Pan-cancer TCGA only,LUAD,fold5,tcga_frac0p02,0.2581721089575909,0.08104038295668761,218,101,36,0
tcga_only_pan_incremental_vs_single_baseline,Pan-cancer TCGA only,LUSC,fold1,tcga_frac0p02,0.3044147832052934,0.11951746166720945,218,100,43,0
tcga_only_pan_incremental_vs_single_baseline,Pan-cancer TCGA only,LUSC,fold2,tcga_frac0p02,0.13361023759418733,-0.05128708394389664,218,100,43,0
tcga_only_pan_incremental_vs_single_baseline,Pan-cancer TCGA only,LUSC,fold3,tcga_frac0p02,0.26089994740192646,0.07600262586384249,218,99,43,0
tcga_only_pan_incremental_vs_single_baseline,Pan-cancer TCGA only,LUSC,fold4,tcga_frac0p02,0.23788351819336764,0.052986196655283674,218,99,43,0
tcga_only_pan_incremental_vs_single_baseline,Pan-cancer TCGA only,LUSC,fold5,tcga_frac0p02,0.4764953671157386,0.2915980455776546,218,99,43,0
tcga_only_pan_incremental_vs_single_baseline,Pan-cancer TCGA only,MESO,fold1,tcga_frac0p02,0.03442527854162977,-0.11273805677405738,220,17,15,0
tcga_only_pan_incremental_vs_single_baseline,Pan-cancer TCGA only,MESO,fold2,tcga_frac0p02,0.3973740770889437,0.25021074177325653,220,17,15,0
tcga_only_pan_incremental_vs_single_baseline,Pan-cancer TCGA only,MESO,fold3,tcga_frac0p02,0.1315159487244192,-0.015647386591267937,220,17,15,0
tcga_only_pan_incremental_vs_single_baseline,Pan-cancer TCGA only,MESO,fold4,tcga_frac0p02,0.0651001398603946,-0.08206319545529255,220,17,14,0
tcga_only_pan_incremental_vs_single_baseline,Pan-cancer TCGA only,MESO,fold5,tcga_frac0p02,0.08628035571220989,-0.06088297960347726,220,17,14,0
tcga_only_pan_incremental_vs_single_baseline,Pan-cancer TCGA only,OV,fold1,tcga_frac0p02,0.09803137078264593,-0.05441563108309305,218,117,70,0
tcga_only_pan_incremental_vs_single_baseline,Pan-cancer TCGA only,OV,fold2,tcga_frac0p02,0.21782220260103297,0.06537520073529399,218,117,70,0
tcga_only_pan_incremental_vs_single_baseline,Pan-cancer TCGA only,OV,fold3,tcga_frac0p02,0.2874343686826923,0.1349873668169533,218,116,70,0
tcga_only_pan_incremental_vs_single_baseline,Pan-cancer TCGA only,OV,fold4,tcga_frac0p02,0.21956109134866236,0.06711408948292338,218,116,69,0
tcga_only_pan_incremental_vs_single_baseline,Pan-cancer TCGA only,OV,fold5,tcga_frac0p02,0.2902803175683262,0.1378333157025872,218,116,69,0
tcga_only_pan_incremental_vs_single_baseline,Pan-cancer TCGA only,PAAD,fold1,tcga_frac0p02,0.07925618142950848,-0.11908973844294866,219,37,20,0
tcga_only_pan_incremental_vs_single_baseline,Pan-cancer TCGA only,PAAD,fold2,tcga_frac0p02,0.12092770029918924,-0.0774182195732679,219,37,20,0
tcga_only_pan_incremental_vs_single_baseline,Pan-cancer TCGA only,PAAD,fold3,tcga_frac0p02,0.05002561039689502,-0.14832030947556213,219,37,20,0
tcga_only_pan_incremental_vs_single_baseline,Pan-cancer TCGA only,PAAD,fold4,tcga_frac0p02,0.06827416088354267,-0.1300717589889145,219,37,20,0
tcga_only_pan_incremental_vs_single_baseline,Pan-cancer TCGA only,PAAD,fold5,tcga_frac0p02,0.04303200497528913,-0.155313914897168,219,36,20,0
tcga_only_pan_incremental_vs_single_baseline,Pan-cancer TCGA only,PCPG,fold1,tcga_frac0p02,0.0905955116721713,0.0561854518128485,218,90,3,0
tcga_only_pan_incremental_vs_single_baseline,Pan-cancer TCGA only,PCPG,fold2,tcga_frac0p02,0.18678247535449813,0.15237241549517533,218,89,3,0
tcga_only_pan_incremental_vs_single_baseline,Pan-cancer TCGA only,PRAD,fold1,tcga_frac0p02,0.07537592376772129,0.03956670871078216,215,250,5,0
tcga_only_pan_incremental_vs_single_baseline,Pan-cancer TCGA only,PRAD,fold2,tcga_frac0p02,0.09378229266758517,0.057973077610646045,215,250,5,0
tcga_only_pan_incremental_vs_single_baseline,Pan-cancer TCGA only,READ,fold1,tcga_frac0p02,0.04486428689211948,-0.09913727736132365,220,33,5,0
tcga_only_pan_incremental_vs_single_baseline,Pan-cancer TCGA only,READ,fold2,tcga_frac0p02,0.19227356712116675,0.048272002867723623,220,33,5,0
tcga_only_pan_incremental_vs_single_baseline,Pan-cancer TCGA only,READ,fold3,tcga_frac0p02,0.04655762643085073,-0.09744393782259239,220,33,5,0
tcga_only_pan_incremental_vs_single_baseline,Pan-cancer TCGA only,READ,fold4,tcga_frac0p02,0.20283961010020324,0.05883804584676011,220,33,6,0
tcga_only_pan_incremental_vs_single_baseline,Pan-cancer TCGA only,READ,fold5,tcga_frac0p02,0.0314272383534037,-0.11257432590003943,220,32,5,0
tcga_only_pan_incremental_vs_single_baseline,Pan-cancer TCGA only,SARC,fold1,tcga_frac0p02,0.30222653553225465,0.10028571980606724,219,53,20,0
tcga_only_pan_incremental_vs_single_baseline,Pan-cancer TCGA only,SARC,fold2,tcga_frac0p02,0.3288048270087724,0.12686401128258498,219,52,19,0
tcga_only_pan_incremental_vs_single_baseline,Pan-cancer TCGA only,SARC,fold3,tcga_frac0p02,0.28946517606956934,0.08752436034338193,219,52,20,0
tcga_only_pan_incremental_vs_single_baseline,Pan-cancer TCGA only,SARC,fold4,tcga_frac0p02,0.46728935631935137,0.26534854059316393,219,52,20,0
tcga_only_pan_incremental_vs_single_baseline,Pan-cancer TCGA only,SARC,fold5,tcga_frac0p02,0.21982179514279504,0.01788097941660763,219,52,20,0
tcga_only_pan_incremental_vs_single_baseline,Pan-cancer TCGA only,SKCM,fold1,tcga_frac0p02,0.6172097092211732,0.4598629375082644,218,91,43,0
tcga_only_pan_incremental_vs_single_baseline,Pan-cancer TCGA only,SKCM,fold2,tcga_frac0p02,0.5229043559462383,0.36555758423332946,218,91,43,0
tcga_only_pan_incremental_vs_single_baseline,Pan-cancer TCGA only,SKCM,fold3,tcga_frac0p02,0.6427375889500266,0.4853908172371178,218,91,43,0
tcga_only_pan_incremental_vs_single_baseline,Pan-cancer TCGA only,SKCM,fold4,tcga_frac0p02,0.5177350375641527,0.3603882658512439,218,91,43,0
tcga_only_pan_incremental_vs_single_baseline,Pan-cancer TCGA only,SKCM,fold5,tcga_frac0p02,0.32308158884035343,0.1657348171274446,218,90,42,0
tcga_only_pan_incremental_vs_single_baseline,Pan-cancer TCGA only,STAD,fold1,tcga_frac0p02,0.1106588672415614,-0.08372622130844737,219,84,34,0
tcga_only_pan_incremental_vs_single_baseline,Pan-cancer TCGA only,STAD,fold2,tcga_frac0p02,0.11687946311914608,-0.07750562543086269,219,84,34,0
tcga_only_pan_incremental_vs_single_baseline,Pan-cancer TCGA only,STAD,fold3,tcga_frac0p02,0.046876061971776795,-0.14750902657823198,219,83,33,0
tcga_only_pan_incremental_vs_single_baseline,Pan-cancer TCGA only,STAD,fold4,tcga_frac0p02,0.056404045771920965,-0.13798104277808781,219,83,33,0
tcga_only_pan_incremental_vs_single_baseline,Pan-cancer TCGA only,STAD,fold5,tcga_frac0p02,0.058506408252207834,-0.13587868029780092,219,83,34,0
tcga_only_pan_incremental_vs_single_baseline,Pan-cancer TCGA only,TGCT,fold1,tcga_frac0p02,0.027865512047882384,0.014225972618765433,219,67,2,0
tcga_only_pan_incremental_vs_single_baseline,Pan-cancer TCGA only,TGCT,fold2,tcga_frac0p02,0.053913873969717634,0.040274334540600684,219,67,2,0
tcga_only_pan_incremental_vs_single_baseline,Pan-cancer TCGA only,THCA,fold1,tcga_frac0p02,0.19724456510602092,0.1551903967822802,217,169,5,0
tcga_only_pan_incremental_vs_single_baseline,Pan-cancer TCGA only,THCA,fold2,tcga_frac0p02,0.049554758852222776,0.007500590528482037,217,169,6,0
tcga_only_pan_incremental_vs_single_baseline,Pan-cancer TCGA only,THCA,fold3,tcga_frac0p02,0.14337620702554657,0.10132203870180584,217,168,5,0
tcga_only_pan_incremental_vs_single_baseline,Pan-cancer TCGA only,THYM,fold1,tcga_frac0p02,0.17838324887909207,0.10272290588477209,219,62,5,0
tcga_only_pan_incremental_vs_single_baseline,Pan-cancer TCGA only,THYM,fold2,tcga_frac0p02,0.20391735121960092,0.12825700822528094,219,61,4,0
tcga_only_pan_incremental_vs_single_baseline,Pan-cancer TCGA only,UCEC,fold1,tcga_frac0p02,0.17588812543368254,0.018898533164009107,218,110,19,0
tcga_only_pan_incremental_vs_single_baseline,Pan-cancer TCGA only,UCEC,fold2,tcga_frac0p02,0.18354629267998254,0.02655670041030911,218,109,18,0
tcga_only_pan_incremental_vs_single_baseline,Pan-cancer TCGA only,UCEC,fold3,tcga_frac0p02,0.2914614171364638,0.13447182486679035,218,109,18,0
tcga_only_pan_incremental_vs_single_baseline,Pan-cancer TCGA only,UCEC,fold4,tcga_frac0p02,0.2102621804690492,0.053272588199375775,218,109,18,0
tcga_only_pan_incremental_vs_single_baseline,Pan-cancer TCGA only,UCEC,fold5,tcga_frac0p02,0.25089126718964533,0.0939016749199719,218,109,18,0
tcga_only_pan_incremental_vs_single_baseline,Pan-cancer TCGA only,UCS,fold1,tcga_frac0p02,0.17901763095725087,-0.034137582785424836,220,12,7,0
tcga_only_pan_incremental_vs_single_baseline,Pan-cancer TCGA only,UCS,fold2,tcga_frac0p02,0.07643399597018913,-0.13672121777248658,220,11,7,0
tcga_only_pan_incremental_vs_single_baseline,Pan-cancer TCGA only,UCS,fold3,tcga_frac0p02,0.44011574681633436,0.22696053307365865,220,11,7,0
tcga_only_pan_incremental_vs_single_baseline,Pan-cancer TCGA only,UCS,fold4,tcga_frac0p02,0.2441353478074702,0.030980134064794496,220,11,7,0
tcga_only_pan_incremental_vs_single_baseline,Pan-cancer TCGA only,UCS,fold5,tcga_frac0p02,0.18606903406097114,-0.02708617968170457,220,11,7,0
tcga_only_pan_incremental_vs_single_baseline,Pan-cancer TCGA only,UVM,fold1,tcga_frac0p02,0.051472294451900116,-0.11845928824212908,220,20,6,0
tcga_only_pan_incremental_vs_single_baseline,Pan-cancer TCGA only,UVM,fold2,tcga_frac0p02,0.19182300881619743,0.02189142612216824,220,20,6,0
tcga_only_pan_incremental_vs_single_baseline,Pan-cancer TCGA only,UVM,fold3,tcga_frac0p02,0.021738963028861268,-0.14819261966516792,220,20,6,0
tcga_only_pan_incremental_vs_single_baseline,Pan-cancer TCGA only,UVM,fold4,tcga_frac0p02,0.041699890830831324,-0.12823169186319788,220,20,5,0
tcga_only_pan_incremental_vs_single_baseline,Pan-cancer TCGA only,ACC,fold1,tcga_frac0p05,0.22795258716066996,0.0977589624971901,549,19,7,0
tcga_only_pan_incremental_vs_single_baseline,Pan-cancer TCGA only,ACC,fold2,tcga_frac0p05,0.5307494600339158,0.40055583537043593,549,18,7,0
tcga_only_pan_incremental_vs_single_baseline,Pan-cancer TCGA only,ACC,fold3,tcga_frac0p05,0.08026299830394451,-0.04993062635953535,549,18,7,0
tcga_only_pan_incremental_vs_single_baseline,Pan-cancer TCGA only,ACC,fold4,tcga_frac0p05,0.1790881124988081,0.04889448783532824,549,18,6,0
tcga_only_pan_incremental_vs_single_baseline,Pan-cancer TCGA only,ACC,fold5,tcga_frac0p05,0.5290305996068041,0.39883697494332426,549,18,6,0
tcga_only_pan_incremental_vs_single_baseline,Pan-cancer TCGA only,BLCA,fold1,tcga_frac0p05,0.11246475078587419,-0.07523298053563664,546,82,36,0
tcga_only_pan_incremental_vs_single_baseline,Pan-cancer TCGA only,BLCA,fold2,tcga_frac0p05,0.1542418159805443,-0.033455915340966536,546,82,36,0
tcga_only_pan_incremental_vs_single_baseline,Pan-cancer TCGA only,BLCA,fold3,tcga_frac0p05,0.13223204158034266,-0.05546568974116817,546,82,36,0
tcga_only_pan_incremental_vs_single_baseline,Pan-cancer TCGA only,BLCA,fold4,tcga_frac0p05,0.18506705419597694,-0.0026306771255338868,546,82,36,0
tcga_only_pan_incremental_vs_single_baseline,Pan-cancer TCGA only,BLCA,fold5,tcga_frac0p05,0.24833573091565206,0.060637999594141234,546,82,36,0
tcga_only_pan_incremental_vs_single_baseline,Pan-cancer TCGA only,BRCA,fold1,tcga_frac0p05,0.25148041371782637,0.09446030378262468,539,217,30,0
tcga_only_pan_incremental_vs_single_baseline,Pan-cancer TCGA only,BRCA,fold2,tcga_frac0p05,0.20810177995065027,0.05108167001544858,539,217,30,0
tcga_only_pan_incremental_vs_single_baseline,Pan-cancer TCGA only,BRCA,fold3,tcga_frac0p05,0.30202245414027523,0.14500234420507355,539,217,31,0
tcga_only_pan_incremental_vs_single_baseline,Pan-cancer TCGA only,BRCA,fold4,tcga_frac0p05,0.44099589083824065,0.283975780903039,539,216,30,0
tcga_only_pan_incremental_vs_single_baseline,Pan-cancer TCGA only,BRCA,fold5,tcga_frac0p05,0.15497050427301545,-0.0020496056621862324,539,216,30,0
tcga_only_pan_incremental_vs_single_baseline,Pan-cancer TCGA only,CESC,fold1,tcga_frac0p05,0.20960600968822854,0.001277110228673578,547,59,14,0
tcga_only_pan_incremental_vs_single_baseline,Pan-cancer TCGA only,CESC,fold2,tcga_frac0p05,0.28442665130096134,0.07609775184140638,547,59,14,0
tcga_only_pan_incremental_vs_single_baseline,Pan-cancer TCGA only,CESC,fold3,tcga_frac0p05,0.2921838540421938,0.08385495458263886,547,59,14,0
tcga_only_pan_incremental_vs_single_baseline,Pan-cancer TCGA only,CESC,fold4,tcga_frac0p05,0.29484897978976504,0.08652008033021008,547,59,15,0
tcga_only_pan_incremental_vs_single_baseline,Pan-cancer TCGA only,CESC,fold5,tcga_frac0p05,0.5195463743280879,0.31121747486853296,547,58,14,0
tcga_only_pan_incremental_vs_single_baseline,Pan-cancer TCGA only,CHOL,fold1,tcga_frac0p05,0.05291745221375588,-0.24451576776790418,549,12,6,0
tcga_only_pan_incremental_vs_single_baseline,Pan-cancer TCGA only,CHOL,fold2,tcga_frac0p05,0.08500814312965035,-0.2124250768520097,549,11,6,0
tcga_only_pan_incremental_vs_single_baseline,Pan-cancer TCGA only,CHOL,fold3,tcga_frac0p05,0.05817222674356364,-0.2392609932380964,549,11,5,0
tcga_only_pan_incremental_vs_single_baseline,Pan-cancer TCGA only,CHOL,fold4,tcga_frac0p05,0.1404288547784592,-0.15700436520320085,549,11,5,0
tcga_only_pan_incremental_vs_single_baseline,Pan-cancer TCGA only,COAD,fold1,tcga_frac0p05,0.1114910467112047,-0.08639960413958063,545,89,20,0
tcga_only_pan_incremental_vs_single_baseline,Pan-cancer TCGA only,COAD,fold2,tcga_frac0p05,0.15286662780963553,-0.0450240230411498,545,89,20,0
tcga_only_pan_incremental_vs_single_baseline,Pan-cancer TCGA only,COAD,fold3,tcga_frac0p05,0.17139722878841537,-0.02649342206236996,545,88,19,0
tcga_only_pan_incremental_vs_single_baseline,Pan-cancer TCGA only,COAD,fold4,tcga_frac0p05,0.2141703608457547,0.01627970999496936,545,88,19,0
tcga_only_pan_incremental_vs_single_baseline,Pan-cancer TCGA only,COAD,fold5,tcga_frac0p05,0.04740940182158786,-0.15048124902919746,545,88,20,0
tcga_only_pan_incremental_vs_single_baseline,Pan-cancer TCGA only,DLBC,fold1,tcga_frac0p05,0.15507560602873263,-0.03450471496187549,549,24,5,0
tcga_only_pan_incremental_vs_single_baseline,Pan-cancer TCGA only,DLBC,fold2,tcga_frac0p05,0.16778923183058997,-0.02179108916001815,549,23,4,0
tcga_only_pan_incremental_vs_single_baseline,Pan-cancer TCGA only,ESCA,fold1,tcga_frac0p05,0.11548433561954329,-0.0561026759003221,548,37,16,0
tcga_only_pan_incremental_vs_single_baseline,Pan-cancer TCGA only,ESCA,fold2,tcga_frac0p05,0.061644546587699266,-0.10994246493216611,548,37,16,0
tcga_only_pan_incremental_vs_single_baseline,Pan-cancer TCGA only,ESCA,fold3,tcga_frac0p05,0.10748606903976861,-0.06410094248009678,548,37,15,0
tcga_only_pan_incremental_vs_single_baseline,Pan-cancer TCGA only,ESCA,fold4,tcga_frac0p05,0.030907832503310032,-0.14067917901655536,548,37,15,0
tcga_only_pan_incremental_vs_single_baseline,Pan-cancer TCGA only,ESCA,fold5,tcga_frac0p05,0.042409768306425226,-0.12917724321344015,548,37,15,0
tcga_only_pan_incremental_vs_single_baseline,Pan-cancer TCGA only,GBM,fold1,tcga_frac0p05,0.06308946555941963,-0.011105978358304597,544,119,99,0
tcga_only_pan_incremental_vs_single_baseline,Pan-cancer TCGA only,GBM,fold2,tcga_frac0p05,0.08650549169083915,0.012310047773114924,544,119,98,0
tcga_only_pan_incremental_vs_single_baseline,Pan-cancer TCGA only,GBM,fold3,tcga_frac0p05,0.0699198149372745,-0.004275628980449725,544,119,98,0
tcga_only_pan_incremental_vs_single_baseline,Pan-cancer TCGA only,GBM,fold4,tcga_frac0p05,0.08729193120116767,0.01309648728344344,544,119,98,0
tcga_only_pan_incremental_vs_single_baseline,Pan-cancer TCGA only,GBM,fold5,tcga_frac0p05,0.100296380725906,0.026100936808181777,544,119,98,0
tcga_only_pan_incremental_vs_single_baseline,Pan-cancer TCGA only,HNSC,fold1,tcga_frac0p05,0.22196371368285922,0.04524935935089236,544,106,45,0
tcga_only_pan_incremental_vs_single_baseline,Pan-cancer TCGA only,HNSC,fold2,tcga_frac0p05,0.17431231059175803,-0.0024020437402088313,544,106,45,0
tcga_only_pan_incremental_vs_single_baseline,Pan-cancer TCGA only,HNSC,fold3,tcga_frac0p05,0.20357407187925097,0.026859717547284112,545,105,44,0
tcga_only_pan_incremental_vs_single_baseline,Pan-cancer TCGA only,HNSC,fold4,tcga_frac0p05,0.2581488132042755,0.08143445887230866,545,105,44,0
tcga_only_pan_incremental_vs_single_baseline,Pan-cancer TCGA only,HNSC,fold5,tcga_frac0p05,0.15282467362039975,-0.023889680711567107,545,105,45,0
tcga_only_pan_incremental_vs_single_baseline,Pan-cancer TCGA only,KICH,fold1,tcga_frac0p05,0.2735775612359573,0.18137182540955327,547,56,6,0
tcga_only_pan_incremental_vs_single_baseline,Pan-cancer TCGA only,KICH,fold2,tcga_frac0p05,0.39982523521581714,0.30761949938941313,547,56,6,0
tcga_only_pan_incremental_vs_single_baseline,Pan-cancer TCGA only,KIRC,fold1,tcga_frac0p05,0.37709392998544045,0.24866573422461158,544,107,35,0
tcga_only_pan_incremental_vs_single_baseline,Pan-cancer TCGA only,KIRC,fold2,tcga_frac0p05,0.08443418421840232,-0.04399401154242655,544,107,35,0
tcga_only_pan_incremental_vs_single_baseline,Pan-cancer TCGA only,KIRC,fold3,tcga_frac0p05,0.4434294046715309,0.31500120891070205,544,107,35,0
tcga_only_pan_incremental_vs_single_baseline,Pan-cancer TCGA only,KIRC,fold4,tcga_frac0p05,0.19464865485451513,0.06622045909368626,544,107,36,0
tcga_only_pan_incremental_vs_single_baseline,Pan-cancer TCGA only,KIRC,fold5,tcga_frac0p05,0.23504642243962612,0.10661822667879725,544,107,36,0
tcga_only_pan_incremental_vs_single_baseline,Pan-cancer TCGA only,KIRP,fold1,tcga_frac0p05,0.22521682292193895,0.06275987091207993,547,58,9,0
tcga_only_pan_incremental_vs_single_baseline,Pan-cancer TCGA only,KIRP,fold2,tcga_frac0p05,0.13766351818810055,-0.02479343382175847,547,58,9,0
tcga_only_pan_incremental_vs_single_baseline,Pan-cancer TCGA only,KIRP,fold3,tcga_frac0p05,0.08719538175517803,-0.07526157025468098,547,58,9,0
tcga_only_pan_incremental_vs_single_baseline,Pan-cancer TCGA only,KIRP,fold4,tcga_frac0p05,0.1457331818731087,-0.016723770136750304,547,57,8,0
tcga_only_pan_incremental_vs_single_baseline,Pan-cancer TCGA only,KIRP,fold5,tcga_frac0p05,0.044044627101602146,-0.11841232490825687,547,57,9,0
tcga_only_pan_incremental_vs_single_baseline,Pan-cancer TCGA only,LAML,fold1,tcga_frac0p05,0.12604925093531036,-0.08364338377459543,548,35,22,0
tcga_only_pan_incremental_vs_single_baseline,Pan-cancer TCGA only,LAML,fold2,tcga_frac0p05,0.10964905635517654,-0.10004357835472925,548,35,22,0
tcga_only_pan_incremental_vs_single_baseline,Pan-cancer TCGA only,LAML,fold3,tcga_frac0p05,0.04977257571987449,-0.1599200589900313,548,35,22,0
tcga_only_pan_incremental_vs_single_baseline,Pan-cancer TCGA only,LAML,fold4,tcga_frac0p05,0.07960574861649354,-0.13008688609341224,548,34,21,0
tcga_only_pan_incremental_vs_single_baseline,Pan-cancer TCGA only,LAML,fold5,tcga_frac0p05,0.12112398448654768,-0.08856865022335811,548,34,21,0
tcga_only_pan_incremental_vs_single_baseline,Pan-cancer TCGA only,LGG,fold1,tcga_frac0p05,0.08452784547803437,-0.08955970699591544,545,103,25,0
tcga_only_pan_incremental_vs_single_baseline,Pan-cancer TCGA only,LGG,fold2,tcga_frac0p05,0.32201826026716235,0.14793070779321255,545,102,25,0
tcga_only_pan_incremental_vs_single_baseline,Pan-cancer TCGA only,LGG,fold3,tcga_frac0p05,0.3326184404039662,0.1585308879300164,545,102,25,0
tcga_only_pan_incremental_vs_single_baseline,Pan-cancer TCGA only,LGG,fold4,tcga_frac0p05,0.11953594255705663,-0.05455160991689317,545,102,25,0
tcga_only_pan_incremental_vs_single_baseline,Pan-cancer TCGA only,LGG,fold5,tcga_frac0p05,0.06535435929264437,-0.10873319318130543,545,102,25,0
tcga_only_pan_incremental_vs_single_baseline,Pan-cancer TCGA only,LIHC,fold1,tcga_frac0p05,0.04899269715620416,-0.14787969188959485,546,75,27,0
tcga_only_pan_incremental_vs_single_baseline,Pan-cancer TCGA only,LIHC,fold2,tcga_frac0p05,0.12880867457683548,-0.06806371446896353,546,74,27,0
tcga_only_pan_incremental_vs_single_baseline,Pan-cancer TCGA only,LIHC,fold3,tcga_frac0p05,0.04587688759690732,-0.15099550144889168,546,74,26,0
tcga_only_pan_incremental_vs_single_baseline,Pan-cancer TCGA only,LIHC,fold4,tcga_frac0p05,0.054836690980365706,-0.1420356980654333,546,74,26,0
tcga_only_pan_incremental_vs_single_baseline,Pan-cancer TCGA only,LIHC,fold5,tcga_frac0p05,0.0662568329157545,-0.1306155561300445,546,74,26,0
tcga_only_pan_incremental_vs_single_baseline,Pan-cancer TCGA only,LUAD,fold1,tcga_frac0p05,0.14847834118146316,-0.02865338481944013,545,102,36,0
tcga_only_pan_incremental_vs_single_baseline,Pan-cancer TCGA only,LUAD,fold2,tcga_frac0p05,0.20908055554031155,0.03194882953940825,545,102,37,0
tcga_only_pan_incremental_vs_single_baseline,Pan-cancer TCGA only,LUAD,fold3,tcga_frac0p05,0.0913850226826365,-0.0857467033182668,545,102,37,0
tcga_only_pan_incremental_vs_single_baseline,Pan-cancer TCGA only,LUAD,fold4,tcga_frac0p05,0.3858436939051918,0.2087119679042885,545,102,37,0
tcga_only_pan_incremental_vs_single_baseline,Pan-cancer TCGA only,LUAD,fold5,tcga_frac0p05,0.1611274131207534,-0.01600431288014989,545,101,36,0
tcga_only_pan_incremental_vs_single_baseline,Pan-cancer TCGA only,LUSC,fold1,tcga_frac0p05,0.22410207446259067,0.0392047529245067,545,100,43,0
tcga_only_pan_incremental_vs_single_baseline,Pan-cancer TCGA only,LUSC,fold2,tcga_frac0p05,0.16882229082098388,-0.01607503071710009,545,100,43,0
tcga_only_pan_incremental_vs_single_baseline,Pan-cancer TCGA only,LUSC,fold3,tcga_frac0p05,0.08775781820879652,-0.09713950332928745,545,99,43,0
tcga_only_pan_incremental_vs_single_baseline,Pan-cancer TCGA only,LUSC,fold4,tcga_frac0p05,0.19722645755456603,0.012329136016482056,545,99,43,0
tcga_only_pan_incremental_vs_single_baseline,Pan-cancer TCGA only,LUSC,fold5,tcga_frac0p05,0.6120538812489056,0.4271565597108216,545,99,43,0
tcga_only_pan_incremental_vs_single_baseline,Pan-cancer TCGA only,MESO,fold1,tcga_frac0p05,0.014794143225629473,-0.13236919209005768,549,17,15,0
tcga_only_pan_incremental_vs_single_baseline,Pan-cancer TCGA only,MESO,fold2,tcga_frac0p05,0.12998149904300352,-0.01718183627268363,549,17,15,0
tcga_only_pan_incremental_vs_single_baseline,Pan-cancer TCGA only,MESO,fold3,tcga_frac0p05,0.0630659792892965,-0.08409735602639065,549,17,15,0
tcga_only_pan_incremental_vs_single_baseline,Pan-cancer TCGA only,MESO,fold4,tcga_frac0p05,0.03596507202039183,-0.11119826329529532,549,17,14,0
tcga_only_pan_incremental_vs_single_baseline,Pan-cancer TCGA only,MESO,fold5,tcga_frac0p05,0.09263949206425698,-0.05452384325143017,549,17,14,0
tcga_only_pan_incremental_vs_single_baseline,Pan-cancer TCGA only,OV,fold1,tcga_frac0p05,0.19447138839495293,0.04202438652921395,544,117,70,0
tcga_only_pan_incremental_vs_single_baseline,Pan-cancer TCGA only,OV,fold2,tcga_frac0p05,0.25789150275034345,0.10544450088460447,544,117,70,0
tcga_only_pan_incremental_vs_single_baseline,Pan-cancer TCGA only,OV,fold3,tcga_frac0p05,0.16442145992079354,0.011974458055054565,544,116,70,0
tcga_only_pan_incremental_vs_single_baseline,Pan-cancer TCGA only,OV,fold4,tcga_frac0p05,0.1981113455244776,0.045664343658738615,544,116,69,0
tcga_only_pan_incremental_vs_single_baseline,Pan-cancer TCGA only,OV,fold5,tcga_frac0p05,0.31012184969354306,0.15767484782780408,544,116,69,0
tcga_only_pan_incremental_vs_single_baseline,Pan-cancer TCGA only,PAAD,fold1,tcga_frac0p05,0.061716845947720644,-0.1366290739247365,548,37,20,0
tcga_only_pan_incremental_vs_single_baseline,Pan-cancer TCGA only,PAAD,fold2,tcga_frac0p05,0.06239137941994379,-0.13595454045251334,548,37,20,0
tcga_only_pan_incremental_vs_single_baseline,Pan-cancer TCGA only,PAAD,fold3,tcga_frac0p05,0.025820578450779265,-0.17252534142167789,548,37,20,0
tcga_only_pan_incremental_vs_single_baseline,Pan-cancer TCGA only,PAAD,fold4,tcga_frac0p05,0.03199578024333117,-0.16635013962912598,548,37,20,0
tcga_only_pan_incremental_vs_single_baseline,Pan-cancer TCGA only,PAAD,fold5,tcga_frac0p05,0.030867141077899625,-0.16747877879455753,548,36,20,0
tcga_only_pan_incremental_vs_single_baseline,Pan-cancer TCGA only,PCPG,fold1,tcga_frac0p05,0.07349237295588623,0.03908231309656344,545,90,3,0
tcga_only_pan_incremental_vs_single_baseline,Pan-cancer TCGA only,PCPG,fold2,tcga_frac0p05,0.2152426039648643,0.1808325441055415,545,89,3,0
tcga_only_pan_incremental_vs_single_baseline,Pan-cancer TCGA only,PRAD,fold1,tcga_frac0p05,0.08593891180785405,0.05012969675091493,537,250,5,0
tcga_only_pan_incremental_vs_single_baseline,Pan-cancer TCGA only,PRAD,fold2,tcga_frac0p05,0.08605353169633934,0.05024431663940021,537,250,5,0
tcga_only_pan_incremental_vs_single_baseline,Pan-cancer TCGA only,READ,fold1,tcga_frac0p05,0.06655219610907533,-0.0774493681443678,548,33,5,0
tcga_only_pan_incremental_vs_single_baseline,Pan-cancer TCGA only,READ,fold2,tcga_frac0p05,0.1648821557859378,0.020880591532494663,548,33,5,0
tcga_only_pan_incremental_vs_single_baseline,Pan-cancer TCGA only,READ,fold3,tcga_frac0p05,0.07210822315980925,-0.07189334109363388,548,33,5,0
tcga_only_pan_incremental_vs_single_baseline,Pan-cancer TCGA only,READ,fold4,tcga_frac0p05,0.09425306535365013,-0.04974849889979299,548,33,6,0
tcga_only_pan_incremental_vs_single_baseline,Pan-cancer TCGA only,READ,fold5,tcga_frac0p05,0.026325176710207586,-0.11767638754323553,548,32,5,0
tcga_only_pan_incremental_vs_single_baseline,Pan-cancer TCGA only,SARC,fold1,tcga_frac0p05,0.30730636057283023,0.10536554484664282,547,53,20,0
tcga_only_pan_incremental_vs_single_baseline,Pan-cancer TCGA only,SARC,fold2,tcga_frac0p05,0.26648582552256767,0.06454500979638025,547,52,19,0
tcga_only_pan_incremental_vs_single_baseline,Pan-cancer TCGA only,SARC,fold3,tcga_frac0p05,0.3590531577394597,0.15711234201327232,547,52,20,0
tcga_only_pan_incremental_vs_single_baseline,Pan-cancer TCGA only,SARC,fold4,tcga_frac0p05,0.5036503410972771,0.30170952537108975,547,52,20,0
tcga_only_pan_incremental_vs_single_baseline,Pan-cancer TCGA only,SARC,fold5,tcga_frac0p05,0.2087214863660615,0.006780670639874087,547,52,20,0
tcga_only_pan_incremental_vs_single_baseline,Pan-cancer TCGA only,SKCM,fold1,tcga_frac0p05,0.5335077838390269,0.376161012126118,545,91,43,0
tcga_only_pan_incremental_vs_single_baseline,Pan-cancer TCGA only,SKCM,fold2,tcga_frac0p05,0.8552763420170055,0.6979295703040966,545,91,43,0
tcga_only_pan_incremental_vs_single_baseline,Pan-cancer TCGA only,SKCM,fold3,tcga_frac0p05,0.642015329889809,0.4846685581769002,545,91,43,0
tcga_only_pan_incremental_vs_single_baseline,Pan-cancer TCGA only,SKCM,fold4,tcga_frac0p05,1.0902381685640277,0.9328913968511188,545,91,43,0
tcga_only_pan_incremental_vs_single_baseline,Pan-cancer TCGA only,SKCM,fold5,tcga_frac0p05,0.5818989701473712,0.4245521984344624,545,90,42,0
tcga_only_pan_incremental_vs_single_baseline,Pan-cancer TCGA only,STAD,fold1,tcga_frac0p05,0.05983721867242576,-0.13454786987758302,546,84,34,0
tcga_only_pan_incremental_vs_single_baseline,Pan-cancer TCGA only,STAD,fold2,tcga_frac0p05,0.07435380080613321,-0.12003128774387556,546,84,34,0
tcga_only_pan_incremental_vs_single_baseline,Pan-cancer TCGA only,STAD,fold3,tcga_frac0p05,0.07544481974617832,-0.11894026880383045,546,83,33,0
tcga_only_pan_incremental_vs_single_baseline,Pan-cancer TCGA only,STAD,fold4,tcga_frac0p05,0.07764078748558348,-0.1167443010644253,546,83,33,0
tcga_only_pan_incremental_vs_single_baseline,Pan-cancer TCGA only,STAD,fold5,tcga_frac0p05,0.03880960256659218,-0.15557548598341658,546,83,34,0
tcga_only_pan_incremental_vs_single_baseline,Pan-cancer TCGA only,TGCT,fold1,tcga_frac0p05,0.15923400989866077,0.14559447046954382,546,67,2,0
tcga_only_pan_incremental_vs_single_baseline,Pan-cancer TCGA only,TGCT,fold2,tcga_frac0p05,0.07665923027555188,0.06301969084643493,546,67,2,0
tcga_only_pan_incremental_vs_single_baseline,Pan-cancer TCGA only,THCA,fold1,tcga_frac0p05,0.2529713874823307,0.21091721915859,541,169,5,0
tcga_only_pan_incremental_vs_single_baseline,Pan-cancer TCGA only,THCA,fold2,tcga_frac0p05,0.057169755615497586,0.015115587291756848,541,169,6,0
tcga_only_pan_incremental_vs_single_baseline,Pan-cancer TCGA only,THCA,fold3,tcga_frac0p05,0.051378722617412664,0.009324554293671926,541,168,5,0
tcga_only_pan_incremental_vs_single_baseline,Pan-cancer TCGA only,THYM,fold1,tcga_frac0p05,0.12915962712725504,0.05349928413293506,547,62,5,0
tcga_only_pan_incremental_vs_single_baseline,Pan-cancer TCGA only,THYM,fold2,tcga_frac0p05,0.2638701646058873,0.18820982161156732,547,61,4,0
tcga_only_pan_incremental_vs_single_baseline,Pan-cancer TCGA only,UCEC,fold1,tcga_frac0p05,0.19816586268225198,0.04117627041257854,544,110,19,0
tcga_only_pan_incremental_vs_single_baseline,Pan-cancer TCGA only,UCEC,fold2,tcga_frac0p05,0.17054942862401543,0.013559836354341992,544,109,18,0
tcga_only_pan_incremental_vs_single_baseline,Pan-cancer TCGA only,UCEC,fold3,tcga_frac0p05,0.17144689704486538,0.014457304775191943,544,109,18,0
tcga_only_pan_incremental_vs_single_baseline,Pan-cancer TCGA only,UCEC,fold4,tcga_frac0p05,0.13280069790752044,-0.02418889436215299,544,109,18,0
tcga_only_pan_incremental_vs_single_baseline,Pan-cancer TCGA only,UCEC,fold5,tcga_frac0p05,0.181535673935014,0.024546081665340558,544,109,18,0
tcga_only_pan_incremental_vs_single_baseline,Pan-cancer TCGA only,UCS,fold1,tcga_frac0p05,0.23555212242796905,0.022396908685293343,549,12,7,0
tcga_only_pan_incremental_vs_single_baseline,Pan-cancer TCGA only,UCS,fold2,tcga_frac0p05,0.08645777868263424,-0.12669743506004147,549,11,7,0
tcga_only_pan_incremental_vs_single_baseline,Pan-cancer TCGA only,UCS,fold3,tcga_frac0p05,0.6033637341916477,0.390208520448972,549,11,7,0
tcga_only_pan_incremental_vs_single_baseline,Pan-cancer TCGA only,UCS,fold4,tcga_frac0p05,0.30205436565040145,0.08889915190772574,549,11,7,0
tcga_only_pan_incremental_vs_single_baseline,Pan-cancer TCGA only,UCS,fold5,tcga_frac0p05,0.049836141240725385,-0.16331907250195032,549,11,7,0
tcga_only_pan_incremental_vs_single_baseline,Pan-cancer TCGA only,UVM,fold1,tcga_frac0p05,0.03912237025035023,-0.13080921244367896,549,20,6,0
tcga_only_pan_incremental_vs_single_baseline,Pan-cancer TCGA only,UVM,fold2,tcga_frac0p05,0.07266672475032707,-0.09726485794370213,549,20,6,0
tcga_only_pan_incremental_vs_single_baseline,Pan-cancer TCGA only,UVM,fold3,tcga_frac0p05,0.05748168337793133,-0.11244989931609786,549,20,6,0
tcga_only_pan_incremental_vs_single_baseline,Pan-cancer TCGA only,UVM,fold4,tcga_frac0p05,0.0542104890196894,-0.1157210936743398,549,20,5,0
tcga_only_pan_incremental_vs_single_baseline,Pan-cancer TCGA only,ACC,fold1,tcga_frac0p10,0.2984506405213701,0.16825701585789024,1097,19,7,0
tcga_only_pan_incremental_vs_single_baseline,Pan-cancer TCGA only,ACC,fold2,tcga_frac0p10,0.43611732258904834,0.3059236979255685,1097,18,7,0
tcga_only_pan_incremental_vs_single_baseline,Pan-cancer TCGA only,ACC,fold3,tcga_frac0p10,0.10314400876396951,-0.027049615899510354,1097,18,7,0
tcga_only_pan_incremental_vs_single_baseline,Pan-cancer TCGA only,ACC,fold4,tcga_frac0p10,0.12392795193603003,-0.006265672727449836,1097,18,6,0
tcga_only_pan_incremental_vs_single_baseline,Pan-cancer TCGA only,ACC,fold5,tcga_frac0p10,0.42001914550542313,0.28982552084194324,1097,18,6,0
tcga_only_pan_incremental_vs_single_baseline,Pan-cancer TCGA only,BLCA,fold1,tcga_frac0p10,0.09488897546536443,-0.0928087558561464,1091,82,36,0
tcga_only_pan_incremental_vs_single_baseline,Pan-cancer TCGA only,BLCA,fold2,tcga_frac0p10,0.15996051735392067,-0.027737213967590157,1091,82,36,0
tcga_only_pan_incremental_vs_single_baseline,Pan-cancer TCGA only,BLCA,fold3,tcga_frac0p10,0.060488745777274644,-0.12720898554423618,1091,82,36,0
tcga_only_pan_incremental_vs_single_baseline,Pan-cancer TCGA only,BLCA,fold4,tcga_frac0p10,0.10849479260039267,-0.07920293872111815,1091,82,36,0
tcga_only_pan_incremental_vs_single_baseline,Pan-cancer TCGA only,BLCA,fold5,tcga_frac0p10,0.2876905049786877,0.09999277365717688,1091,82,36,0
tcga_only_pan_incremental_vs_single_baseline,Pan-cancer TCGA only,BRCA,fold1,tcga_frac0p10,0.21219329847626228,0.0551731885410606,1077,217,30,0
tcga_only_pan_incremental_vs_single_baseline,Pan-cancer TCGA only,BRCA,fold2,tcga_frac0p10,0.26873904363819523,0.11171893370299354,1077,217,30,0
tcga_only_pan_incremental_vs_single_baseline,Pan-cancer TCGA only,BRCA,fold3,tcga_frac0p10,0.15671589224825783,-0.0003042176869438584,1077,217,31,0
tcga_only_pan_incremental_vs_single_baseline,Pan-cancer TCGA only,BRCA,fold4,tcga_frac0p10,0.3743876784646389,0.2173675685294372,1077,216,30,0
tcga_only_pan_incremental_vs_single_baseline,Pan-cancer TCGA only,BRCA,fold5,tcga_frac0p10,0.16806049147784166,0.011040381542639977,1077,216,30,0
tcga_only_pan_incremental_vs_single_baseline,Pan-cancer TCGA only,CESC,fold1,tcga_frac0p10,0.20420349948918282,-0.0041253999703721456,1093,59,14,0
tcga_only_pan_incremental_vs_single_baseline,Pan-cancer TCGA only,CESC,fold2,tcga_frac0p10,0.20866697220165656,0.0003380727421015972,1093,59,14,0
tcga_only_pan_incremental_vs_single_baseline,Pan-cancer TCGA only,CESC,fold3,tcga_frac0p10,0.11979238341012761,-0.08853651604942735,1093,59,14,0
tcga_only_pan_incremental_vs_single_baseline,Pan-cancer TCGA only,CESC,fold4,tcga_frac0p10,0.1753114851737622,-0.03301741428579277,1093,59,15,0
tcga_only_pan_incremental_vs_single_baseline,Pan-cancer TCGA only,CESC,fold5,tcga_frac0p10,0.533060090177069,0.32473119071751405,1093,58,14,0
tcga_only_pan_incremental_vs_single_baseline,Pan-cancer TCGA only,CHOL,fold1,tcga_frac0p10,0.029603719146458072,-0.26782950083520196,1098,12,6,0
tcga_only_pan_incremental_vs_single_baseline,Pan-cancer TCGA only,CHOL,fold2,tcga_frac0p10,0.14042156583507012,-0.15701165414658994,1098,11,6,0
tcga_only_pan_incremental_vs_single_baseline,Pan-cancer TCGA only,CHOL,fold3,tcga_frac0p10,0.05760405492705439,-0.23982916505460566,1098,11,5,0
tcga_only_pan_incremental_vs_single_baseline,Pan-cancer TCGA only,CHOL,fold4,tcga_frac0p10,0.09760873646875386,-0.19982448351290621,1098,11,5,0
tcga_only_pan_incremental_vs_single_baseline,Pan-cancer TCGA only,COAD,fold1,tcga_frac0p10,0.09960144376996301,-0.09828920708082232,1090,89,20,0
tcga_only_pan_incremental_vs_single_baseline,Pan-cancer TCGA only,COAD,fold2,tcga_frac0p10,0.18595231901421705,-0.011938331836568283,1090,89,20,0
tcga_only_pan_incremental_vs_single_baseline,Pan-cancer TCGA only,COAD,fold3,tcga_frac0p10,0.0850593666650848,-0.11283128418570053,1090,88,19,0
tcga_only_pan_incremental_vs_single_baseline,Pan-cancer TCGA only,COAD,fold4,tcga_frac0p10,0.15645601649681926,-0.04143463435396608,1090,88,19,0
tcga_only_pan_incremental_vs_single_baseline,Pan-cancer TCGA only,COAD,fold5,tcga_frac0p10,0.033608632056985464,-0.16428201879379986,1090,88,20,0
tcga_only_pan_incremental_vs_single_baseline,Pan-cancer TCGA only,DLBC,fold1,tcga_frac0p10,0.4381579041106346,0.24857758312002648,1097,24,5,0
tcga_only_pan_incremental_vs_single_baseline,Pan-cancer TCGA only,DLBC,fold2,tcga_frac0p10,0.2533105504775376,0.06373022948692947,1097,23,4,0
tcga_only_pan_incremental_vs_single_baseline,Pan-cancer TCGA only,ESCA,fold1,tcga_frac0p10,0.09592899963834262,-0.07565801188152277,1095,37,16,0
tcga_only_pan_incremental_vs_single_baseline,Pan-cancer TCGA only,ESCA,fold2,tcga_frac0p10,0.033501900257640216,-0.13808511126222517,1095,37,16,0
tcga_only_pan_incremental_vs_single_baseline,Pan-cancer TCGA only,ESCA,fold3,tcga_frac0p10,0.02362791706171399,-0.1479590944581514,1095,37,15,0
tcga_only_pan_incremental_vs_single_baseline,Pan-cancer TCGA only,ESCA,fold4,tcga_frac0p10,0.023184590321616023,-0.14840242119824937,1095,37,15,0
tcga_only_pan_incremental_vs_single_baseline,Pan-cancer TCGA only,ESCA,fold5,tcga_frac0p10,0.02436216143724544,-0.14722485008261993,1095,37,15,0
tcga_only_pan_incremental_vs_single_baseline,Pan-cancer TCGA only,GBM,fold1,tcga_frac0p10,0.04051873130562751,-0.03367671261209672,1087,119,99,0
tcga_only_pan_incremental_vs_single_baseline,Pan-cancer TCGA only,GBM,fold2,tcga_frac0p10,0.07768284701446423,0.003487403096740005,1087,119,98,0
tcga_only_pan_incremental_vs_single_baseline,Pan-cancer TCGA only,GBM,fold3,tcga_frac0p10,0.09365758144300346,0.019462137525279227,1087,119,98,0
tcga_only_pan_incremental_vs_single_baseline,Pan-cancer TCGA only,GBM,fold4,tcga_frac0p10,0.05542044935553929,-0.01877499456218494,1087,119,98,0
tcga_only_pan_incremental_vs_single_baseline,Pan-cancer TCGA only,GBM,fold5,tcga_frac0p10,0.06791655430639441,-0.006278889611329816,1087,119,98,0
tcga_only_pan_incremental_vs_single_baseline,Pan-cancer TCGA only,HNSC,fold1,tcga_frac0p10,0.20743587674951286,0.030721522417546,1088,106,45,0
tcga_only_pan_incremental_vs_single_baseline,Pan-cancer TCGA only,HNSC,fold2,tcga_frac0p10,0.1943777366536485,0.01766338232168163,1088,106,45,0
tcga_only_pan_incremental_vs_single_baseline,Pan-cancer TCGA only,HNSC,fold3,tcga_frac0p10,0.17069665895824623,-0.006017695373720627,1089,105,44,0
tcga_only_pan_incremental_vs_single_baseline,Pan-cancer TCGA only,HNSC,fold4,tcga_frac0p10,0.21613862480657087,0.039424270474604006,1089,105,44,0
tcga_only_pan_incremental_vs_single_baseline,Pan-cancer TCGA only,HNSC,fold5,tcga_frac0p10,0.1816946732068922,0.004980318874925338,1089,105,45,0
tcga_only_pan_incremental_vs_single_baseline,Pan-cancer TCGA only,KICH,fold1,tcga_frac0p10,0.3398500153378505,0.24764427951144646,1093,56,6,0
tcga_only_pan_incremental_vs_single_baseline,Pan-cancer TCGA only,KICH,fold2,tcga_frac0p10,0.2744801897824779,0.1822744539560739,1093,56,6,0
tcga_only_pan_incremental_vs_single_baseline,Pan-cancer TCGA only,KIRC,fold1,tcga_frac0p10,0.2165250093182924,0.08809681355746354,1088,107,35,0
tcga_only_pan_incremental_vs_single_baseline,Pan-cancer TCGA only,KIRC,fold2,tcga_frac0p10,0.10032889365514613,-0.028099302105682733,1088,107,35,0
tcga_only_pan_incremental_vs_single_baseline,Pan-cancer TCGA only,KIRC,fold3,tcga_frac0p10,0.2414988949781521,0.11307069921732324,1088,107,35,0
tcga_only_pan_incremental_vs_single_baseline,Pan-cancer TCGA only,KIRC,fold4,tcga_frac0p10,0.13701257642717307,0.008584380666344205,1088,107,36,0
tcga_only_pan_incremental_vs_single_baseline,Pan-cancer TCGA only,KIRC,fold5,tcga_frac0p10,0.0967021991685251,-0.03172599659230377,1088,107,36,0
tcga_only_pan_incremental_vs_single_baseline,Pan-cancer TCGA only,KIRP,fold1,tcga_frac0p10,0.22234089718090408,0.05988394517104506,1093,58,9,0
tcga_only_pan_incremental_vs_single_baseline,Pan-cancer TCGA only,KIRP,fold2,tcga_frac0p10,0.14618551640347335,-0.016271435606385665,1093,58,9,0
tcga_only_pan_incremental_vs_single_baseline,Pan-cancer TCGA only,KIRP,fold3,tcga_frac0p10,0.1455448025320388,-0.016912149477820215,1093,58,9,0
tcga_only_pan_incremental_vs_single_baseline,Pan-cancer TCGA only,KIRP,fold4,tcga_frac0p10,0.1272815923961203,-0.035175359613738716,1093,57,8,0
tcga_only_pan_incremental_vs_single_baseline,Pan-cancer TCGA only,KIRP,fold5,tcga_frac0p10,0.07433075919461925,-0.08812619281523977,1093,57,9,0
tcga_only_pan_incremental_vs_single_baseline,Pan-cancer TCGA only,LAML,fold1,tcga_frac0p10,0.05082231374446646,-0.15887032096543932,1096,35,22,0
tcga_only_pan_incremental_vs_single_baseline,Pan-cancer TCGA only,LAML,fold2,tcga_frac0p10,0.11183613140541167,-0.09785650330449412,1096,35,22,0
tcga_only_pan_incremental_vs_single_baseline,Pan-cancer TCGA only,LAML,fold3,tcga_frac0p10,0.05853429419496724,-0.15115834051493854,1096,35,22,0
tcga_only_pan_incremental_vs_single_baseline,Pan-cancer TCGA only,LAML,fold4,tcga_frac0p10,0.04194287575629561,-0.1677497589536102,1096,34,21,0
tcga_only_pan_incremental_vs_single_baseline,Pan-cancer TCGA only,LAML,fold5,tcga_frac0p10,0.10396163975421154,-0.10573099495569425,1096,34,21,0
tcga_only_pan_incremental_vs_single_baseline,Pan-cancer TCGA only,LGG,fold1,tcga_frac0p10,0.08036709420743626,-0.09372045826651354,1089,103,25,0
tcga_only_pan_incremental_vs_single_baseline,Pan-cancer TCGA only,LGG,fold2,tcga_frac0p10,0.28512183095517735,0.11103427848122754,1089,102,25,0
tcga_only_pan_incremental_vs_single_baseline,Pan-cancer TCGA only,LGG,fold3,tcga_frac0p10,0.2546716016803086,0.08058404920635881,1089,102,25,0
tcga_only_pan_incremental_vs_single_baseline,Pan-cancer TCGA only,LGG,fold4,tcga_frac0p10,0.08655698233692342,-0.08753057013702638,1089,102,25,0
tcga_only_pan_incremental_vs_single_baseline,Pan-cancer TCGA only,LGG,fold5,tcga_frac0p10,0.043826625079342846,-0.13026092739460696,1089,102,25,0
tcga_only_pan_incremental_vs_single_baseline,Pan-cancer TCGA only,LIHC,fold1,tcga_frac0p10,0.036689850391527695,-0.16018253865427132,1092,75,27,0
tcga_only_pan_incremental_vs_single_baseline,Pan-cancer TCGA only,LIHC,fold2,tcga_frac0p10,0.09877464512509297,-0.09809774392070604,1092,74,27,0
tcga_only_pan_incremental_vs_single_baseline,Pan-cancer TCGA only,LIHC,fold3,tcga_frac0p10,0.08647773940587815,-0.11039464963992086,1092,74,26,0
tcga_only_pan_incremental_vs_single_baseline,Pan-cancer TCGA only,LIHC,fold4,tcga_frac0p10,0.051137489795850644,-0.14573489924994837,1092,74,26,0
tcga_only_pan_incremental_vs_single_baseline,Pan-cancer TCGA only,LIHC,fold5,tcga_frac0p10,0.10584777025569608,-0.09102461879010293,1092,74,26,0
tcga_only_pan_incremental_vs_single_baseline,Pan-cancer TCGA only,LUAD,fold1,tcga_frac0p10,0.15922724245601247,-0.017904483544890826,1089,102,36,0
tcga_only_pan_incremental_vs_single_baseline,Pan-cancer TCGA only,LUAD,fold2,tcga_frac0p10,0.14523341067462972,-0.031898315326273574,1089,102,37,0
tcga_only_pan_incremental_vs_single_baseline,Pan-cancer TCGA only,LUAD,fold3,tcga_frac0p10,0.06905091433146025,-0.10808081166944304,1089,102,37,0
tcga_only_pan_incremental_vs_single_baseline,Pan-cancer TCGA only,LUAD,fold4,tcga_frac0p10,0.3125100415327781,0.13537831553187482,1089,102,37,0
tcga_only_pan_incremental_vs_single_baseline,Pan-cancer TCGA only,LUAD,fold5,tcga_frac0p10,0.16007761991981995,-0.017054106081083348,1089,101,36,0
tcga_only_pan_incremental_vs_single_baseline,Pan-cancer TCGA only,LUSC,fold1,tcga_frac0p10,0.10203589781586622,-0.08286142372221775,1089,100,43,0
tcga_only_pan_incremental_vs_single_baseline,Pan-cancer TCGA only,LUSC,fold2,tcga_frac0p10,0.07855462636860236,-0.10634269516948161,1089,100,43,0
tcga_only_pan_incremental_vs_single_baseline,Pan-cancer TCGA only,LUSC,fold3,tcga_frac0p10,0.1533486687943912,-0.03154865274369276,1089,99,43,0
tcga_only_pan_incremental_vs_single_baseline,Pan-cancer TCGA only,LUSC,fold4,tcga_frac0p10,0.10898419184380595,-0.07591312969427802,1089,99,43,0
tcga_only_pan_incremental_vs_single_baseline,Pan-cancer TCGA only,LUSC,fold5,tcga_frac0p10,0.6573603950647087,0.4724630735266247,1089,99,43,0
tcga_only_pan_incremental_vs_single_baseline,Pan-cancer TCGA only,MESO,fold1,tcga_frac0p10,0.030316882103154075,-0.11684645321253308,1097,17,15,0
tcga_only_pan_incremental_vs_single_baseline,Pan-cancer TCGA only,MESO,fold2,tcga_frac0p10,0.08148500157698171,-0.06567833373870544,1097,17,15,0
tcga_only_pan_incremental_vs_single_baseline,Pan-cancer TCGA only,MESO,fold3,tcga_frac0p10,0.07616269783489955,-0.0710006374807876,1097,17,15,0
tcga_only_pan_incremental_vs_single_baseline,Pan-cancer TCGA only,MESO,fold4,tcga_frac0p10,0.0707911981765689,-0.07637213713911825,1097,17,14,0
tcga_only_pan_incremental_vs_single_baseline,Pan-cancer TCGA only,MESO,fold5,tcga_frac0p10,0.055598748879627215,-0.09156458643605994,1097,17,14,0
tcga_only_pan_incremental_vs_single_baseline,Pan-cancer TCGA only,OV,fold1,tcga_frac0p10,0.33048742363704364,0.17804042177130466,1087,117,70,0
tcga_only_pan_incremental_vs_single_baseline,Pan-cancer TCGA only,OV,fold2,tcga_frac0p10,0.1835397967426984,0.03109279487695943,1087,117,70,0
tcga_only_pan_incremental_vs_single_baseline,Pan-cancer TCGA only,OV,fold3,tcga_frac0p10,0.2032023867635632,0.05075538489782422,1087,116,70,0
tcga_only_pan_incremental_vs_single_baseline,Pan-cancer TCGA only,OV,fold4,tcga_frac0p10,0.13814099347445558,-0.014306008391283404,1087,116,69,0
tcga_only_pan_incremental_vs_single_baseline,Pan-cancer TCGA only,OV,fold5,tcga_frac0p10,0.3232909833301601,0.17084398146442112,1087,116,69,0
tcga_only_pan_incremental_vs_single_baseline,Pan-cancer TCGA only,PAAD,fold1,tcga_frac0p10,0.034570128700432,-0.16377579117202515,1095,37,20,0
tcga_only_pan_incremental_vs_single_baseline,Pan-cancer TCGA only,PAAD,fold2,tcga_frac0p10,0.051077132584023195,-0.14726878728843396,1095,37,20,0
tcga_only_pan_incremental_vs_single_baseline,Pan-cancer TCGA only,PAAD,fold3,tcga_frac0p10,0.0369873857243465,-0.16135853414811063,1095,37,20,0
tcga_only_pan_incremental_vs_single_baseline,Pan-cancer TCGA only,PAAD,fold4,tcga_frac0p10,0.03605433847866872,-0.1622915813937884,1095,37,20,0
tcga_only_pan_incremental_vs_single_baseline,Pan-cancer TCGA only,PAAD,fold5,tcga_frac0p10,0.02016960711638255,-0.1781763127560746,1095,36,20,0
tcga_only_pan_incremental_vs_single_baseline,Pan-cancer TCGA only,PCPG,fold1,tcga_frac0p10,0.08912445891434624,0.05471439905502345,1090,90,3,0
tcga_only_pan_incremental_vs_single_baseline,Pan-cancer TCGA only,PCPG,fold2,tcga_frac0p10,0.13956005105836777,0.10514999119904497,1090,89,3,0
tcga_only_pan_incremental_vs_single_baseline,Pan-cancer TCGA only,PRAD,fold1,tcga_frac0p10,0.04596820852448982,0.010158993467550698,1074,250,5,0
tcga_only_pan_incremental_vs_single_baseline,Pan-cancer TCGA only,PRAD,fold2,tcga_frac0p10,0.05655966843193873,0.020750453374999603,1074,250,5,0
tcga_only_pan_incremental_vs_single_baseline,Pan-cancer TCGA only,READ,fold1,tcga_frac0p10,0.0242661787622853,-0.11973538549115782,1096,33,5,0
tcga_only_pan_incremental_vs_single_baseline,Pan-cancer TCGA only,READ,fold2,tcga_frac0p10,0.13533322351016347,-0.008668340743279657,1096,33,5,0
tcga_only_pan_incremental_vs_single_baseline,Pan-cancer TCGA only,READ,fold3,tcga_frac0p10,0.031198116384803198,-0.11280344786863993,1096,33,5,0
tcga_only_pan_incremental_vs_single_baseline,Pan-cancer TCGA only,READ,fold4,tcga_frac0p10,0.19235227994517823,0.0483507156917351,1096,33,6,0
tcga_only_pan_incremental_vs_single_baseline,Pan-cancer TCGA only,READ,fold5,tcga_frac0p10,0.026319437742342633,-0.1176821265111005,1096,32,5,0
tcga_only_pan_incremental_vs_single_baseline,Pan-cancer TCGA only,SARC,fold1,tcga_frac0p10,0.2315152415719326,0.029574425845745184,1094,53,20,0
tcga_only_pan_incremental_vs_single_baseline,Pan-cancer TCGA only,SARC,fold2,tcga_frac0p10,0.24697588225204894,0.045035066525861533,1094,52,19,0
tcga_only_pan_incremental_vs_single_baseline,Pan-cancer TCGA only,SARC,fold3,tcga_frac0p10,0.35712721320619634,0.15518639748000893,1094,52,20,0
tcga_only_pan_incremental_vs_single_baseline,Pan-cancer TCGA only,SARC,fold4,tcga_frac0p10,0.33795321158700065,0.13601239586081323,1094,52,20,0
tcga_only_pan_incremental_vs_single_baseline,Pan-cancer TCGA only,SARC,fold5,tcga_frac0p10,0.21320690623602423,0.011266090509836818,1094,52,20,0
tcga_only_pan_incremental_vs_single_baseline,Pan-cancer TCGA only,SKCM,fold1,tcga_frac0p10,0.7892075667263456,0.6318607950134367,1090,91,43,0
tcga_only_pan_incremental_vs_single_baseline,Pan-cancer TCGA only,SKCM,fold2,tcga_frac0p10,0.5546525648414938,0.397305793128585,1090,91,43,0
tcga_only_pan_incremental_vs_single_baseline,Pan-cancer TCGA only,SKCM,fold3,tcga_frac0p10,0.7051011645101422,0.5477543927972333,1090,91,43,0
tcga_only_pan_incremental_vs_single_baseline,Pan-cancer TCGA only,SKCM,fold4,tcga_frac0p10,0.7818369084805149,0.6244901367676061,1090,91,43,0
tcga_only_pan_incremental_vs_single_baseline,Pan-cancer TCGA only,SKCM,fold5,tcga_frac0p10,0.3240566031354316,0.16670983142252277,1090,90,42,0
tcga_only_pan_incremental_vs_single_baseline,Pan-cancer TCGA only,STAD,fold1,tcga_frac0p10,0.0746085086109879,-0.11977657993902087,1091,84,34,0
tcga_only_pan_incremental_vs_single_baseline,Pan-cancer TCGA only,STAD,fold2,tcga_frac0p10,0.05053515203696077,-0.143849936513048,1091,84,34,0
tcga_only_pan_incremental_vs_single_baseline,Pan-cancer TCGA only,STAD,fold3,tcga_frac0p10,0.05036363429957604,-0.14402145425043272,1091,83,33,0
tcga_only_pan_incremental_vs_single_baseline,Pan-cancer TCGA only,STAD,fold4,tcga_frac0p10,0.07160972778945734,-0.12277536076055143,1091,83,33,0
tcga_only_pan_incremental_vs_single_baseline,Pan-cancer TCGA only,STAD,fold5,tcga_frac0p10,0.07196259530844595,-0.12242249324156282,1091,83,34,0
tcga_only_pan_incremental_vs_single_baseline,Pan-cancer TCGA only,TGCT,fold1,tcga_frac0p10,0.04868319930654202,0.03504365987742507,1092,67,2,0
tcga_only_pan_incremental_vs_single_baseline,Pan-cancer TCGA only,TGCT,fold2,tcga_frac0p10,0.030355392315701436,0.016715852886584483,1092,67,2,0
tcga_only_pan_incremental_vs_single_baseline,Pan-cancer TCGA only,THCA,fold1,tcga_frac0p10,0.18575998277603892,0.1437058144522982,1082,169,5,0
tcga_only_pan_incremental_vs_single_baseline,Pan-cancer TCGA only,THCA,fold2,tcga_frac0p10,0.10880667295334044,0.0667525046295997,1082,169,6,0
tcga_only_pan_incremental_vs_single_baseline,Pan-cancer TCGA only,THCA,fold3,tcga_frac0p10,0.20674961933411326,0.16469545101037253,1082,168,5,0
tcga_only_pan_incremental_vs_single_baseline,Pan-cancer TCGA only,THYM,fold1,tcga_frac0p10,0.14160878439971653,0.06594844140539655,1093,62,5,0
tcga_only_pan_incremental_vs_single_baseline,Pan-cancer TCGA only,THYM,fold2,tcga_frac0p10,0.19563282434978493,0.11997248135546495,1093,61,4,0
tcga_only_pan_incremental_vs_single_baseline,Pan-cancer TCGA only,UCEC,fold1,tcga_frac0p10,0.07581372654862825,-0.08117586572104518,1088,110,19,0
tcga_only_pan_incremental_vs_single_baseline,Pan-cancer TCGA only,UCEC,fold2,tcga_frac0p10,0.11358111501162027,-0.04340847725805316,1088,109,18,0
tcga_only_pan_incremental_vs_single_baseline,Pan-cancer TCGA only,UCEC,fold3,tcga_frac0p10,0.22487668156177085,0.06788708929209741,1088,109,18,0
tcga_only_pan_incremental_vs_single_baseline,Pan-cancer TCGA only,UCEC,fold4,tcga_frac0p10,0.1087115405971893,-0.04827805167248414,1088,109,18,0
tcga_only_pan_incremental_vs_single_baseline,Pan-cancer TCGA only,UCEC,fold5,tcga_frac0p10,0.18361433912032052,0.026624746850647085,1088,109,18,0
tcga_only_pan_incremental_vs_single_baseline,Pan-cancer TCGA only,UCS,fold1,tcga_frac0p10,0.16718651233710644,-0.04596870140556927,1098,12,7,0
tcga_only_pan_incremental_vs_single_baseline,Pan-cancer TCGA only,UCS,fold2,tcga_frac0p10,0.07612111318292528,-0.13703410055975043,1098,11,7,0
tcga_only_pan_incremental_vs_single_baseline,Pan-cancer TCGA only,UCS,fold3,tcga_frac0p10,0.3892710345319106,0.17611582078923488,1098,11,7,0
tcga_only_pan_incremental_vs_single_baseline,Pan-cancer TCGA only,UCS,fold4,tcga_frac0p10,0.16346601378296044,-0.04968919995971527,1098,11,7,0
tcga_only_pan_incremental_vs_single_baseline,Pan-cancer TCGA only,UCS,fold5,tcga_frac0p10,0.08935931656438235,-0.12379589717829335,1098,11,7,0
tcga_only_pan_incremental_vs_single_baseline,Pan-cancer TCGA only,UVM,fold1,tcga_frac0p10,0.03060586023347509,-0.1393257224605541,1097,20,6,0
tcga_only_pan_incremental_vs_single_baseline,Pan-cancer TCGA only,UVM,fold2,tcga_frac0p10,0.12026287991481202,-0.04966870277921717,1097,20,6,0
tcga_only_pan_incremental_vs_single_baseline,Pan-cancer TCGA only,UVM,fold3,tcga_frac0p10,0.05562180511265037,-0.11430977758137882,1097,20,6,0
tcga_only_pan_incremental_vs_single_baseline,Pan-cancer TCGA only,UVM,fold4,tcga_frac0p10,0.06702283731630305,-0.10290874537772614,1097,20,5,0
tcga_only_pan_incremental_vs_single_baseline,Pan-cancer TCGA only,ACC,fold1,tcga_frac0p20,0.32088180431170643,0.19068817964822657,2194,19,7,0
tcga_only_pan_incremental_vs_single_baseline,Pan-cancer TCGA only,ACC,fold2,tcga_frac0p20,0.30401458239309753,0.17382095772961767,2194,18,7,0
tcga_only_pan_incremental_vs_single_baseline,Pan-cancer TCGA only,ACC,fold3,tcga_frac0p20,0.08329109335397474,-0.04690253130950513,2194,18,7,0
tcga_only_pan_incremental_vs_single_baseline,Pan-cancer TCGA only,ACC,fold4,tcga_frac0p20,0.04931520141171593,-0.08087842325176393,2194,18,6,0
tcga_only_pan_incremental_vs_single_baseline,Pan-cancer TCGA only,ACC,fold5,tcga_frac0p20,0.36814022008784336,0.2379465954243635,2194,18,6,0
tcga_only_pan_incremental_vs_single_baseline,Pan-cancer TCGA only,BLCA,fold1,tcga_frac0p20,0.06463375171489219,-0.12306397960661863,2181,82,36,0
tcga_only_pan_incremental_vs_single_baseline,Pan-cancer TCGA only,BLCA,fold2,tcga_frac0p20,0.18996929745344654,0.002271566131935715,2181,82,36,0
tcga_only_pan_incremental_vs_single_baseline,Pan-cancer TCGA only,BLCA,fold3,tcga_frac0p20,0.1491994204867483,-0.03849831083476252,2181,82,36,0
tcga_only_pan_incremental_vs_single_baseline,Pan-cancer TCGA only,BLCA,fold4,tcga_frac0p20,0.09415174137941075,-0.09354598994210007,2181,82,36,0
tcga_only_pan_incremental_vs_single_baseline,Pan-cancer TCGA only,BLCA,fold5,tcga_frac0p20,0.1983492666835261,0.010651535362015269,2181,82,36,0
tcga_only_pan_incremental_vs_single_baseline,Pan-cancer TCGA only,BRCA,fold1,tcga_frac0p20,0.19841426464192724,0.041394154706725556,2154,217,30,0
tcga_only_pan_incremental_vs_single_baseline,Pan-cancer TCGA only,BRCA,fold2,tcga_frac0p20,0.09604380386412985,-0.06097630607107184,2154,217,30,0
tcga_only_pan_incremental_vs_single_baseline,Pan-cancer TCGA only,BRCA,fold3,tcga_frac0p20,0.10477744223444191,-0.052242667700759776,2154,217,31,0
tcga_only_pan_incremental_vs_single_baseline,Pan-cancer TCGA only,BRCA,fold4,tcga_frac0p20,0.3038241009243828,0.1468039909891811,2154,216,30,0
tcga_only_pan_incremental_vs_single_baseline,Pan-cancer TCGA only,BRCA,fold5,tcga_frac0p20,0.24049023765682517,0.08347012772162349,2154,216,30,0
tcga_only_pan_incremental_vs_single_baseline,Pan-cancer TCGA only,CESC,fold1,tcga_frac0p20,0.12281517651013799,-0.08551372294941698,2186,59,14,0
tcga_only_pan_incremental_vs_single_baseline,Pan-cancer TCGA only,CESC,fold2,tcga_frac0p20,0.27030392548678944,0.06197502602723448,2186,59,14,0
tcga_only_pan_incremental_vs_single_baseline,Pan-cancer TCGA only,CESC,fold3,tcga_frac0p20,0.15811623157662522,-0.050212667882929746,2186,59,14,0
tcga_only_pan_incremental_vs_single_baseline,Pan-cancer TCGA only,CESC,fold4,tcga_frac0p20,0.3894634840543939,0.18113458459483894,2186,59,15,0
tcga_only_pan_incremental_vs_single_baseline,Pan-cancer TCGA only,CESC,fold5,tcga_frac0p20,0.6753131117655032,0.4669842123059483,2186,58,14,0
tcga_only_pan_incremental_vs_single_baseline,Pan-cancer TCGA only,CHOL,fold1,tcga_frac0p20,0.03543692493520411,-0.26199629504645594,2195,12,6,0
tcga_only_pan_incremental_vs_single_baseline,Pan-cancer TCGA only,CHOL,fold2,tcga_frac0p20,0.08537795150104127,-0.21205526848061879,2195,11,6,0
tcga_only_pan_incremental_vs_single_baseline,Pan-cancer TCGA only,CHOL,fold3,tcga_frac0p20,0.05959992147694613,-0.23783329850471394,2195,11,5,0
tcga_only_pan_incremental_vs_single_baseline,Pan-cancer TCGA only,CHOL,fold4,tcga_frac0p20,0.06794609003833052,-0.22948712994332954,2195,11,5,0
tcga_only_pan_incremental_vs_single_baseline,Pan-cancer TCGA only,COAD,fold1,tcga_frac0p20,0.0940436774590486,-0.10384697339173674,2180,89,20,0
tcga_only_pan_incremental_vs_single_baseline,Pan-cancer TCGA only,COAD,fold2,tcga_frac0p20,0.09610943853778363,-0.1017812123130017,2180,89,20,0
tcga_only_pan_incremental_vs_single_baseline,Pan-cancer TCGA only,COAD,fold3,tcga_frac0p20,0.11654496711312737,-0.08134568373765796,2180,88,19,0
tcga_only_pan_incremental_vs_single_baseline,Pan-cancer TCGA only,COAD,fold4,tcga_frac0p20,0.18019634891921452,-0.017694301931570816,2180,88,19,0
tcga_only_pan_incremental_vs_single_baseline,Pan-cancer TCGA only,COAD,fold5,tcga_frac0p20,0.04147950440540086,-0.15641114644538448,2180,88,20,0
tcga_only_pan_incremental_vs_single_baseline,Pan-cancer TCGA only,DLBC,fold1,tcga_frac0p20,0.22284048600118425,0.03326016501057613,2193,24,5,0
tcga_only_pan_incremental_vs_single_baseline,Pan-cancer TCGA only,DLBC,fold2,tcga_frac0p20,0.21462891379059157,0.02504859279998345,2193,23,4,0
tcga_only_pan_incremental_vs_single_baseline,Pan-cancer TCGA only,ESCA,fold1,tcga_frac0p20,0.07561449977636844,-0.09597251174349694,2190,37,16,0
tcga_only_pan_incremental_vs_single_baseline,Pan-cancer TCGA only,ESCA,fold2,tcga_frac0p20,0.026695291025889134,-0.14489172049397625,2190,37,16,0
tcga_only_pan_incremental_vs_single_baseline,Pan-cancer TCGA only,ESCA,fold3,tcga_frac0p20,0.03016937351958115,-0.14141763800028423,2190,37,15,0
tcga_only_pan_incremental_vs_single_baseline,Pan-cancer TCGA only,ESCA,fold4,tcga_frac0p20,0.037389245583506904,-0.1341977659363585,2190,37,15,0
tcga_only_pan_incremental_vs_single_baseline,Pan-cancer TCGA only,ESCA,fold5,tcga_frac0p20,0.024647375721561292,-0.1469396357983041,2190,37,15,0
tcga_only_pan_incremental_vs_single_baseline,Pan-cancer TCGA only,GBM,fold1,tcga_frac0p20,0.036605436129164316,-0.037590007788559913,2174,119,99,0
tcga_only_pan_incremental_vs_single_baseline,Pan-cancer TCGA only,GBM,fold2,tcga_frac0p20,0.052074914544851025,-0.022120529372873204,2174,119,98,0
tcga_only_pan_incremental_vs_single_baseline,Pan-cancer TCGA only,GBM,fold3,tcga_frac0p20,0.06011349399235322,-0.014081949925371012,2174,119,98,0
tcga_only_pan_incremental_vs_single_baseline,Pan-cancer TCGA only,GBM,fold4,tcga_frac0p20,0.06682421021885102,-0.007371233698873214,2174,119,98,0
tcga_only_pan_incremental_vs_single_baseline,Pan-cancer TCGA only,GBM,fold5,tcga_frac0p20,0.06851807464817299,-0.005677369269551244,2174,119,98,0
tcga_only_pan_incremental_vs_single_baseline,Pan-cancer TCGA only,HNSC,fold1,tcga_frac0p20,0.22186598566538235,0.04515163133341549,2176,106,45,0
tcga_only_pan_incremental_vs_single_baseline,Pan-cancer TCGA only,HNSC,fold2,tcga_frac0p20,0.1090107489175811,-0.06770360541438576,2176,106,45,0
tcga_only_pan_incremental_vs_single_baseline,Pan-cancer TCGA only,HNSC,fold3,tcga_frac0p20,0.2255702751996635,0.048855920867696634,2177,105,44,0
tcga_only_pan_incremental_vs_single_baseline,Pan-cancer TCGA only,HNSC,fold4,tcga_frac0p20,0.14517636439193154,-0.031537989940035316,2177,105,44,0
tcga_only_pan_incremental_vs_single_baseline,Pan-cancer TCGA only,HNSC,fold5,tcga_frac0p20,0.1589532736799315,-0.017761080652035355,2177,105,45,0
tcga_only_pan_incremental_vs_single_baseline,Pan-cancer TCGA only,KICH,fold1,tcga_frac0p20,0.2236718055265637,0.13146606970015967,2186,56,6,0
tcga_only_pan_incremental_vs_single_baseline,Pan-cancer TCGA only,KICH,fold2,tcga_frac0p20,0.12407099045561332,0.03186525462920929,2186,56,6,0
tcga_only_pan_incremental_vs_single_baseline,Pan-cancer TCGA only,KIRC,fold1,tcga_frac0p20,0.26748780549624523,0.13905960973541637,2176,107,35,0
tcga_only_pan_incremental_vs_single_baseline,Pan-cancer TCGA only,KIRC,fold2,tcga_frac0p20,0.0803859669517599,-0.04804222880906897,2176,107,35,0
tcga_only_pan_incremental_vs_single_baseline,Pan-cancer TCGA only,KIRC,fold3,tcga_frac0p20,0.09796063496594556,-0.030467560794883303,2176,107,35,0
tcga_only_pan_incremental_vs_single_baseline,Pan-cancer TCGA only,KIRC,fold4,tcga_frac0p20,0.1984071084365498,0.06997891267572093,2176,107,36,0
tcga_only_pan_incremental_vs_single_baseline,Pan-cancer TCGA only,KIRC,fold5,tcga_frac0p20,0.16855506909207094,0.04012687333124207,2176,107,36,0
tcga_only_pan_incremental_vs_single_baseline,Pan-cancer TCGA only,KIRP,fold1,tcga_frac0p20,0.2433910966010541,0.08093414459119508,2186,58,9,0
tcga_only_pan_incremental_vs_single_baseline,Pan-cancer TCGA only,KIRP,fold2,tcga_frac0p20,0.10776520238391299,-0.05469174962594603,2186,58,9,0
tcga_only_pan_incremental_vs_single_baseline,Pan-cancer TCGA only,KIRP,fold3,tcga_frac0p20,0.07164709712284446,-0.09080985488701455,2186,58,9,0
tcga_only_pan_incremental_vs_single_baseline,Pan-cancer TCGA only,KIRP,fold4,tcga_frac0p20,0.09183332435004118,-0.07062362765981783,2186,57,8,0
tcga_only_pan_incremental_vs_single_baseline,Pan-cancer TCGA only,KIRP,fold5,tcga_frac0p20,0.054847713286323825,-0.1076092387235352,2186,57,9,0
tcga_only_pan_incremental_vs_single_baseline,Pan-cancer TCGA only,LAML,fold1,tcga_frac0p20,0.06781802900694041,-0.1418746057029654,2191,35,22,0
tcga_only_pan_incremental_vs_single_baseline,Pan-cancer TCGA only,LAML,fold2,tcga_frac0p20,0.07752274697925172,-0.13216988773065408,2191,35,22,0
tcga_only_pan_incremental_vs_single_baseline,Pan-cancer TCGA only,LAML,fold3,tcga_frac0p20,0.03950643417662615,-0.17018620053327965,2191,35,22,0
tcga_only_pan_incremental_vs_single_baseline,Pan-cancer TCGA only,LAML,fold4,tcga_frac0p20,0.02849229389965873,-0.18120034081024705,2191,34,21,0
tcga_only_pan_incremental_vs_single_baseline,Pan-cancer TCGA only,LAML,fold5,tcga_frac0p20,0.059825618967002794,-0.149867015742903,2191,34,21,0
tcga_only_pan_incremental_vs_single_baseline,Pan-cancer TCGA only,LGG,fold1,tcga_frac0p20,0.1376174507185372,-0.0364701017554126,2177,103,25,0
tcga_only_pan_incremental_vs_single_baseline,Pan-cancer TCGA only,LGG,fold2,tcga_frac0p20,0.28230059464674595,0.10821304217279615,2177,102,25,0
tcga_only_pan_incremental_vs_single_baseline,Pan-cancer TCGA only,LGG,fold3,tcga_frac0p20,0.3045303102396639,0.13044275776571412,2177,102,25,0
tcga_only_pan_incremental_vs_single_baseline,Pan-cancer TCGA only,LGG,fold4,tcga_frac0p20,0.15272330660410585,-0.02136424586984395,2177,102,25,0
tcga_only_pan_incremental_vs_single_baseline,Pan-cancer TCGA only,LGG,fold5,tcga_frac0p20,0.0925469862067655,-0.0815405662671843,2177,102,25,0
tcga_only_pan_incremental_vs_single_baseline,Pan-cancer TCGA only,LIHC,fold1,tcga_frac0p20,0.046047968078256375,-0.15082442096754264,2183,75,27,0
tcga_only_pan_incremental_vs_single_baseline,Pan-cancer TCGA only,LIHC,fold2,tcga_frac0p20,0.08108522439142293,-0.11578716465437608,2183,74,27,0
tcga_only_pan_incremental_vs_single_baseline,Pan-cancer TCGA only,LIHC,fold3,tcga_frac0p20,0.06772380725415598,-0.129148581791643,2183,74,26,0
tcga_only_pan_incremental_vs_single_baseline,Pan-cancer TCGA only,LIHC,fold4,tcga_frac0p20,0.061234487993300335,-0.13563790105249868,2183,74,26,0
tcga_only_pan_incremental_vs_single_baseline,Pan-cancer TCGA only,LIHC,fold5,tcga_frac0p20,0.08560389749869664,-0.11126849154710237,2183,74,26,0
tcga_only_pan_incremental_vs_single_baseline,Pan-cancer TCGA only,LUAD,fold1,tcga_frac0p20,0.19547970397700756,0.01834797797610427,2177,102,36,0
tcga_only_pan_incremental_vs_single_baseline,Pan-cancer TCGA only,LUAD,fold2,tcga_frac0p20,0.1395748207766532,-0.03755690522425009,2177,102,37,0
tcga_only_pan_incremental_vs_single_baseline,Pan-cancer TCGA only,LUAD,fold3,tcga_frac0p20,0.08655707230279606,-0.09057465369810723,2177,102,37,0
tcga_only_pan_incremental_vs_single_baseline,Pan-cancer TCGA only,LUAD,fold4,tcga_frac0p20,0.2673112430670396,0.09017951706613628,2177,102,37,0
tcga_only_pan_incremental_vs_single_baseline,Pan-cancer TCGA only,LUAD,fold5,tcga_frac0p20,0.13067992474417223,-0.04645180125673107,2177,101,36,0
tcga_only_pan_incremental_vs_single_baseline,Pan-cancer TCGA only,LUSC,fold1,tcga_frac0p20,0.15157380645403956,-0.03332351508404441,2178,100,43,0
tcga_only_pan_incremental_vs_single_baseline,Pan-cancer TCGA only,LUSC,fold2,tcga_frac0p20,0.07078766808725365,-0.11410965345083032,2178,100,43,0
tcga_only_pan_incremental_vs_single_baseline,Pan-cancer TCGA only,LUSC,fold3,tcga_frac0p20,0.20158527904191367,0.016687957503829703,2178,99,43,0
tcga_only_pan_incremental_vs_single_baseline,Pan-cancer TCGA only,LUSC,fold4,tcga_frac0p20,0.21552729586248795,0.03062997432440398,2178,99,43,0
tcga_only_pan_incremental_vs_single_baseline,Pan-cancer TCGA only,LUSC,fold5,tcga_frac0p20,0.4291671192999658,0.24426979776188185,2178,99,43,0
tcga_only_pan_incremental_vs_single_baseline,Pan-cancer TCGA only,MESO,fold1,tcga_frac0p20,0.03497065652708367,-0.11219267878860348,2194,17,15,0
tcga_only_pan_incremental_vs_single_baseline,Pan-cancer TCGA only,MESO,fold2,tcga_frac0p20,0.12775742742862925,-0.0194059078870579,2194,17,15,0
tcga_only_pan_incremental_vs_single_baseline,Pan-cancer TCGA only,MESO,fold3,tcga_frac0p20,0.07217143060406295,-0.0749919047116242,2194,17,15,0
tcga_only_pan_incremental_vs_single_baseline,Pan-cancer TCGA only,MESO,fold4,tcga_frac0p20,0.038379974760067215,-0.10878336055561993,2194,17,14,0
tcga_only_pan_incremental_vs_single_baseline,Pan-cancer TCGA only,MESO,fold5,tcga_frac0p20,0.06668349017686728,-0.08047984513881987,2194,17,14,0
tcga_only_pan_incremental_vs_single_baseline,Pan-cancer TCGA only,OV,fold1,tcga_frac0p20,0.25337348528526293,0.10092648341952395,2174,117,70,0
tcga_only_pan_incremental_vs_single_baseline,Pan-cancer TCGA only,OV,fold2,tcga_frac0p20,0.10388277485074815,-0.04856422701499083,2174,117,70,0
tcga_only_pan_incremental_vs_single_baseline,Pan-cancer TCGA only,OV,fold3,tcga_frac0p20,0.15832389380323134,0.005876891937492357,2174,116,70,0
tcga_only_pan_incremental_vs_single_baseline,Pan-cancer TCGA only,OV,fold4,tcga_frac0p20,0.13785841244885466,-0.014588589416884318,2174,116,69,0
tcga_only_pan_incremental_vs_single_baseline,Pan-cancer TCGA only,OV,fold5,tcga_frac0p20,0.15920767964241503,0.0067606777766760495,2174,116,69,0
tcga_only_pan_incremental_vs_single_baseline,Pan-cancer TCGA only,PAAD,fold1,tcga_frac0p20,0.029004012726445327,-0.16934190714601183,2190,37,20,0
tcga_only_pan_incremental_vs_single_baseline,Pan-cancer TCGA only,PAAD,fold2,tcga_frac0p20,0.07080505135084537,-0.12754086852161178,2190,37,20,0
tcga_only_pan_incremental_vs_single_baseline,Pan-cancer TCGA only,PAAD,fold3,tcga_frac0p20,0.02511780154033756,-0.1732281183321196,2190,37,20,0
tcga_only_pan_incremental_vs_single_baseline,Pan-cancer TCGA only,PAAD,fold4,tcga_frac0p20,0.030164538627573817,-0.16818138124488333,2190,37,20,0
tcga_only_pan_incremental_vs_single_baseline,Pan-cancer TCGA only,PAAD,fold5,tcga_frac0p20,0.022142469495484304,-0.17620345037697283,2190,36,20,0
tcga_only_pan_incremental_vs_single_baseline,Pan-cancer TCGA only,PCPG,fold1,tcga_frac0p20,0.0729249394548794,0.03851487959555661,2180,90,3,0
tcga_only_pan_incremental_vs_single_baseline,Pan-cancer TCGA only,PCPG,fold2,tcga_frac0p20,0.11531191574512362,0.08090185588580082,2180,89,3,0
tcga_only_pan_incremental_vs_single_baseline,Pan-cancer TCGA only,PRAD,fold1,tcga_frac0p20,0.04010419357476446,0.004294978517825336,2148,250,5,0
tcga_only_pan_incremental_vs_single_baseline,Pan-cancer TCGA only,PRAD,fold2,tcga_frac0p20,0.08211719566554782,0.04630798060860869,2148,250,5,0
tcga_only_pan_incremental_vs_single_baseline,Pan-cancer TCGA only,READ,fold1,tcga_frac0p20,0.027383286297435375,-0.11661827795600775,2191,33,5,0
tcga_only_pan_incremental_vs_single_baseline,Pan-cancer TCGA only,READ,fold2,tcga_frac0p20,0.08683063604379374,-0.05717092820964939,2191,33,5,0
tcga_only_pan_incremental_vs_single_baseline,Pan-cancer TCGA only,READ,fold3,tcga_frac0p20,0.029958432502939236,-0.11404313175050389,2191,33,5,0
tcga_only_pan_incremental_vs_single_baseline,Pan-cancer TCGA only,READ,fold4,tcga_frac0p20,0.11522658956948179,-0.02877497468396134,2191,33,6,0
tcga_only_pan_incremental_vs_single_baseline,Pan-cancer TCGA only,READ,fold5,tcga_frac0p20,0.018373788635833544,-0.12562777561760957,2191,32,5,0
tcga_only_pan_incremental_vs_single_baseline,Pan-cancer TCGA only,SARC,fold1,tcga_frac0p20,0.30787998214828216,0.10593916642209475,2187,53,20,0
tcga_only_pan_incremental_vs_single_baseline,Pan-cancer TCGA only,SARC,fold2,tcga_frac0p20,0.09228965394622926,-0.10965116177995815,2187,52,19,0
tcga_only_pan_incremental_vs_single_baseline,Pan-cancer TCGA only,SARC,fold3,tcga_frac0p20,0.24513203200378386,0.04319121627759645,2187,52,20,0
tcga_only_pan_incremental_vs_single_baseline,Pan-cancer TCGA only,SARC,fold4,tcga_frac0p20,0.3559047177973341,0.1539639020711467,2187,52,20,0
tcga_only_pan_incremental_vs_single_baseline,Pan-cancer TCGA only,SARC,fold5,tcga_frac0p20,0.11704908452873015,-0.08489173119745726,2187,52,20,0
tcga_only_pan_incremental_vs_single_baseline,Pan-cancer TCGA only,SKCM,fold1,tcga_frac0p20,1.053887867582042,0.8965410958691331,2179,91,43,0
tcga_only_pan_incremental_vs_single_baseline,Pan-cancer TCGA only,SKCM,fold2,tcga_frac0p20,0.8394921081356208,0.6821453364227119,2179,91,43,0
tcga_only_pan_incremental_vs_single_baseline,Pan-cancer TCGA only,SKCM,fold3,tcga_frac0p20,0.4680846117093096,0.31073783999640076,2179,91,43,0
tcga_only_pan_incremental_vs_single_baseline,Pan-cancer TCGA only,SKCM,fold4,tcga_frac0p20,1.24015531527778,1.082808543564871,2179,91,43,0
tcga_only_pan_incremental_vs_single_baseline,Pan-cancer TCGA only,SKCM,fold5,tcga_frac0p20,0.4654247174976804,0.30807794578477155,2180,90,42,0
tcga_only_pan_incremental_vs_single_baseline,Pan-cancer TCGA only,STAD,fold1,tcga_frac0p20,0.044429735492544774,-0.149955353057464,2181,84,34,0
tcga_only_pan_incremental_vs_single_baseline,Pan-cancer TCGA only,STAD,fold2,tcga_frac0p20,0.05611251764578608,-0.13827257090422268,2181,84,34,0
tcga_only_pan_incremental_vs_single_baseline,Pan-cancer TCGA only,STAD,fold3,tcga_frac0p20,0.022815114745268213,-0.17156997380474057,2181,83,33,0
tcga_only_pan_incremental_vs_single_baseline,Pan-cancer TCGA only,STAD,fold4,tcga_frac0p20,0.044640614778904276,-0.1497444737711045,2181,83,33,0
tcga_only_pan_incremental_vs_single_baseline,Pan-cancer TCGA only,STAD,fold5,tcga_frac0p20,0.044908536333907186,-0.1494765522161016,2181,83,34,0
tcga_only_pan_incremental_vs_single_baseline,Pan-cancer TCGA only,TGCT,fold1,tcga_frac0p20,0.35901446719357816,0.3453749277644612,2184,67,2,0
tcga_only_pan_incremental_vs_single_baseline,Pan-cancer TCGA only,TGCT,fold2,tcga_frac0p20,0.019237648348299705,0.005598108919182753,2184,67,2,0
tcga_only_pan_incremental_vs_single_baseline,Pan-cancer TCGA only,THCA,fold1,tcga_frac0p20,0.2367420580394803,0.19468788971573958,2164,169,5,0
tcga_only_pan_incremental_vs_single_baseline,Pan-cancer TCGA only,THCA,fold2,tcga_frac0p20,0.04090344554179447,-0.0011507227819462715,2164,169,6,0
tcga_only_pan_incremental_vs_single_baseline,Pan-cancer TCGA only,THCA,fold3,tcga_frac0p20,0.17436717453341846,0.13231300620967773,2164,168,5,0
tcga_only_pan_incremental_vs_single_baseline,Pan-cancer TCGA only,THYM,fold1,tcga_frac0p20,0.05761828367043373,-0.01804205932388625,2185,62,5,0
tcga_only_pan_incremental_vs_single_baseline,Pan-cancer TCGA only,THYM,fold2,tcga_frac0p20,0.23369396831068695,0.15803362531636697,2185,61,4,0
tcga_only_pan_incremental_vs_single_baseline,Pan-cancer TCGA only,UCEC,fold1,tcga_frac0p20,0.09332748159384266,-0.06366211067583077,2176,110,19,0
tcga_only_pan_incremental_vs_single_baseline,Pan-cancer TCGA only,UCEC,fold2,tcga_frac0p20,0.13945725472799636,-0.017532337541677073,2176,109,18,0
tcga_only_pan_incremental_vs_single_baseline,Pan-cancer TCGA only,UCEC,fold3,tcga_frac0p20,0.10289453528665599,-0.05409505698301745,2176,109,18,0
tcga_only_pan_incremental_vs_single_baseline,Pan-cancer TCGA only,UCEC,fold4,tcga_frac0p20,0.11575878054457442,-0.041230811725099015,2176,109,18,0
tcga_only_pan_incremental_vs_single_baseline,Pan-cancer TCGA only,UCEC,fold5,tcga_frac0p20,0.17483537802098323,0.017845785751309795,2176,109,18,0
tcga_only_pan_incremental_vs_single_baseline,Pan-cancer TCGA only,UCS,fold1,tcga_frac0p20,0.07188594706129822,-0.1412692666813775,2195,12,7,0
tcga_only_pan_incremental_vs_single_baseline,Pan-cancer TCGA only,UCS,fold2,tcga_frac0p20,0.032570037674735396,-0.1805851760679403,2195,11,7,0
tcga_only_pan_incremental_vs_single_baseline,Pan-cancer TCGA only,UCS,fold3,tcga_frac0p20,0.5420845002701197,0.32892928652744396,2195,11,7,0
tcga_only_pan_incremental_vs_single_baseline,Pan-cancer TCGA only,UCS,fold4,tcga_frac0p20,0.11370960507127839,-0.09944560867139732,2195,11,7,0
tcga_only_pan_incremental_vs_single_baseline,Pan-cancer TCGA only,UCS,fold5,tcga_frac0p20,0.06090344247034132,-0.15225177127233439,2195,11,7,0
tcga_only_pan_incremental_vs_single_baseline,Pan-cancer TCGA only,UVM,fold1,tcga_frac0p20,0.04743847509828657,-0.12249310759574263,2194,20,6,0
tcga_only_pan_incremental_vs_single_baseline,Pan-cancer TCGA only,UVM,fold2,tcga_frac0p20,0.05936713698707896,-0.11056444570695023,2194,20,6,0
tcga_only_pan_incremental_vs_single_baseline,Pan-cancer TCGA only,UVM,fold3,tcga_frac0p20,0.02562880832035122,-0.14430277437367797,2194,20,6,0
tcga_only_pan_incremental_vs_single_baseline,Pan-cancer TCGA only,UVM,fold4,tcga_frac0p20,0.050823388655008794,-0.1191081940390204,2194,20,5,0
tcga_only_pan_incremental_vs_single_baseline,Pan-cancer TCGA only,ACC,fold1,tcga_frac0p50,0.3937129219709021,0.2635192973074222,5484,19,7,0
tcga_only_pan_incremental_vs_single_baseline,Pan-cancer TCGA only,ACC,fold2,tcga_frac0p50,0.15701564565013043,0.02682202098665057,5484,18,7,0
tcga_only_pan_incremental_vs_single_baseline,Pan-cancer TCGA only,ACC,fold3,tcga_frac0p50,0.0812447538414662,-0.04894887082201366,5484,18,7,0
tcga_only_pan_incremental_vs_single_baseline,Pan-cancer TCGA only,ACC,fold4,tcga_frac0p50,0.08643389484432248,-0.04375972981915738,5484,18,6,0
tcga_only_pan_incremental_vs_single_baseline,Pan-cancer TCGA only,ACC,fold5,tcga_frac0p50,0.38825914102126424,0.2580655163577844,5484,18,6,0
tcga_only_pan_incremental_vs_single_baseline,Pan-cancer TCGA only,BLCA,fold1,tcga_frac0p50,0.0554269068780462,-0.1322708244434646,5452,82,36,0
tcga_only_pan_incremental_vs_single_baseline,Pan-cancer TCGA only,BLCA,fold2,tcga_frac0p50,0.1255026180087788,-0.06219511331273203,5452,82,36,0
tcga_only_pan_incremental_vs_single_baseline,Pan-cancer TCGA only,BLCA,fold3,tcga_frac0p50,0.10568289989682324,-0.08201483142468759,5452,82,36,0
tcga_only_pan_incremental_vs_single_baseline,Pan-cancer TCGA only,BLCA,fold4,tcga_frac0p50,0.13793024854551944,-0.049767482775991384,5452,82,36,0
tcga_only_pan_incremental_vs_single_baseline,Pan-cancer TCGA only,BLCA,fold5,tcga_frac0p50,0.11033858295131667,-0.07735914837019416,5452,82,36,0
tcga_only_pan_incremental_vs_single_baseline,Pan-cancer TCGA only,BRCA,fold1,tcga_frac0p50,0.13968354150191767,-0.017336568433284016,5385,217,30,0
tcga_only_pan_incremental_vs_single_baseline,Pan-cancer TCGA only,BRCA,fold2,tcga_frac0p50,0.1502541877587402,-0.006765922176461492,5385,217,30,0
tcga_only_pan_incremental_vs_single_baseline,Pan-cancer TCGA only,BRCA,fold3,tcga_frac0p50,0.10923834355595492,-0.04778176637924676,5385,217,31,0
tcga_only_pan_incremental_vs_single_baseline,Pan-cancer TCGA only,BRCA,fold4,tcga_frac0p50,0.32500711893343237,0.16798700899823069,5385,216,30,0
tcga_only_pan_incremental_vs_single_baseline,Pan-cancer TCGA only,BRCA,fold5,tcga_frac0p50,0.1971886282748078,0.04016851833960611,5385,216,30,0
tcga_only_pan_incremental_vs_single_baseline,Pan-cancer TCGA only,CESC,fold1,tcga_frac0p50,0.1891913983861154,-0.01913750107343956,5464,59,14,0
tcga_only_pan_incremental_vs_single_baseline,Pan-cancer TCGA only,CESC,fold2,tcga_frac0p50,0.22459205293964096,0.016263153480086,5464,59,14,0
tcga_only_pan_incremental_vs_single_baseline,Pan-cancer TCGA only,CESC,fold3,tcga_frac0p50,0.11582059815638673,-0.09250830130316823,5464,59,14,0
tcga_only_pan_incremental_vs_single_baseline,Pan-cancer TCGA only,CESC,fold4,tcga_frac0p50,0.40525251036290433,0.19692361090334937,5464,59,15,0
tcga_only_pan_incremental_vs_single_baseline,Pan-cancer TCGA only,CESC,fold5,tcga_frac0p50,0.44453772954225584,0.23620883008270088,5464,58,14,0
tcga_only_pan_incremental_vs_single_baseline,Pan-cancer TCGA only,CHOL,fold1,tcga_frac0p50,0.025699211479971024,-0.27173400850168905,5487,12,6,0
tcga_only_pan_incremental_vs_single_baseline,Pan-cancer TCGA only,CHOL,fold2,tcga_frac0p50,0.0476923744643907,-0.24974084551726936,5488,11,6,0
tcga_only_pan_incremental_vs_single_baseline,Pan-cancer TCGA only,CHOL,fold3,tcga_frac0p50,0.040438143553305037,-0.256995076428355,5488,11,5,0
tcga_only_pan_incremental_vs_single_baseline,Pan-cancer TCGA only,CHOL,fold4,tcga_frac0p50,0.036642529591316655,-0.2607906903903434,5488,11,5,0
tcga_only_pan_incremental_vs_single_baseline,Pan-cancer TCGA only,COAD,fold1,tcga_frac0p50,0.08250224108726434,-0.115388409763521,5449,89,20,0
tcga_only_pan_incremental_vs_single_baseline,Pan-cancer TCGA only,COAD,fold2,tcga_frac0p50,0.0853116913574359,-0.11257895949334944,5449,89,20,0
tcga_only_pan_incremental_vs_single_baseline,Pan-cancer TCGA only,COAD,fold3,tcga_frac0p50,0.08149829714778097,-0.11639235370300437,5449,88,19,0
tcga_only_pan_incremental_vs_single_baseline,Pan-cancer TCGA only,COAD,fold4,tcga_frac0p50,0.17424360787176466,-0.023647042979020677,5449,88,19,0
tcga_only_pan_incremental_vs_single_baseline,Pan-cancer TCGA only,COAD,fold5,tcga_frac0p50,0.022191903603648172,-0.17569874724713716,5449,88,20,0
tcga_only_pan_incremental_vs_single_baseline,Pan-cancer TCGA only,DLBC,fold1,tcga_frac0p50,0.39308830662196914,0.20350798563136102,5481,24,5,0
tcga_only_pan_incremental_vs_single_baseline,Pan-cancer TCGA only,DLBC,fold2,tcga_frac0p50,0.254252135532464,0.06467181454185589,5482,23,4,0
tcga_only_pan_incremental_vs_single_baseline,Pan-cancer TCGA only,ESCA,fold1,tcga_frac0p50,0.05419028943748772,-0.11739672208237767,5475,37,16,0
tcga_only_pan_incremental_vs_single_baseline,Pan-cancer TCGA only,ESCA,fold2,tcga_frac0p50,0.026258177748015317,-0.14532883377185007,5475,37,16,0
tcga_only_pan_incremental_vs_single_baseline,Pan-cancer TCGA only,ESCA,fold3,tcga_frac0p50,0.034846408037078835,-0.13674060348278655,5475,37,15,0
tcga_only_pan_incremental_vs_single_baseline,Pan-cancer TCGA only,ESCA,fold4,tcga_frac0p50,0.03094697694354822,-0.14064003457631716,5475,37,15,0
tcga_only_pan_incremental_vs_single_baseline,Pan-cancer TCGA only,ESCA,fold5,tcga_frac0p50,0.027422485407609748,-0.14416452611225564,5475,37,15,0
tcga_only_pan_incremental_vs_single_baseline,Pan-cancer TCGA only,GBM,fold1,tcga_frac0p50,0.03408922328706483,-0.0401062206306594,5434,119,99,0
tcga_only_pan_incremental_vs_single_baseline,Pan-cancer TCGA only,GBM,fold2,tcga_frac0p50,0.04341948879716436,-0.03077595512055987,5434,119,98,0
tcga_only_pan_incremental_vs_single_baseline,Pan-cancer TCGA only,GBM,fold3,tcga_frac0p50,0.058839128178044535,-0.015356315739679695,5434,119,98,0
tcga_only_pan_incremental_vs_single_baseline,Pan-cancer TCGA only,GBM,fold4,tcga_frac0p50,0.03812406556540991,-0.03607137835231432,5434,119,98,0
tcga_only_pan_incremental_vs_single_baseline,Pan-cancer TCGA only,GBM,fold5,tcga_frac0p50,0.06678239713674171,-0.007413046780982521,5434,119,98,0
tcga_only_pan_incremental_vs_single_baseline,Pan-cancer TCGA only,HNSC,fold1,tcga_frac0p50,0.21026760305913644,0.03355324872716958,5440,106,45,0
tcga_only_pan_incremental_vs_single_baseline,Pan-cancer TCGA only,HNSC,fold2,tcga_frac0p50,0.16922616817602276,-0.007488186155944099,5440,106,45,0
tcga_only_pan_incremental_vs_single_baseline,Pan-cancer TCGA only,HNSC,fold3,tcga_frac0p50,0.21521663697609467,0.038502282644127805,5441,105,44,0
tcga_only_pan_incremental_vs_single_baseline,Pan-cancer TCGA only,HNSC,fold4,tcga_frac0p50,0.13347101868676747,-0.04324333564519939,5441,105,44,0
tcga_only_pan_incremental_vs_single_baseline,Pan-cancer TCGA only,HNSC,fold5,tcga_frac0p50,0.11658730350137701,-0.06012705083058985,5441,105,45,0
tcga_only_pan_incremental_vs_single_baseline,Pan-cancer TCGA only,KICH,fold1,tcga_frac0p50,0.20225216939554744,0.11004643356914341,5465,56,6,0
tcga_only_pan_incremental_vs_single_baseline,Pan-cancer TCGA only,KICH,fold2,tcga_frac0p50,0.09363263521349977,0.0014268993870957397,5465,56,6,0
tcga_only_pan_incremental_vs_single_baseline,Pan-cancer TCGA only,KIRC,fold1,tcga_frac0p50,0.10014242444679432,-0.02828577131403455,5440,107,35,0
tcga_only_pan_incremental_vs_single_baseline,Pan-cancer TCGA only,KIRC,fold2,tcga_frac0p50,0.07522981401728458,-0.053198381743544285,5440,107,35,0
tcga_only_pan_incremental_vs_single_baseline,Pan-cancer TCGA only,KIRC,fold3,tcga_frac0p50,0.20336235782955434,0.07493416206872547,5440,107,35,0
tcga_only_pan_incremental_vs_single_baseline,Pan-cancer TCGA only,KIRC,fold4,tcga_frac0p50,0.12504144924023763,-0.003386746520591233,5440,107,36,0
tcga_only_pan_incremental_vs_single_baseline,Pan-cancer TCGA only,KIRC,fold5,tcga_frac0p50,0.10184519245257126,-0.026583003308257608,5440,107,36,0
tcga_only_pan_incremental_vs_single_baseline,Pan-cancer TCGA only,KIRP,fold1,tcga_frac0p50,0.1908214038030107,0.028364451793151668,5464,58,9,0
tcga_only_pan_incremental_vs_single_baseline,Pan-cancer TCGA only,KIRP,fold2,tcga_frac0p50,0.08495810491657863,-0.07749884709328039,5464,58,9,0
tcga_only_pan_incremental_vs_single_baseline,Pan-cancer TCGA only,KIRP,fold3,tcga_frac0p50,0.037536870261192165,-0.12492008174866685,5464,58,9,0
tcga_only_pan_incremental_vs_single_baseline,Pan-cancer TCGA only,KIRP,fold4,tcga_frac0p50,0.04470774364071513,-0.11774920836914389,5465,57,8,0
tcga_only_pan_incremental_vs_single_baseline,Pan-cancer TCGA only,KIRP,fold5,tcga_frac0p50,0.034868657255434095,-0.12758829475442493,5465,57,9,0
tcga_only_pan_incremental_vs_single_baseline,Pan-cancer TCGA only,LAML,fold1,tcga_frac0p50,0.049990117873795814,-0.15970251683610998,5476,35,22,0
tcga_only_pan_incremental_vs_single_baseline,Pan-cancer TCGA only,LAML,fold2,tcga_frac0p50,0.051237263082385326,-0.15845537162752046,5476,35,22,0
tcga_only_pan_incremental_vs_single_baseline,Pan-cancer TCGA only,LAML,fold3,tcga_frac0p50,0.040263445492523996,-0.1694291892173818,5476,35,22,0
tcga_only_pan_incremental_vs_single_baseline,Pan-cancer TCGA only,LAML,fold4,tcga_frac0p50,0.03867558115541759,-0.1710170535544882,5476,34,21,0
tcga_only_pan_incremental_vs_single_baseline,Pan-cancer TCGA only,LAML,fold5,tcga_frac0p50,0.06319127997799825,-0.14650135473190753,5476,34,21,0
tcga_only_pan_incremental_vs_single_baseline,Pan-cancer TCGA only,LGG,fold1,tcga_frac0p50,0.15362861035814096,-0.020458942115808842,5442,103,25,0
tcga_only_pan_incremental_vs_single_baseline,Pan-cancer TCGA only,LGG,fold2,tcga_frac0p50,0.285042656684397,0.11095510421044719,5442,102,25,0
tcga_only_pan_incremental_vs_single_baseline,Pan-cancer TCGA only,LGG,fold3,tcga_frac0p50,0.32165748969603736,0.14756993722208755,5442,102,25,0
tcga_only_pan_incremental_vs_single_baseline,Pan-cancer TCGA only,LGG,fold4,tcga_frac0p50,0.08313892150807958,-0.09094863096587022,5442,102,25,0
tcga_only_pan_incremental_vs_single_baseline,Pan-cancer TCGA only,LGG,fold5,tcga_frac0p50,0.03972589531482555,-0.13436165715912424,5442,102,25,0
tcga_only_pan_incremental_vs_single_baseline,Pan-cancer TCGA only,LIHC,fold1,tcga_frac0p50,0.03430937785530383,-0.16256301119049518,5456,75,27,0
tcga_only_pan_incremental_vs_single_baseline,Pan-cancer TCGA only,LIHC,fold2,tcga_frac0p50,0.0638730696418571,-0.1329993194039419,5456,74,27,0
tcga_only_pan_incremental_vs_single_baseline,Pan-cancer TCGA only,LIHC,fold3,tcga_frac0p50,0.06339496443537843,-0.1334774246104206,5456,74,26,0
tcga_only_pan_incremental_vs_single_baseline,Pan-cancer TCGA only,LIHC,fold4,tcga_frac0p50,0.05160199125664379,-0.14527039778915524,5456,74,26,0
tcga_only_pan_incremental_vs_single_baseline,Pan-cancer TCGA only,LIHC,fold5,tcga_frac0p50,0.05822708491971571,-0.1386453041260833,5456,74,26,0
tcga_only_pan_incremental_vs_single_baseline,Pan-cancer TCGA only,LUAD,fold1,tcga_frac0p50,0.13358962306629876,-0.04354210293460453,5442,102,36,0
tcga_only_pan_incremental_vs_single_baseline,Pan-cancer TCGA only,LUAD,fold2,tcga_frac0p50,0.14531037976695313,-0.031821346233950165,5442,102,37,0
tcga_only_pan_incremental_vs_single_baseline,Pan-cancer TCGA only,LUAD,fold3,tcga_frac0p50,0.04613936742730577,-0.13099235857359753,5442,102,37,0
tcga_only_pan_incremental_vs_single_baseline,Pan-cancer TCGA only,LUAD,fold4,tcga_frac0p50,0.2354592353428007,0.0583275093418974,5442,102,37,0
tcga_only_pan_incremental_vs_single_baseline,Pan-cancer TCGA only,LUAD,fold5,tcga_frac0p50,0.14652962033503247,-0.03060210566587082,5443,101,36,0
tcga_only_pan_incremental_vs_single_baseline,Pan-cancer TCGA only,LUSC,fold1,tcga_frac0p50,0.06850240611407718,-0.11639491542400679,5443,100,43,0
tcga_only_pan_incremental_vs_single_baseline,Pan-cancer TCGA only,LUSC,fold2,tcga_frac0p50,0.07110589982713358,-0.11379142171095039,5443,100,43,0
tcga_only_pan_incremental_vs_single_baseline,Pan-cancer TCGA only,LUSC,fold3,tcga_frac0p50,0.11082575810744308,-0.07407156343064089,5444,99,43,0
tcga_only_pan_incremental_vs_single_baseline,Pan-cancer TCGA only,LUSC,fold4,tcga_frac0p50,0.1924368452879597,0.007539523749875737,5444,99,43,0
tcga_only_pan_incremental_vs_single_baseline,Pan-cancer TCGA only,LUSC,fold5,tcga_frac0p50,0.3366756286719159,0.15177830713383195,5444,99,43,0
tcga_only_pan_incremental_vs_single_baseline,Pan-cancer TCGA only,MESO,fold1,tcga_frac0p50,0.03227799716101333,-0.11488533815467382,5485,17,15,0
tcga_only_pan_incremental_vs_single_baseline,Pan-cancer TCGA only,MESO,fold2,tcga_frac0p50,0.09018069219698345,-0.0569826431187037,5485,17,15,0
tcga_only_pan_incremental_vs_single_baseline,Pan-cancer TCGA only,MESO,fold3,tcga_frac0p50,0.044866353510845156,-0.102296981804842,5485,17,15,0
tcga_only_pan_incremental_vs_single_baseline,Pan-cancer TCGA only,MESO,fold4,tcga_frac0p50,0.04335514282274547,-0.10380819249294168,5485,17,14,0
tcga_only_pan_incremental_vs_single_baseline,Pan-cancer TCGA only,MESO,fold5,tcga_frac0p50,0.048354420021913494,-0.09880891529377366,5485,17,14,0
tcga_only_pan_incremental_vs_single_baseline,Pan-cancer TCGA only,OV,fold1,tcga_frac0p50,0.1251857748699951,-0.027261226995743876,5435,117,70,0
tcga_only_pan_incremental_vs_single_baseline,Pan-cancer TCGA only,OV,fold2,tcga_frac0p50,0.0882176987657729,-0.06422930309996608,5435,117,70,0
tcga_only_pan_incremental_vs_single_baseline,Pan-cancer TCGA only,OV,fold3,tcga_frac0p50,0.10532233196253658,-0.047124669903202396,5435,116,70,0
tcga_only_pan_incremental_vs_single_baseline,Pan-cancer TCGA only,OV,fold4,tcga_frac0p50,0.1319019463823614,-0.020545055483377567,5435,116,69,0
tcga_only_pan_incremental_vs_single_baseline,Pan-cancer TCGA only,OV,fold5,tcga_frac0p50,0.2645869425741152,0.11213994070837621,5435,116,69,0
tcga_only_pan_incremental_vs_single_baseline,Pan-cancer TCGA only,PAAD,fold1,tcga_frac0p50,0.026730279405563807,-0.17161564046689334,5475,37,20,0
tcga_only_pan_incremental_vs_single_baseline,Pan-cancer TCGA only,PAAD,fold2,tcga_frac0p50,0.05916683515563347,-0.13917908471682366,5475,37,20,0
tcga_only_pan_incremental_vs_single_baseline,Pan-cancer TCGA only,PAAD,fold3,tcga_frac0p50,0.026180913342856982,-0.17216500652960015,5475,37,20,0
tcga_only_pan_incremental_vs_single_baseline,Pan-cancer TCGA only,PAAD,fold4,tcga_frac0p50,0.03373906214842778,-0.16460685772402936,5475,37,20,0
tcga_only_pan_incremental_vs_single_baseline,Pan-cancer TCGA only,PAAD,fold5,tcga_frac0p50,0.028932234568429367,-0.16941368530402778,5475,36,20,0
tcga_only_pan_incremental_vs_single_baseline,Pan-cancer TCGA only,PCPG,fold1,tcga_frac0p50,0.04826990361336488,0.01385984375404209,5448,90,3,0
tcga_only_pan_incremental_vs_single_baseline,Pan-cancer TCGA only,PCPG,fold2,tcga_frac0p50,0.07683241894128616,0.042422359081963366,5449,89,3,0
tcga_only_pan_incremental_vs_single_baseline,Pan-cancer TCGA only,PRAD,fold1,tcga_frac0p50,0.06290846136447684,0.02709924630753771,5368,250,5,0
tcga_only_pan_incremental_vs_single_baseline,Pan-cancer TCGA only,PRAD,fold2,tcga_frac0p50,0.046201979592793395,0.01039276453585427,5368,250,5,0
tcga_only_pan_incremental_vs_single_baseline,Pan-cancer TCGA only,READ,fold1,tcga_frac0p50,0.019217397843101322,-0.1247841664103418,5477,33,5,0
tcga_only_pan_incremental_vs_single_baseline,Pan-cancer TCGA only,READ,fold2,tcga_frac0p50,0.09947315959736452,-0.0445284046560786,5477,33,5,0
tcga_only_pan_incremental_vs_single_baseline,Pan-cancer TCGA only,READ,fold3,tcga_frac0p50,0.02006295034868684,-0.12393861390475629,5477,33,5,0
tcga_only_pan_incremental_vs_single_baseline,Pan-cancer TCGA only,READ,fold4,tcga_frac0p50,0.048289892157638105,-0.09571167209580503,5477,33,6,0
tcga_only_pan_incremental_vs_single_baseline,Pan-cancer TCGA only,READ,fold5,tcga_frac0p50,0.01825466129927451,-0.12574690295416863,5477,32,5,0
tcga_only_pan_incremental_vs_single_baseline,Pan-cancer TCGA only,SARC,fold1,tcga_frac0p50,0.11127235221296787,-0.09066846351321954,5467,53,20,0
tcga_only_pan_incremental_vs_single_baseline,Pan-cancer TCGA only,SARC,fold2,tcga_frac0p50,0.16387979620513213,-0.038061019521055284,5467,52,19,0
tcga_only_pan_incremental_vs_single_baseline,Pan-cancer TCGA only,SARC,fold3,tcga_frac0p50,0.25343029576418646,0.05148948003799905,5467,52,20,0
tcga_only_pan_incremental_vs_single_baseline,Pan-cancer TCGA only,SARC,fold4,tcga_frac0p50,0.3590403701058507,0.1570995543796633,5467,52,20,0
tcga_only_pan_incremental_vs_single_baseline,Pan-cancer TCGA only,SARC,fold5,tcga_frac0p50,0.09219133841369234,-0.10974947731249507,5467,52,20,0
tcga_only_pan_incremental_vs_single_baseline,Pan-cancer TCGA only,SKCM,fold1,tcga_frac0p50,0.7099233867904481,0.5525766150775393,5448,91,43,0
tcga_only_pan_incremental_vs_single_baseline,Pan-cancer TCGA only,SKCM,fold2,tcga_frac0p50,0.5210780131016692,0.3637312413887604,5448,91,43,0
tcga_only_pan_incremental_vs_single_baseline,Pan-cancer TCGA only,SKCM,fold3,tcga_frac0p50,0.584741737524241,0.42739496581133213,5448,91,43,0
tcga_only_pan_incremental_vs_single_baseline,Pan-cancer TCGA only,SKCM,fold4,tcga_frac0p50,0.8979818727301816,0.7406351010172727,5448,91,43,0
tcga_only_pan_incremental_vs_single_baseline,Pan-cancer TCGA only,SKCM,fold5,tcga_frac0p50,0.3314702649110435,0.17412349319813464,5448,90,42,0
tcga_only_pan_incremental_vs_single_baseline,Pan-cancer TCGA only,STAD,fold1,tcga_frac0p50,0.04038215824014781,-0.15400293030986095,5451,84,34,0
tcga_only_pan_incremental_vs_single_baseline,Pan-cancer TCGA only,STAD,fold2,tcga_frac0p50,0.05489102494167292,-0.13949406360833586,5451,84,34,0
tcga_only_pan_incremental_vs_single_baseline,Pan-cancer TCGA only,STAD,fold3,tcga_frac0p50,0.026619361026603366,-0.1677657275234054,5452,83,33,0
tcga_only_pan_incremental_vs_single_baseline,Pan-cancer TCGA only,STAD,fold4,tcga_frac0p50,0.03620867980143867,-0.15817640874857009,5452,83,33,0
tcga_only_pan_incremental_vs_single_baseline,Pan-cancer TCGA only,STAD,fold5,tcga_frac0p50,0.05182081167883686,-0.1425642768711719,5452,83,34,0
tcga_only_pan_incremental_vs_single_baseline,Pan-cancer TCGA only,TGCT,fold1,tcga_frac0p50,0.02464635937450096,0.01100681994538401,5460,67,2,0
tcga_only_pan_incremental_vs_single_baseline,Pan-cancer TCGA only,TGCT,fold2,tcga_frac0p50,0.05257141694690263,0.03893187751778568,5460,67,2,0
tcga_only_pan_incremental_vs_single_baseline,Pan-cancer TCGA only,THCA,fold1,tcga_frac0p50,0.2519895641144341,0.20993539579069334,5409,169,5,0
tcga_only_pan_incremental_vs_single_baseline,Pan-cancer TCGA only,THCA,fold2,tcga_frac0p50,0.027590738277763902,-0.014463430045976836,5409,169,6,0
tcga_only_pan_incremental_vs_single_baseline,Pan-cancer TCGA only,THCA,fold3,tcga_frac0p50,0.11884155984245258,0.07678739151871183,5409,168,5,0
tcga_only_pan_incremental_vs_single_baseline,Pan-cancer TCGA only,THYM,fold1,tcga_frac0p50,0.03918264216644189,-0.03647770082787809,5462,62,5,0
tcga_only_pan_incremental_vs_single_baseline,Pan-cancer TCGA only,THYM,fold2,tcga_frac0p50,0.08464231611421331,0.008981973119893336,5463,61,4,0
tcga_only_pan_incremental_vs_single_baseline,Pan-cancer TCGA only,UCEC,fold1,tcga_frac0p50,0.053944414246036416,-0.10304517802363702,5438,110,19,0
tcga_only_pan_incremental_vs_single_baseline,Pan-cancer TCGA only,UCEC,fold2,tcga_frac0p50,0.11013368036262654,-0.046855911907046896,5439,109,18,0
tcga_only_pan_incremental_vs_single_baseline,Pan-cancer TCGA only,UCEC,fold3,tcga_frac0p50,0.13523890713760242,-0.021750685132071013,5439,109,18,0
tcga_only_pan_incremental_vs_single_baseline,Pan-cancer TCGA only,UCEC,fold4,tcga_frac0p50,0.07225608014166184,-0.0847335121280116,5439,109,18,0
tcga_only_pan_incremental_vs_single_baseline,Pan-cancer TCGA only,UCEC,fold5,tcga_frac0p50,0.10607142970468628,-0.05091816256498716,5439,109,18,0
tcga_only_pan_incremental_vs_single_baseline,Pan-cancer TCGA only,UCS,fold1,tcga_frac0p50,0.05187861136546008,-0.16127660237721564,5487,12,7,0
tcga_only_pan_incremental_vs_single_baseline,Pan-cancer TCGA only,UCS,fold2,tcga_frac0p50,0.040730835505617895,-0.1724243782370578,5488,11,7,0
tcga_only_pan_incremental_vs_single_baseline,Pan-cancer TCGA only,UCS,fold3,tcga_frac0p50,0.7085812927800066,0.4954260790373309,5488,11,7,0
tcga_only_pan_incremental_vs_single_baseline,Pan-cancer TCGA only,UCS,fold4,tcga_frac0p50,0.13288593885958352,-0.08026927488309218,5488,11,7,0
tcga_only_pan_incremental_vs_single_baseline,Pan-cancer TCGA only,UCS,fold5,tcga_frac0p50,0.06857354773582976,-0.14458166600684597,5488,11,7,0
tcga_only_pan_incremental_vs_single_baseline,Pan-cancer TCGA only,UVM,fold1,tcga_frac0p50,0.024633286066225057,-0.14529829662780414,5483,20,6,0
tcga_only_pan_incremental_vs_single_baseline,Pan-cancer TCGA only,UVM,fold2,tcga_frac0p50,0.02861200477882365,-0.14131957791520555,5483,20,6,0
tcga_only_pan_incremental_vs_single_baseline,Pan-cancer TCGA only,UVM,fold3,tcga_frac0p50,0.03219562352259204,-0.13773595917143716,5483,20,6,0
tcga_only_pan_incremental_vs_single_baseline,Pan-cancer TCGA only,UVM,fold4,tcga_frac0p50,0.05518094045484898,-0.11475064223918022,5483,20,5,0
tcga_only_pan_incremental_vs_single_baseline,Pan-cancer TCGA only,ACC,fold1,tcga_frac1p00,0.3337768475928522,0.20358322292937234,10967,19,7,0
tcga_only_pan_incremental_vs_single_baseline,Pan-cancer TCGA only,ACC,fold2,tcga_frac1p00,0.1867057867019316,0.056512162038451746,10968,18,7,0
tcga_only_pan_incremental_vs_single_baseline,Pan-cancer TCGA only,ACC,fold3,tcga_frac1p00,0.06524057372033876,-0.0649530509431411,10968,18,7,0
tcga_only_pan_incremental_vs_single_baseline,Pan-cancer TCGA only,ACC,fold4,tcga_frac1p00,0.06444665062135833,-0.06574697404212153,10968,18,6,0
tcga_only_pan_incremental_vs_single_baseline,Pan-cancer TCGA only,ACC,fold5,tcga_frac1p00,0.3484821152246563,0.2182884905611764,10968,18,6,0
tcga_only_pan_incremental_vs_single_baseline,Pan-cancer TCGA only,BLCA,fold1,tcga_frac1p00,0.045301520494943966,-0.14239621082656687,10904,82,36,0
tcga_only_pan_incremental_vs_single_baseline,Pan-cancer TCGA only,BLCA,fold2,tcga_frac1p00,0.10248130910504728,-0.08521642221646354,10904,82,36,0
tcga_only_pan_incremental_vs_single_baseline,Pan-cancer TCGA only,BLCA,fold3,tcga_frac1p00,0.09609586820814563,-0.0916018631133652,10904,82,36,0
tcga_only_pan_incremental_vs_single_baseline,Pan-cancer TCGA only,BLCA,fold4,tcga_frac1p00,0.05665033155773625,-0.13104739976377458,10904,82,36,0
tcga_only_pan_incremental_vs_single_baseline,Pan-cancer TCGA only,BLCA,fold5,tcga_frac1p00,0.14463017262991584,-0.04306755869159498,10904,82,36,0
tcga_only_pan_incremental_vs_single_baseline,Pan-cancer TCGA only,BRCA,fold1,tcga_frac1p00,0.10728701353737502,-0.049733096397826665,10769,217,30,0
tcga_only_pan_incremental_vs_single_baseline,Pan-cancer TCGA only,BRCA,fold2,tcga_frac1p00,0.04872710989619962,-0.10829300003900207,10769,217,30,0
tcga_only_pan_incremental_vs_single_baseline,Pan-cancer TCGA only,BRCA,fold3,tcga_frac1p00,0.0920145125719856,-0.06500559736321608,10769,217,31,0
tcga_only_pan_incremental_vs_single_baseline,Pan-cancer TCGA only,BRCA,fold4,tcga_frac1p00,0.08765058927834551,-0.06936952065685617,10770,216,30,0
tcga_only_pan_incremental_vs_single_baseline,Pan-cancer TCGA only,BRCA,fold5,tcga_frac1p00,0.10329186275268813,-0.05372824718251355,10770,216,30,0
tcga_only_pan_incremental_vs_single_baseline,Pan-cancer TCGA only,CESC,fold1,tcga_frac1p00,0.09142481594075602,-0.11690408351879894,10927,59,14,0
tcga_only_pan_incremental_vs_single_baseline,Pan-cancer TCGA only,CESC,fold2,tcga_frac1p00,0.16951410316010168,-0.03881479629945328,10927,59,14,0
tcga_only_pan_incremental_vs_single_baseline,Pan-cancer TCGA only,CESC,fold3,tcga_frac1p00,0.09135657209117584,-0.11697232736837912,10927,59,14,0
tcga_only_pan_incremental_vs_single_baseline,Pan-cancer TCGA only,CESC,fold4,tcga_frac1p00,0.11529006579324805,-0.09303883366630691,10927,59,15,0
tcga_only_pan_incremental_vs_single_baseline,Pan-cancer TCGA only,CESC,fold5,tcga_frac1p00,0.26305532244586793,0.05472642298631297,10928,58,14,0
tcga_only_pan_incremental_vs_single_baseline,Pan-cancer TCGA only,CHOL,fold1,tcga_frac1p00,0.023805131563837303,-0.27362808841782277,10974,12,6,0
tcga_only_pan_incremental_vs_single_baseline,Pan-cancer TCGA only,CHOL,fold2,tcga_frac1p00,0.05368495981927997,-0.2437482601623801,10975,11,6,0
tcga_only_pan_incremental_vs_single_baseline,Pan-cancer TCGA only,CHOL,fold3,tcga_frac1p00,0.04357956987856188,-0.2538536501030982,10975,11,5,0
tcga_only_pan_incremental_vs_single_baseline,Pan-cancer TCGA only,CHOL,fold4,tcga_frac1p00,0.04245181097381108,-0.254981409007849,10975,11,5,0
tcga_only_pan_incremental_vs_single_baseline,Pan-cancer TCGA only,COAD,fold1,tcga_frac1p00,0.05112897272302043,-0.14676167812776492,10897,89,20,0
tcga_only_pan_incremental_vs_single_baseline,Pan-cancer TCGA only,COAD,fold2,tcga_frac1p00,0.052252901268066615,-0.14563774958271872,10897,89,20,0
tcga_only_pan_incremental_vs_single_baseline,Pan-cancer TCGA only,COAD,fold3,tcga_frac1p00,0.05903072750784357,-0.13885992334294175,10898,88,19,0
tcga_only_pan_incremental_vs_single_baseline,Pan-cancer TCGA only,COAD,fold4,tcga_frac1p00,0.06057891637251971,-0.1373117344782656,10898,88,19,0
tcga_only_pan_incremental_vs_single_baseline,Pan-cancer TCGA only,COAD,fold5,tcga_frac1p00,0.028789600446794707,-0.16910105040399062,10898,88,20,0
tcga_only_pan_incremental_vs_single_baseline,Pan-cancer TCGA only,DLBC,fold1,tcga_frac1p00,0.2825125094767261,0.092932188486118,10962,24,5,0
tcga_only_pan_incremental_vs_single_baseline,Pan-cancer TCGA only,DLBC,fold2,tcga_frac1p00,0.23018882421172598,0.040608503221117864,10963,23,4,0
tcga_only_pan_incremental_vs_single_baseline,Pan-cancer TCGA only,ESCA,fold1,tcga_frac1p00,0.05247576053994027,-0.11911125097992512,10949,37,16,0
tcga_only_pan_incremental_vs_single_baseline,Pan-cancer TCGA only,ESCA,fold2,tcga_frac1p00,0.020232962761106203,-0.15135404875875919,10949,37,16,0
tcga_only_pan_incremental_vs_single_baseline,Pan-cancer TCGA only,ESCA,fold3,tcga_frac1p00,0.018316149591292512,-0.15327086192857287,10949,37,15,0
tcga_only_pan_incremental_vs_single_baseline,Pan-cancer TCGA only,ESCA,fold4,tcga_frac1p00,0.023330187921308088,-0.1482568235985573,10949,37,15,0
tcga_only_pan_incremental_vs_single_baseline,Pan-cancer TCGA only,ESCA,fold5,tcga_frac1p00,0.024181969210518704,-0.14740504230934667,10949,37,15,0
tcga_only_pan_incremental_vs_single_baseline,Pan-cancer TCGA only,GBM,fold1,tcga_frac1p00,0.027485284431680447,-0.04671015948604378,10867,119,99,0
tcga_only_pan_incremental_vs_single_baseline,Pan-cancer TCGA only,GBM,fold2,tcga_frac1p00,0.043996009772090776,-0.030199434145633454,10867,119,98,0
tcga_only_pan_incremental_vs_single_baseline,Pan-cancer TCGA only,GBM,fold3,tcga_frac1p00,0.03802404492582835,-0.03617139899189588,10867,119,98,0
tcga_only_pan_incremental_vs_single_baseline,Pan-cancer TCGA only,GBM,fold4,tcga_frac1p00,0.03626091076850531,-0.03793453314921892,10867,119,98,0
tcga_only_pan_incremental_vs_single_baseline,Pan-cancer TCGA only,GBM,fold5,tcga_frac1p00,0.058339587253221886,-0.015855856664502344,10867,119,98,0
tcga_only_pan_incremental_vs_single_baseline,Pan-cancer TCGA only,HNSC,fold1,tcga_frac1p00,0.1259471417124191,-0.05076721261954775,10880,106,45,0
tcga_only_pan_incremental_vs_single_baseline,Pan-cancer TCGA only,HNSC,fold2,tcga_frac1p00,0.07390358366354921,-0.10281077066841765,10880,106,45,0
tcga_only_pan_incremental_vs_single_baseline,Pan-cancer TCGA only,HNSC,fold3,tcga_frac1p00,0.22067784342888397,0.04396348909691711,10881,105,44,0
tcga_only_pan_incremental_vs_single_baseline,Pan-cancer TCGA only,HNSC,fold4,tcga_frac1p00,0.13395811559644102,-0.04275623873552584,10881,105,44,0
tcga_only_pan_incremental_vs_single_baseline,Pan-cancer TCGA only,HNSC,fold5,tcga_frac1p00,0.11920874209872623,-0.05750561223324063,10881,105,45,0
tcga_only_pan_incremental_vs_single_baseline,Pan-cancer TCGA only,KICH,fold1,tcga_frac1p00,0.13702055169201524,0.044814815865611216,10930,56,6,0
tcga_only_pan_incremental_vs_single_baseline,Pan-cancer TCGA only,KICH,fold2,tcga_frac1p00,0.10171900947903728,0.009513273652633256,10930,56,6,0
tcga_only_pan_incremental_vs_single_baseline,Pan-cancer TCGA only,KIRC,fold1,tcga_frac1p00,0.08202193532231092,-0.04640626043851795,10879,107,35,0
tcga_only_pan_incremental_vs_single_baseline,Pan-cancer TCGA only,KIRC,fold2,tcga_frac1p00,0.06161069869349982,-0.06681749706732905,10879,107,35,0
tcga_only_pan_incremental_vs_single_baseline,Pan-cancer TCGA only,KIRC,fold3,tcga_frac1p00,0.11928661665866953,-0.009141579102159333,10879,107,35,0
tcga_only_pan_incremental_vs_single_baseline,Pan-cancer TCGA only,KIRC,fold4,tcga_frac1p00,0.06489985476115942,-0.06352834099966945,10879,107,36,0
tcga_only_pan_incremental_vs_single_baseline,Pan-cancer TCGA only,KIRC,fold5,tcga_frac1p00,0.06279197164136224,-0.06563622411946662,10879,107,36,0
tcga_only_pan_incremental_vs_single_baseline,Pan-cancer TCGA only,KIRP,fold1,tcga_frac1p00,0.190787406585627,0.028330454575767994,10928,58,9,0
tcga_only_pan_incremental_vs_single_baseline,Pan-cancer TCGA only,KIRP,fold2,tcga_frac1p00,0.06485638958293315,-0.09760056242692587,10928,58,9,0
tcga_only_pan_incremental_vs_single_baseline,Pan-cancer TCGA only,KIRP,fold3,tcga_frac1p00,0.032961554313573824,-0.1294953976962852,10928,58,9,0
tcga_only_pan_incremental_vs_single_baseline,Pan-cancer TCGA only,KIRP,fold4,tcga_frac1p00,0.03597339725368136,-0.12648355475617767,10929,57,8,0
tcga_only_pan_incremental_vs_single_baseline,Pan-cancer TCGA only,KIRP,fold5,tcga_frac1p00,0.03225926927372569,-0.13019768273613333,10929,57,9,0
tcga_only_pan_incremental_vs_single_baseline,Pan-cancer TCGA only,LAML,fold1,tcga_frac1p00,0.04553280418353397,-0.1641598305263718,10951,35,22,0
tcga_only_pan_incremental_vs_single_baseline,Pan-cancer TCGA only,LAML,fold2,tcga_frac1p00,0.0501869336360259,-0.1595057010738799,10951,35,22,0
tcga_only_pan_incremental_vs_single_baseline,Pan-cancer TCGA only,LAML,fold3,tcga_frac1p00,0.03506760630778342,-0.17462502840212238,10951,35,22,0
tcga_only_pan_incremental_vs_single_baseline,Pan-cancer TCGA only,LAML,fold4,tcga_frac1p00,0.030139176624678604,-0.17955345808522719,10952,34,21,0
tcga_only_pan_incremental_vs_single_baseline,Pan-cancer TCGA only,LAML,fold5,tcga_frac1p00,0.047398862262215555,-0.16229377244769022,10952,34,21,0
tcga_only_pan_incremental_vs_single_baseline,Pan-cancer TCGA only,LGG,fold1,tcga_frac1p00,0.08114341384574263,-0.09294413862820718,10883,103,25,0
tcga_only_pan_incremental_vs_single_baseline,Pan-cancer TCGA only,LGG,fold2,tcga_frac1p00,0.15317066681894181,-0.02091688565500799,10884,102,25,0
tcga_only_pan_incremental_vs_single_baseline,Pan-cancer TCGA only,LGG,fold3,tcga_frac1p00,0.22118587139085097,0.047098318916901166,10884,102,25,0
tcga_only_pan_incremental_vs_single_baseline,Pan-cancer TCGA only,LGG,fold4,tcga_frac1p00,0.0690525478904207,-0.1050350045835291,10884,102,25,0
tcga_only_pan_incremental_vs_single_baseline,Pan-cancer TCGA only,LGG,fold5,tcga_frac1p00,0.04570475896623085,-0.12838279350771895,10884,102,25,0
tcga_only_pan_incremental_vs_single_baseline,Pan-cancer TCGA only,LIHC,fold1,tcga_frac1p00,0.0313356016692561,-0.16553678737654293,10911,75,27,0
tcga_only_pan_incremental_vs_single_baseline,Pan-cancer TCGA only,LIHC,fold2,tcga_frac1p00,0.05234120208520087,-0.14453118696059813,10912,74,27,0
tcga_only_pan_incremental_vs_single_baseline,Pan-cancer TCGA only,LIHC,fold3,tcga_frac1p00,0.043773278910447,-0.15309911013535202,10912,74,26,0
tcga_only_pan_incremental_vs_single_baseline,Pan-cancer TCGA only,LIHC,fold4,tcga_frac1p00,0.047071048090749454,-0.14980134095504954,10912,74,26,0
tcga_only_pan_incremental_vs_single_baseline,Pan-cancer TCGA only,LIHC,fold5,tcga_frac1p00,0.05224599376346352,-0.1446263952823355,10912,74,26,0
tcga_only_pan_incremental_vs_single_baseline,Pan-cancer TCGA only,LUAD,fold1,tcga_frac1p00,0.12092485021268724,-0.05620687578821605,10884,102,36,0
tcga_only_pan_incremental_vs_single_baseline,Pan-cancer TCGA only,LUAD,fold2,tcga_frac1p00,0.1682637585920558,-0.008867967408847488,10884,102,37,0
tcga_only_pan_incremental_vs_single_baseline,Pan-cancer TCGA only,LUAD,fold3,tcga_frac1p00,0.05752431885818621,-0.11960740714271709,10884,102,37,0
tcga_only_pan_incremental_vs_single_baseline,Pan-cancer TCGA only,LUAD,fold4,tcga_frac1p00,0.18358454891461162,0.006452822913708328,10884,102,37,0
tcga_only_pan_incremental_vs_single_baseline,Pan-cancer TCGA only,LUAD,fold5,tcga_frac1p00,0.08790938981426642,-0.08922233618663687,10885,101,36,0
tcga_only_pan_incremental_vs_single_baseline,Pan-cancer TCGA only,LUSC,fold1,tcga_frac1p00,0.08196489661768036,-0.10293242492040361,10886,100,43,0
tcga_only_pan_incremental_vs_single_baseline,Pan-cancer TCGA only,LUSC,fold2,tcga_frac1p00,0.06223471285235175,-0.12266260868573223,10886,100,43,0
tcga_only_pan_incremental_vs_single_baseline,Pan-cancer TCGA only,LUSC,fold3,tcga_frac1p00,0.08159179749455701,-0.10330552404352696,10887,99,43,0
tcga_only_pan_incremental_vs_single_baseline,Pan-cancer TCGA only,LUSC,fold4,tcga_frac1p00,0.15555860002684443,-0.029338721511239535,10887,99,43,0
tcga_only_pan_incremental_vs_single_baseline,Pan-cancer TCGA only,LUSC,fold5,tcga_frac1p00,0.39766651010090526,0.2127691885628213,10887,99,43,0
tcga_only_pan_incremental_vs_single_baseline,Pan-cancer TCGA only,MESO,fold1,tcga_frac1p00,0.02647249387996551,-0.12069084143572165,10969,17,15,0
tcga_only_pan_incremental_vs_single_baseline,Pan-cancer TCGA only,MESO,fold2,tcga_frac1p00,0.07209108003582447,-0.07507225527986268,10969,17,15,0
tcga_only_pan_incremental_vs_single_baseline,Pan-cancer TCGA only,MESO,fold3,tcga_frac1p00,0.04609432994953496,-0.10106900536615218,10969,17,15,0
tcga_only_pan_incremental_vs_single_baseline,Pan-cancer TCGA only,MESO,fold4,tcga_frac1p00,0.03070140414378304,-0.1164619311719041,10969,17,14,0
tcga_only_pan_incremental_vs_single_baseline,Pan-cancer TCGA only,MESO,fold5,tcga_frac1p00,0.045950873322698926,-0.10121246199298822,10969,17,14,0
tcga_only_pan_incremental_vs_single_baseline,Pan-cancer TCGA only,OV,fold1,tcga_frac1p00,0.1713176822107023,0.01887068034496331,10869,117,70,0
tcga_only_pan_incremental_vs_single_baseline,Pan-cancer TCGA only,OV,fold2,tcga_frac1p00,0.0837350809010676,-0.06871192096467138,10869,117,70,0
tcga_only_pan_incremental_vs_single_baseline,Pan-cancer TCGA only,OV,fold3,tcga_frac1p00,0.09908098747518221,-0.05336601439055677,10870,116,70,0
tcga_only_pan_incremental_vs_single_baseline,Pan-cancer TCGA only,OV,fold4,tcga_frac1p00,0.13100118117348675,-0.021445820692252232,10870,116,69,0
tcga_only_pan_incremental_vs_single_baseline,Pan-cancer TCGA only,OV,fold5,tcga_frac1p00,0.2087982959460009,0.05635129408026193,10870,116,69,0
tcga_only_pan_incremental_vs_single_baseline,Pan-cancer TCGA only,PAAD,fold1,tcga_frac1p00,0.026271532370027696,-0.17207438750242945,10949,37,20,0
tcga_only_pan_incremental_vs_single_baseline,Pan-cancer TCGA only,PAAD,fold2,tcga_frac1p00,0.03757718146775987,-0.16076873840469727,10949,37,20,0
tcga_only_pan_incremental_vs_single_baseline,Pan-cancer TCGA only,PAAD,fold3,tcga_frac1p00,0.01799437563878983,-0.1803515442336673,10949,37,20,0
tcga_only_pan_incremental_vs_single_baseline,Pan-cancer TCGA only,PAAD,fold4,tcga_frac1p00,0.025597904350532892,-0.17274801552192426,10949,37,20,0
tcga_only_pan_incremental_vs_single_baseline,Pan-cancer TCGA only,PAAD,fold5,tcga_frac1p00,0.01984319855033386,-0.17850272132212328,10950,36,20,0
tcga_only_pan_incremental_vs_single_baseline,Pan-cancer TCGA only,PCPG,fold1,tcga_frac1p00,0.018455216541183088,-0.015954843318139705,10896,90,3,0
tcga_only_pan_incremental_vs_single_baseline,Pan-cancer TCGA only,PCPG,fold2,tcga_frac1p00,0.05357236107261347,0.019162301213290676,10897,89,3,0
tcga_only_pan_incremental_vs_single_baseline,Pan-cancer TCGA only,PRAD,fold1,tcga_frac1p00,0.01756434277720591,-0.018244872279733215,10736,250,5,0
tcga_only_pan_incremental_vs_single_baseline,Pan-cancer TCGA only,PRAD,fold2,tcga_frac1p00,0.0297994384614338,-0.006009776595505327,10736,250,5,0
tcga_only_pan_incremental_vs_single_baseline,Pan-cancer TCGA only,READ,fold1,tcga_frac1p00,0.01984409367350059,-0.12415747057994253,10953,33,5,0
tcga_only_pan_incremental_vs_single_baseline,Pan-cancer TCGA only,READ,fold2,tcga_frac1p00,0.05983441368759821,-0.08416715056584492,10953,33,5,0
tcga_only_pan_incremental_vs_single_baseline,Pan-cancer TCGA only,READ,fold3,tcga_frac1p00,0.018443029944605786,-0.12555853430883734,10953,33,5,0
tcga_only_pan_incremental_vs_single_baseline,Pan-cancer TCGA only,READ,fold4,tcga_frac1p00,0.03891343850693131,-0.10508812574651182,10953,33,6,0
tcga_only_pan_incremental_vs_single_baseline,Pan-cancer TCGA only,READ,fold5,tcga_frac1p00,0.01833593694896132,-0.1256656273044818,10954,32,5,0
tcga_only_pan_incremental_vs_single_baseline,Pan-cancer TCGA only,SARC,fold1,tcga_frac1p00,0.1594968129027739,-0.04244400282341351,10933,53,20,0
tcga_only_pan_incremental_vs_single_baseline,Pan-cancer TCGA only,SARC,fold2,tcga_frac1p00,0.11245252567757028,-0.08948829004861714,10934,52,19,0
tcga_only_pan_incremental_vs_single_baseline,Pan-cancer TCGA only,SARC,fold3,tcga_frac1p00,0.2020324210991809,9.160537299349181e-05,10934,52,20,0
tcga_only_pan_incremental_vs_single_baseline,Pan-cancer TCGA only,SARC,fold4,tcga_frac1p00,0.3732393784679006,0.1712985627417132,10934,52,20,0
tcga_only_pan_incremental_vs_single_baseline,Pan-cancer TCGA only,SARC,fold5,tcga_frac1p00,0.09241808841490685,-0.10952272731128056,10934,52,20,0
tcga_only_pan_incremental_vs_single_baseline,Pan-cancer TCGA only,SKCM,fold1,tcga_frac1p00,0.665881860888685,0.5085350891757761,10895,91,43,0
tcga_only_pan_incremental_vs_single_baseline,Pan-cancer TCGA only,SKCM,fold2,tcga_frac1p00,0.4070697572096279,0.24972298549671906,10895,91,43,0
tcga_only_pan_incremental_vs_single_baseline,Pan-cancer TCGA only,SKCM,fold3,tcga_frac1p00,0.545669059054101,0.3883222873411922,10895,91,43,0
tcga_only_pan_incremental_vs_single_baseline,Pan-cancer TCGA only,SKCM,fold4,tcga_frac1p00,0.5962266986251267,0.43887992691221783,10895,91,43,0
tcga_only_pan_incremental_vs_single_baseline,Pan-cancer TCGA only,SKCM,fold5,tcga_frac1p00,0.26064237006738145,0.1032955983544726,10896,90,42,0
tcga_only_pan_incremental_vs_single_baseline,Pan-cancer TCGA only,STAD,fold1,tcga_frac1p00,0.027357091468976247,-0.16702799708103253,10902,84,34,0
tcga_only_pan_incremental_vs_single_baseline,Pan-cancer TCGA only,STAD,fold2,tcga_frac1p00,0.043878451815885615,-0.15050663673412315,10902,84,34,0
tcga_only_pan_incremental_vs_single_baseline,Pan-cancer TCGA only,STAD,fold3,tcga_frac1p00,0.025403589791846676,-0.1689814987581621,10903,83,33,0
tcga_only_pan_incremental_vs_single_baseline,Pan-cancer TCGA only,STAD,fold4,tcga_frac1p00,0.03441993850323128,-0.1599651500467775,10903,83,33,0
tcga_only_pan_incremental_vs_single_baseline,Pan-cancer TCGA only,STAD,fold5,tcga_frac1p00,0.033559501981203686,-0.16082558656880508,10903,83,34,0
tcga_only_pan_incremental_vs_single_baseline,Pan-cancer TCGA only,TGCT,fold1,tcga_frac1p00,0.02531588715545023,0.01167634772633328,10919,67,2,0
tcga_only_pan_incremental_vs_single_baseline,Pan-cancer TCGA only,TGCT,fold2,tcga_frac1p00,0.04387269178683029,0.030233152357713337,10919,67,2,0
tcga_only_pan_incremental_vs_single_baseline,Pan-cancer TCGA only,THCA,fold1,tcga_frac1p00,0.03843351088706024,-0.0036206574366804967,10817,169,5,0
tcga_only_pan_incremental_vs_single_baseline,Pan-cancer TCGA only,THCA,fold2,tcga_frac1p00,0.019439885679798152,-0.022614282643942586,10817,169,6,0
tcga_only_pan_incremental_vs_single_baseline,Pan-cancer TCGA only,THCA,fold3,tcga_frac1p00,0.044214988372902796,0.002160820049162057,10818,168,5,0
tcga_only_pan_incremental_vs_single_baseline,Pan-cancer TCGA only,THYM,fold1,tcga_frac1p00,0.08119032962502513,0.005529986630705155,10924,62,5,0
tcga_only_pan_incremental_vs_single_baseline,Pan-cancer TCGA only,THYM,fold2,tcga_frac1p00,0.11976111740524258,0.0441007744109226,10925,61,4,0
tcga_only_pan_incremental_vs_single_baseline,Pan-cancer TCGA only,UCEC,fold1,tcga_frac1p00,0.030190737262434004,-0.12679885500723942,10876,110,19,0
tcga_only_pan_incremental_vs_single_baseline,Pan-cancer TCGA only,UCEC,fold2,tcga_frac1p00,0.030126146057612564,-0.12686344621206086,10877,109,18,0
tcga_only_pan_incremental_vs_single_baseline,Pan-cancer TCGA only,UCEC,fold3,tcga_frac1p00,0.13458307998512983,-0.0224065122845436,10877,109,18,0
tcga_only_pan_incremental_vs_single_baseline,Pan-cancer TCGA only,UCEC,fold4,tcga_frac1p00,0.046416657657510046,-0.11057293461216339,10877,109,18,0
tcga_only_pan_incremental_vs_single_baseline,Pan-cancer TCGA only,UCEC,fold5,tcga_frac1p00,0.0901661501755365,-0.06682344209413693,10877,109,18,0
tcga_only_pan_incremental_vs_single_baseline,Pan-cancer TCGA only,UCS,fold1,tcga_frac1p00,0.05700347664938332,-0.1561517370932924,10974,12,7,0
tcga_only_pan_incremental_vs_single_baseline,Pan-cancer TCGA only,UCS,fold2,tcga_frac1p00,0.03991091096692191,-0.1732443027757538,10975,11,7,0
tcga_only_pan_incremental_vs_single_baseline,Pan-cancer TCGA only,UCS,fold3,tcga_frac1p00,0.1814335451895565,-0.0317216685531192,10975,11,7,0
tcga_only_pan_incremental_vs_single_baseline,Pan-cancer TCGA only,UCS,fold4,tcga_frac1p00,0.10243227555100577,-0.11072293819166994,10975,11,7,0
tcga_only_pan_incremental_vs_single_baseline,Pan-cancer TCGA only,UCS,fold5,tcga_frac1p00,0.06749173508379955,-0.14566347865887616,10975,11,7,0
tcga_only_pan_incremental_vs_single_baseline,Pan-cancer TCGA only,UVM,fold1,tcga_frac1p00,0.029349532019381484,-0.1405820506746477,10966,20,6,0
tcga_only_pan_incremental_vs_single_baseline,Pan-cancer TCGA only,UVM,fold2,tcga_frac1p00,0.03234680562226213,-0.13758477707176706,10966,20,6,0
tcga_only_pan_incremental_vs_single_baseline,Pan-cancer TCGA only,UVM,fold3,tcga_frac1p00,0.02448784364083543,-0.14544373905319377,10966,20,6,0
tcga_only_pan_incremental_vs_single_baseline,Pan-cancer TCGA only,UVM,fold4,tcga_frac1p00,0.03397714642253921,-0.13595443627148998,10966,20,5,0
seer_pan_train_tcga_test,Pan-cancer SEER only,ACC,fold1,seer_01pct,0.054527560375844,-0.03507039417140359,70938,19,7,70938.0
seer_pan_train_tcga_test,Pan-cancer SEER only,ACC,fold2,seer_01pct,0.11406374385318871,-0.10836853894099024,70938,18,7,70938.0
seer_pan_train_tcga_test,Pan-cancer SEER only,ACC,fold3,seer_01pct,0.07046602997208994,-0.08584474964088974,70938,18,7,70938.0
seer_pan_train_tcga_test,Pan-cancer SEER only,ACC,fold4,seer_01pct,0.09617921242284479,0.006423402119006619,70938,18,6,70938.0
seer_pan_train_tcga_test,Pan-cancer SEER only,ACC,fold5,seer_01pct,0.05801721974989511,-0.03485407630925977,70938,18,6,70938.0
seer_pan_train_tcga_test,Pan-cancer SEER only,BLCA,fold1,seer_01pct,0.05848368195474755,-0.13721786189436028,70938,82,36,70938.0
seer_pan_train_tcga_test,Pan-cancer SEER only,BLCA,fold2,seer_01pct,0.07066590586368811,-0.06137383081743435,70938,82,36,70938.0
seer_pan_train_tcga_test,Pan-cancer SEER only,BLCA,fold3,seer_01pct,0.06709104686731077,-0.08571747505310578,70938,82,36,70938.0
seer_pan_train_tcga_test,Pan-cancer SEER only,BLCA,fold4,seer_01pct,0.06805600922301076,-0.12259200860739598,70938,82,36,70938.0
seer_pan_train_tcga_test,Pan-cancer SEER only,BLCA,fold5,seer_01pct,0.07562787002615047,-0.19166296630035012,70938,82,36,70938.0
seer_pan_train_tcga_test,Pan-cancer SEER only,BRCA,fold1,seer_01pct,0.054210686170486216,-0.10316958953905475,70938,217,30,70938.0
seer_pan_train_tcga_test,Pan-cancer SEER only,BRCA,fold2,seer_01pct,0.053583130609004374,-0.0598940292098454,70938,217,30,70938.0
seer_pan_train_tcga_test,Pan-cancer SEER only,BRCA,fold3,seer_01pct,0.05031107477972786,-0.06839278103085702,70938,217,31,70938.0
seer_pan_train_tcga_test,Pan-cancer SEER only,BRCA,fold4,seer_01pct,0.05277875314760776,-0.19205598898728377,70938,216,30,70938.0
seer_pan_train_tcga_test,Pan-cancer SEER only,BRCA,fold5,seer_01pct,0.04820983156164289,-0.10249468464049835,70938,216,30,70938.0
seer_pan_train_tcga_test,Pan-cancer SEER only,CESC,fold1,seer_01pct,0.08346335980897814,-0.06727081699090907,70938,59,14,70938.0
seer_pan_train_tcga_test,Pan-cancer SEER only,CESC,fold2,seer_01pct,0.1190951312884107,-0.06554447161005647,70938,59,14,70938.0
seer_pan_train_tcga_test,Pan-cancer SEER only,CESC,fold3,seer_01pct,0.06592553732037904,-0.03916932786761343,70938,59,14,70938.0
seer_pan_train_tcga_test,Pan-cancer SEER only,CESC,fold4,seer_01pct,0.08353379916960803,-0.2209296567110252,70938,59,15,70938.0
seer_pan_train_tcga_test,Pan-cancer SEER only,CESC,fold5,seer_01pct,0.08403067631955988,-0.21268172021123474,70938,58,14,70938.0
seer_pan_train_tcga_test,Pan-cancer SEER only,CHOL,fold1,seer_01pct,0.05629193558333719,-0.1659406290616945,70938,12,6,70938.0
seer_pan_train_tcga_test,Pan-cancer SEER only,CHOL,fold2,seer_01pct,0.047408165051835385,-0.2808937594110991,70938,11,6,70938.0
seer_pan_train_tcga_test,Pan-cancer SEER only,CHOL,fold3,seer_01pct,0.06341416191258537,-0.16756600240243733,70938,11,5,70938.0
seer_pan_train_tcga_test,Pan-cancer SEER only,CHOL,fold4,seer_01pct,0.07846461103298288,-0.3297536154706684,70938,11,5,70938.0
seer_pan_train_tcga_test,Pan-cancer SEER only,COAD,fold1,seer_01pct,0.03612584409512721,-0.17514914336436752,70938,89,20,70938.0
seer_pan_train_tcga_test,Pan-cancer SEER only,COAD,fold2,seer_01pct,0.038363573322868195,-0.1619918832416947,70938,89,20,70938.0
seer_pan_train_tcga_test,Pan-cancer SEER only,COAD,fold3,seer_01pct,0.041085265134295765,-0.15880638844292938,70938,88,19,70938.0
seer_pan_train_tcga_test,Pan-cancer SEER only,COAD,fold4,seer_01pct,0.035323849033266075,-0.23431702482925665,70938,88,19,70938.0
seer_pan_train_tcga_test,Pan-cancer SEER only,COAD,fold5,seer_01pct,0.029224677493042656,-0.07906560529707866,70938,88,20,70938.0
seer_pan_train_tcga_test,Pan-cancer SEER only,DLBC,fold1,seer_01pct,0.07317677167187454,-0.09685632963208292,70938,24,5,70938.0
seer_pan_train_tcga_test,Pan-cancer SEER only,DLBC,fold2,seer_01pct,0.09140686404811686,-0.11772067662914189,70938,23,4,70938.0
seer_pan_train_tcga_test,Pan-cancer SEER only,ESCA,fold1,seer_01pct,0.03666943776150524,-0.20936011585988243,70938,37,16,70938.0
seer_pan_train_tcga_test,Pan-cancer SEER only,ESCA,fold2,seer_01pct,0.039475322666458056,-0.09252215102204919,70938,37,16,70938.0
seer_pan_train_tcga_test,Pan-cancer SEER only,ESCA,fold3,seer_01pct,0.0271651734890068,-0.10752381742397285,70938,37,15,70938.0
seer_pan_train_tcga_test,Pan-cancer SEER only,ESCA,fold4,seer_01pct,0.0457130989357756,-0.11050590884203612,70938,37,15,70938.0
seer_pan_train_tcga_test,Pan-cancer SEER only,ESCA,fold5,seer_01pct,0.03970248425078621,-0.14929754734785453,70938,37,15,70938.0
seer_pan_train_tcga_test,Pan-cancer SEER only,GBM,fold1,seer_01pct,0.10142924676271187,0.0431442700206338,70938,119,99,70938.0
seer_pan_train_tcga_test,Pan-cancer SEER only,GBM,fold2,seer_01pct,0.1140138160524521,0.03150963081394079,70938,119,98,70938.0
seer_pan_train_tcga_test,Pan-cancer SEER only,GBM,fold3,seer_01pct,0.10845909106519863,0.03201549244031687,70938,119,98,70938.0
seer_pan_train_tcga_test,Pan-cancer SEER only,GBM,fold4,seer_01pct,0.09251290087493796,0.027615694777566008,70938,119,98,70938.0
seer_pan_train_tcga_test,Pan-cancer SEER only,GBM,fold5,seer_01pct,0.10736510978538256,0.01851785689960453,70938,119,98,70938.0
seer_pan_train_tcga_test,Pan-cancer SEER only,HNSC,fold1,seer_01pct,0.07231723505541518,-0.1422140268744551,70938,106,45,70938.0
seer_pan_train_tcga_test,Pan-cancer SEER only,HNSC,fold2,seer_01pct,0.0689433024208562,-0.06240543917715777,70938,106,45,70938.0
seer_pan_train_tcga_test,Pan-cancer SEER only,HNSC,fold3,seer_01pct,0.07390175711465512,-0.08483132943135079,70938,105,44,70938.0
seer_pan_train_tcga_test,Pan-cancer SEER only,HNSC,fold4,seer_01pct,0.08449750178402265,-0.10417086238372289,70938,105,44,70938.0
seer_pan_train_tcga_test,Pan-cancer SEER only,HNSC,fold5,seer_01pct,0.08009331762370739,-0.11019699979449113,70938,105,45,70938.0
seer_pan_train_tcga_test,Pan-cancer SEER only,KICH,fold1,seer_01pct,0.03265299357001728,-0.0405704558704422,70938,56,6,70938.0
seer_pan_train_tcga_test,Pan-cancer SEER only,KICH,fold2,seer_01pct,0.03597306247363091,-0.07521495973871765,70938,56,6,70938.0
seer_pan_train_tcga_test,Pan-cancer SEER only,KIRC,fold1,seer_01pct,0.06688027799247212,-0.07062279209691985,70938,107,35,70938.0
seer_pan_train_tcga_test,Pan-cancer SEER only,KIRC,fold2,seer_01pct,0.07057633754057659,-0.05030934411927812,70938,107,35,70938.0
seer_pan_train_tcga_test,Pan-cancer SEER only,KIRC,fold3,seer_01pct,0.06724438402232907,-0.10941841614837083,70938,107,35,70938.0
seer_pan_train_tcga_test,Pan-cancer SEER only,KIRC,fold4,seer_01pct,0.06540185575317627,-0.028270422714026036,70938,107,36,70938.0
seer_pan_train_tcga_test,Pan-cancer SEER only,KIRC,fold5,seer_01pct,0.05890639648525748,-0.05451075193173797,70938,107,36,70938.0
seer_pan_train_tcga_test,Pan-cancer SEER only,KIRP,fold1,seer_01pct,0.05094280857377847,-0.15676809632315444,70938,58,9,70938.0
seer_pan_train_tcga_test,Pan-cancer SEER only,KIRP,fold2,seer_01pct,0.04036081597833771,-0.15467006737873748,70938,58,9,70938.0
seer_pan_train_tcga_test,Pan-cancer SEER only,KIRP,fold3,seer_01pct,0.03519029376992276,-0.08783496779135636,70938,58,9,70938.0
seer_pan_train_tcga_test,Pan-cancer SEER only,KIRP,fold4,seer_01pct,0.03917824732336276,-0.11202607049258864,70938,57,8,70938.0
seer_pan_train_tcga_test,Pan-cancer SEER only,KIRP,fold5,seer_01pct,0.03056624607850097,-0.10474714633955554,70938,57,9,70938.0
seer_pan_train_tcga_test,Pan-cancer SEER only,LAML,fold1,seer_01pct,0.2122928825264644,-0.026281144665177864,70938,35,22,70938.0
seer_pan_train_tcga_test,Pan-cancer SEER only,LAML,fold2,seer_01pct,0.22974664206563228,0.04162238019263473,70938,35,22,70938.0
seer_pan_train_tcga_test,Pan-cancer SEER only,LAML,fold3,seer_01pct,0.18969845317953096,-0.02725186701351251,70938,35,22,70938.0
seer_pan_train_tcga_test,Pan-cancer SEER only,LAML,fold4,seer_01pct,0.21758901195093394,0.06940351018757379,70938,34,21,70938.0
seer_pan_train_tcga_test,Pan-cancer SEER only,LAML,fold5,seer_01pct,0.16891456591741652,-0.08771449661106887,70938,34,21,70938.0
seer_pan_train_tcga_test,Pan-cancer SEER only,LGG,fold1,seer_01pct,0.06391193770294064,-0.1011864652475518,70938,103,25,70938.0
seer_pan_train_tcga_test,Pan-cancer SEER only,LGG,fold2,seer_01pct,0.05262083045423299,-0.12181782877681202,70938,102,25,70938.0
seer_pan_train_tcga_test,Pan-cancer SEER only,LGG,fold3,seer_01pct,0.05955852865833767,-0.2011322610941822,70938,102,25,70938.0
seer_pan_train_tcga_test,Pan-cancer SEER only,LGG,fold4,seer_01pct,0.05426684756465892,-0.1149829375921195,70938,102,25,70938.0
seer_pan_train_tcga_test,Pan-cancer SEER only,LGG,fold5,seer_01pct,0.05091235259595501,-0.050047772682958215,70938,102,25,70938.0
seer_pan_train_tcga_test,Pan-cancer SEER only,LIHC,fold1,seer_01pct,0.037011813220160124,-0.10437862553722693,70938,75,27,70938.0
seer_pan_train_tcga_test,Pan-cancer SEER only,LIHC,fold2,seer_01pct,0.050488334224802214,-0.1792283397307155,70938,74,27,70938.0
seer_pan_train_tcga_test,Pan-cancer SEER only,LIHC,fold3,seer_01pct,0.04093324572098469,-0.212800578250206,70938,74,26,70938.0
seer_pan_train_tcga_test,Pan-cancer SEER only,LIHC,fold4,seer_01pct,0.041648411010160924,-0.1518344036227266,70938,74,26,70938.0
seer_pan_train_tcga_test,Pan-cancer SEER only,LIHC,fold5,seer_01pct,0.04290413952519717,-0.12313405438681496,70938,74,26,70938.0
seer_pan_train_tcga_test,Pan-cancer SEER only,LUAD,fold1,seer_01pct,0.05802165276945549,-0.12359286827721015,70938,102,36,70938.0
seer_pan_train_tcga_test,Pan-cancer SEER only,LUAD,fold2,seer_01pct,0.04887326382527374,-0.09842059435446313,70938,102,37,70938.0
seer_pan_train_tcga_test,Pan-cancer SEER only,LUAD,fold3,seer_01pct,0.04076861443861823,-0.08734624972654864,70938,102,37,70938.0
seer_pan_train_tcga_test,Pan-cancer SEER only,LUAD,fold4,seer_01pct,0.06602440561908374,-0.2436256239785894,70938,102,37,70938.0
seer_pan_train_tcga_test,Pan-cancer SEER only,LUAD,fold5,seer_01pct,0.05077757275308338,-0.06820778426219065,70938,101,36,70938.0
seer_pan_train_tcga_test,Pan-cancer SEER only,LUSC,fold1,seer_01pct,0.060120558292596986,-0.07758425872218527,70938,100,43,70938.0
seer_pan_train_tcga_test,Pan-cancer SEER only,LUSC,fold2,seer_01pct,0.04965243553170161,-0.07337115152142469,70938,100,43,70938.0
seer_pan_train_tcga_test,Pan-cancer SEER only,LUSC,fold3,seer_01pct,0.05505320705748977,-0.06867649179242984,70938,99,43,70938.0
seer_pan_train_tcga_test,Pan-cancer SEER only,LUSC,fold4,seer_01pct,0.06384606482854599,-0.11671411758856515,70938,99,43,70938.0
seer_pan_train_tcga_test,Pan-cancer SEER only,LUSC,fold5,seer_01pct,0.08657364129173392,-0.2728946810637467,70938,99,43,70938.0
seer_pan_train_tcga_test,Pan-cancer SEER only,MESO,fold1,seer_01pct,0.06017109528411301,-0.020708950404601488,70938,17,15,70938.0
seer_pan_train_tcga_test,Pan-cancer SEER only,MESO,fold2,seer_01pct,0.09230707340868283,-0.16755443103901274,70938,17,15,70938.0
seer_pan_train_tcga_test,Pan-cancer SEER only,MESO,fold3,seer_01pct,0.06743519047253724,-0.049022141107338255,70938,17,15,70938.0
seer_pan_train_tcga_test,Pan-cancer SEER only,MESO,fold4,seer_01pct,0.07738410776055565,-0.044619795477324184,70938,17,14,70938.0
seer_pan_train_tcga_test,Pan-cancer SEER only,MESO,fold5,seer_01pct,0.07084070946417317,-0.08577318216009722,70938,17,14,70938.0
seer_pan_train_tcga_test,Pan-cancer SEER only,OV,fold1,seer_01pct,0.08120602964708076,-0.07384001366321827,70938,117,70,70938.0
seer_pan_train_tcga_test,Pan-cancer SEER only,OV,fold2,seer_01pct,0.0731435745222413,-0.061281351949580426,70938,117,70,70938.0
seer_pan_train_tcga_test,Pan-cancer SEER only,OV,fold3,seer_01pct,0.07234019248244768,-0.042702328212001484,70938,116,70,70938.0
seer_pan_train_tcga_test,Pan-cancer SEER only,OV,fold4,seer_01pct,0.06878043211846034,-0.06190304119256308,70938,116,69,70938.0
seer_pan_train_tcga_test,Pan-cancer SEER only,OV,fold5,seer_01pct,0.08839896792389869,-0.1386390776172029,70938,116,69,70938.0
seer_pan_train_tcga_test,Pan-cancer SEER only,PAAD,fold1,seer_01pct,0.029892243443032845,-0.12305689902623768,70938,37,20,70938.0
seer_pan_train_tcga_test,Pan-cancer SEER only,PAAD,fold2,seer_01pct,0.05305671312246106,-0.3954217206615187,70938,37,20,70938.0
seer_pan_train_tcga_test,Pan-cancer SEER only,PAAD,fold3,seer_01pct,0.03226543494875863,-0.06628446754845668,70938,37,20,70938.0
seer_pan_train_tcga_test,Pan-cancer SEER only,PAAD,fold4,seer_01pct,0.03431394459290901,-0.1019783378896266,70938,37,20,70938.0
seer_pan_train_tcga_test,Pan-cancer SEER only,PAAD,fold5,seer_01pct,0.02903155525263794,-0.12642828287664648,70938,36,20,70938.0
seer_pan_train_tcga_test,Pan-cancer SEER only,PCPG,fold1,seer_01pct,0.02324192130835176,-0.03561406711645373,70938,90,3,70938.0
seer_pan_train_tcga_test,Pan-cancer SEER only,PCPG,fold2,seer_01pct,0.029468622458591175,0.019504491164751073,70938,89,3,70938.0
seer_pan_train_tcga_test,Pan-cancer SEER only,PRAD,fold1,seer_01pct,0.010725633352372876,-0.0328082189729345,70938,250,5,70938.0
seer_pan_train_tcga_test,Pan-cancer SEER only,PRAD,fold2,seer_01pct,0.008757286383750564,-0.01932729140482032,70938,250,5,70938.0
seer_pan_train_tcga_test,Pan-cancer SEER only,READ,fold1,seer_01pct,0.018916175209078522,-0.1195518151166718,70938,33,5,70938.0
seer_pan_train_tcga_test,Pan-cancer SEER only,READ,fold2,seer_01pct,0.021087062330319598,-0.16460100765122695,70938,33,5,70938.0
seer_pan_train_tcga_test,Pan-cancer SEER only,READ,fold3,seer_01pct,0.01858032477384099,-0.09409737813239182,70938,33,5,70938.0
seer_pan_train_tcga_test,Pan-cancer SEER only,READ,fold4,seer_01pct,0.02278747785477386,-0.10358280704678258,70938,33,6,70938.0
seer_pan_train_tcga_test,Pan-cancer SEER only,READ,fold5,seer_01pct,0.03073105244346213,-0.1260727207086673,70938,32,5,70938.0
seer_pan_train_tcga_test,Pan-cancer SEER only,SARC,fold1,seer_01pct,0.0936575072196757,-0.0879538721436072,70938,53,20,70938.0
seer_pan_train_tcga_test,Pan-cancer SEER only,SARC,fold2,seer_01pct,0.07182412204010069,-0.1087234705105852,70938,52,19,70938.0
seer_pan_train_tcga_test,Pan-cancer SEER only,SARC,fold3,seer_01pct,0.10363139801012296,-0.1031579067511872,70938,52,20,70938.0
seer_pan_train_tcga_test,Pan-cancer SEER only,SARC,fold4,seer_01pct,0.09253980487015419,-0.11795667564807345,70938,52,20,70938.0
seer_pan_train_tcga_test,Pan-cancer SEER only,SARC,fold5,seer_01pct,0.10297479367236867,-0.1272845277650618,70938,52,20,70938.0
seer_pan_train_tcga_test,Pan-cancer SEER only,SKCM,fold1,seer_01pct,0.1652837796656514,-0.031224091820022642,70938,91,43,70938.0
seer_pan_train_tcga_test,Pan-cancer SEER only,SKCM,fold2,seer_01pct,0.15460936222320518,0.03929090052998313,70938,91,43,70938.0
seer_pan_train_tcga_test,Pan-cancer SEER only,SKCM,fold3,seer_01pct,0.16660031574083944,-0.01202938835377021,70938,91,43,70938.0
seer_pan_train_tcga_test,Pan-cancer SEER only,SKCM,fold4,seer_01pct,0.20489969429734115,-0.0063348623474834,70938,91,43,70938.0
seer_pan_train_tcga_test,Pan-cancer SEER only,SKCM,fold5,seer_01pct,0.12091497515011848,0.03587171050390457,70938,90,42,70938.0
seer_pan_train_tcga_test,Pan-cancer SEER only,STAD,fold1,seer_01pct,0.04137383175523727,-0.13251921754816973,70938,84,34,70938.0
seer_pan_train_tcga_test,Pan-cancer SEER only,STAD,fold2,seer_01pct,0.044780640532763344,-0.17327916884409245,70938,84,34,70938.0
seer_pan_train_tcga_test,Pan-cancer SEER only,STAD,fold3,seer_01pct,0.038771645989913464,-0.14834247206352158,70938,83,33,70938.0
seer_pan_train_tcga_test,Pan-cancer SEER only,STAD,fold4,seer_01pct,0.0407331251152351,-0.14917844579450895,70938,83,33,70938.0
seer_pan_train_tcga_test,Pan-cancer SEER only,STAD,fold5,seer_01pct,0.04065596491203149,-0.1622909301945705,70938,83,34,70938.0
seer_pan_train_tcga_test,Pan-cancer SEER only,TGCT,fold1,seer_01pct,0.015303521924847468,0.001663982495730517,70938,67,2,70938.0
seer_pan_train_tcga_test,Pan-cancer SEER only,TGCT,fold2,seer_01pct,0.020894767016295702,0.007255227587178751,70938,67,2,70938.0
seer_pan_train_tcga_test,Pan-cancer SEER only,THCA,fold1,seer_01pct,0.010984960518016881,-0.043724837800645254,70938,169,5,70938.0
seer_pan_train_tcga_test,Pan-cancer SEER only,THCA,fold2,seer_01pct,0.009215719932416698,-0.021323862756066375,70938,169,6,70938.0
seer_pan_train_tcga_test,Pan-cancer SEER only,THCA,fold3,seer_01pct,0.008308506609520039,-0.032604617354556956,70938,168,5,70938.0
seer_pan_train_tcga_test,Pan-cancer SEER only,THYM,fold1,seer_01pct,0.02776135415558663,-0.03560387398105877,70938,62,5,70938.0
seer_pan_train_tcga_test,Pan-cancer SEER only,THYM,fold2,seer_01pct,0.04091448014033527,-0.04704097771165929,70938,61,4,70938.0
seer_pan_train_tcga_test,Pan-cancer SEER only,UCEC,fold1,seer_01pct,0.034706582050452274,-0.11129305748793658,70938,110,19,70938.0
seer_pan_train_tcga_test,Pan-cancer SEER only,UCEC,fold2,seer_01pct,0.030854889665546375,-0.0526952959905882,70938,109,18,70938.0
seer_pan_train_tcga_test,Pan-cancer SEER only,UCEC,fold3,seer_01pct,0.06596038133423403,-0.1891050812122912,70938,109,18,70938.0
seer_pan_train_tcga_test,Pan-cancer SEER only,UCEC,fold4,seer_01pct,0.03288395241121002,-0.14257683210549693,70938,109,18,70938.0
seer_pan_train_tcga_test,Pan-cancer SEER only,UCEC,fold5,seer_01pct,0.04088166654247313,-0.08399022254813843,70938,109,18,70938.0
seer_pan_train_tcga_test,Pan-cancer SEER only,UCS,fold1,seer_01pct,0.05792970667224131,-0.1739713686159432,70938,12,7,70938.0
seer_pan_train_tcga_test,Pan-cancer SEER only,UCS,fold2,seer_01pct,0.09425694101822879,-0.008216068176347291,70938,11,7,70938.0
seer_pan_train_tcga_test,Pan-cancer SEER only,UCS,fold3,seer_01pct,0.1500226317691986,-0.09692053052777774,70938,11,7,70938.0
seer_pan_train_tcga_test,Pan-cancer SEER only,UCS,fold4,seer_01pct,0.08346643294260495,-0.20524695357266318,70938,11,7,70938.0
seer_pan_train_tcga_test,Pan-cancer SEER only,UCS,fold5,seer_01pct,0.08905801677260715,-0.10668741864576638,70938,11,7,70938.0
seer_pan_train_tcga_test,Pan-cancer SEER only,UVM,fold1,seer_01pct,0.0590057931448707,-0.0704084082241184,70938,20,6,70938.0
seer_pan_train_tcga_test,Pan-cancer SEER only,UVM,fold2,seer_01pct,0.0776342155616368,-0.05868947296295182,70938,20,6,70938.0
seer_pan_train_tcga_test,Pan-cancer SEER only,UVM,fold3,seer_01pct,0.04941827770754571,-0.14063048295428782,70938,20,6,70938.0
seer_pan_train_tcga_test,Pan-cancer SEER only,UVM,fold4,seer_01pct,0.052827961354450795,-0.1711117188662548,70938,20,5,70938.0
seer_pan_train_tcga_test,Pan-cancer SEER only,ACC,fold1,seer_05pct,0.0614413562596843,-0.02815659828756329,354693,19,7,354693.0
seer_pan_train_tcga_test,Pan-cancer SEER only,ACC,fold2,seer_05pct,0.1313100536897191,-0.09112222910445986,354693,18,7,354693.0
seer_pan_train_tcga_test,Pan-cancer SEER only,ACC,fold3,seer_05pct,0.08263843801968251,-0.07367234159329716,354693,18,7,354693.0
seer_pan_train_tcga_test,Pan-cancer SEER only,ACC,fold4,seer_05pct,0.11216003954728362,0.022404229243445456,354693,18,6,354693.0
seer_pan_train_tcga_test,Pan-cancer SEER only,ACC,fold5,seer_05pct,0.07503056406989109,-0.017840731989263794,354693,18,6,354693.0
seer_pan_train_tcga_test,Pan-cancer SEER only,BLCA,fold1,seer_05pct,0.0559287283161788,-0.13977281553292903,354693,82,36,354693.0
seer_pan_train_tcga_test,Pan-cancer SEER only,BLCA,fold2,seer_05pct,0.06995490902210792,-0.06208482765901453,354693,82,36,354693.0
seer_pan_train_tcga_test,Pan-cancer SEER only,BLCA,fold3,seer_05pct,0.06449112472745508,-0.08831739719296147,354693,82,36,354693.0
seer_pan_train_tcga_test,Pan-cancer SEER only,BLCA,fold4,seer_05pct,0.06572636557734192,-0.12492165225306483,354693,82,36,354693.0
seer_pan_train_tcga_test,Pan-cancer SEER only,BLCA,fold5,seer_05pct,0.0734707594262117,-0.19382007690028888,354693,82,36,354693.0
seer_pan_train_tcga_test,Pan-cancer SEER only,BRCA,fold1,seer_05pct,0.05451187410075477,-0.1028684016087862,354693,217,30,354693.0
seer_pan_train_tcga_test,Pan-cancer SEER only,BRCA,fold2,seer_05pct,0.05369965500124595,-0.05977750481760383,354693,217,30,354693.0
seer_pan_train_tcga_test,Pan-cancer SEER only,BRCA,fold3,seer_05pct,0.05048498922579731,-0.06821886658478757,354693,217,31,354693.0
seer_pan_train_tcga_test,Pan-cancer SEER only,BRCA,fold4,seer_05pct,0.05318515602102883,-0.1916495861138627,354693,216,30,354693.0
seer_pan_train_tcga_test,Pan-cancer SEER only,BRCA,fold5,seer_05pct,0.04853366506287423,-0.102170851139267,354693,216,30,354693.0
seer_pan_train_tcga_test,Pan-cancer SEER only,CESC,fold1,seer_05pct,0.08477120018199794,-0.06596297661788927,354693,59,14,354693.0
seer_pan_train_tcga_test,Pan-cancer SEER only,CESC,fold2,seer_05pct,0.12182024584322425,-0.06281935705524293,354693,59,14,354693.0
seer_pan_train_tcga_test,Pan-cancer SEER only,CESC,fold3,seer_05pct,0.06666857234100126,-0.0384262928469912,354693,59,14,354693.0
seer_pan_train_tcga_test,Pan-cancer SEER only,CESC,fold4,seer_05pct,0.08280038236836286,-0.22166307351227038,354693,59,15,354693.0
seer_pan_train_tcga_test,Pan-cancer SEER only,CESC,fold5,seer_05pct,0.08258644539503322,-0.21412595113576138,354693,58,14,354693.0
seer_pan_train_tcga_test,Pan-cancer SEER only,CHOL,fold1,seer_05pct,0.05267420492033599,-0.16955835972469568,354693,12,6,354693.0
seer_pan_train_tcga_test,Pan-cancer SEER only,CHOL,fold2,seer_05pct,0.056431660044204905,-0.2718702644187296,354693,11,6,354693.0
seer_pan_train_tcga_test,Pan-cancer SEER only,CHOL,fold3,seer_05pct,0.06029449815167562,-0.17068566616334707,354693,11,5,354693.0
seer_pan_train_tcga_test,Pan-cancer SEER only,CHOL,fold4,seer_05pct,0.0699168777813193,-0.338301348722332,354693,11,5,354693.0
seer_pan_train_tcga_test,Pan-cancer SEER only,COAD,fold1,seer_05pct,0.03443165101894012,-0.1768433364405546,354693,89,20,354693.0
seer_pan_train_tcga_test,Pan-cancer SEER only,COAD,fold2,seer_05pct,0.03868238334418106,-0.16167307322038182,354693,89,20,354693.0
seer_pan_train_tcga_test,Pan-cancer SEER only,COAD,fold3,seer_05pct,0.04247815801394931,-0.15741349556327586,354693,88,19,354693.0
seer_pan_train_tcga_test,Pan-cancer SEER only,COAD,fold4,seer_05pct,0.0348054509880322,-0.23483542287449052,354693,88,19,354693.0
seer_pan_train_tcga_test,Pan-cancer SEER only,COAD,fold5,seer_05pct,0.03123732390058534,-0.07705295888953598,354693,88,20,354693.0
seer_pan_train_tcga_test,Pan-cancer SEER only,DLBC,fold1,seer_05pct,0.07139713947233546,-0.098635961831622,354693,24,5,354693.0
seer_pan_train_tcga_test,Pan-cancer SEER only,DLBC,fold2,seer_05pct,0.09561905109904284,-0.11350848957821591,354693,23,4,354693.0
seer_pan_train_tcga_test,Pan-cancer SEER only,ESCA,fold1,seer_05pct,0.05053333149140038,-0.1954962221299873,354693,37,16,354693.0
seer_pan_train_tcga_test,Pan-cancer SEER only,ESCA,fold2,seer_05pct,0.05762184865931598,-0.07437562502919128,354693,37,16,354693.0
seer_pan_train_tcga_test,Pan-cancer SEER only,ESCA,fold3,seer_05pct,0.04248623582859813,-0.09220275508438151,354693,37,15,354693.0
seer_pan_train_tcga_test,Pan-cancer SEER only,ESCA,fold4,seer_05pct,0.06873291909986168,-0.08748608867795005,354693,37,15,354693.0
seer_pan_train_tcga_test,Pan-cancer SEER only,ESCA,fold5,seer_05pct,0.060798499391394104,-0.12820153220724662,354693,37,15,354693.0
seer_pan_train_tcga_test,Pan-cancer SEER only,GBM,fold1,seer_05pct,0.12271164720267702,0.06442667046059895,354693,119,99,354693.0
seer_pan_train_tcga_test,Pan-cancer SEER only,GBM,fold2,seer_05pct,0.1354844474233666,0.052980262184855284,354693,119,98,354693.0
seer_pan_train_tcga_test,Pan-cancer SEER only,GBM,fold3,seer_05pct,0.12946105745148537,0.05301745882660361,354693,119,98,354693.0
seer_pan_train_tcga_test,Pan-cancer SEER only,GBM,fold4,seer_05pct,0.1091091017874429,0.044211895690070946,354693,119,98,354693.0
seer_pan_train_tcga_test,Pan-cancer SEER only,GBM,fold5,seer_05pct,0.12649760534994967,0.03765035246417163,354693,119,98,354693.0
seer_pan_train_tcga_test,Pan-cancer SEER only,HNSC,fold1,seer_05pct,0.07027712838293058,-0.14425413354693972,354693,106,45,354693.0
seer_pan_train_tcga_test,Pan-cancer SEER only,HNSC,fold2,seer_05pct,0.06925583851074202,-0.062092903087271945,354693,106,45,354693.0
seer_pan_train_tcga_test,Pan-cancer SEER only,HNSC,fold3,seer_05pct,0.07862540905663257,-0.08010767748937334,354693,105,44,354693.0
seer_pan_train_tcga_test,Pan-cancer SEER only,HNSC,fold4,seer_05pct,0.08264051113389947,-0.10602785303384607,354693,105,44,354693.0
seer_pan_train_tcga_test,Pan-cancer SEER only,HNSC,fold5,seer_05pct,0.08639376350385612,-0.1038965539143424,354693,105,45,354693.0
seer_pan_train_tcga_test,Pan-cancer SEER only,KICH,fold1,seer_05pct,0.0319709949169743,-0.04125245452348519,354693,56,6,354693.0
seer_pan_train_tcga_test,Pan-cancer SEER only,KICH,fold2,seer_05pct,0.03367981416768263,-0.07750820804466593,354693,56,6,354693.0
seer_pan_train_tcga_test,Pan-cancer SEER only,KIRC,fold1,seer_05pct,0.06754708364747279,-0.06995598644191918,354693,107,35,354693.0
seer_pan_train_tcga_test,Pan-cancer SEER only,KIRC,fold2,seer_05pct,0.07071806913100777,-0.05016761252884694,354693,107,35,354693.0
seer_pan_train_tcga_test,Pan-cancer SEER only,KIRC,fold3,seer_05pct,0.06747351877713922,-0.10918928139356068,354693,107,35,354693.0
seer_pan_train_tcga_test,Pan-cancer SEER only,KIRC,fold4,seer_05pct,0.06526210000976032,-0.02841017845744198,354693,107,36,354693.0
seer_pan_train_tcga_test,Pan-cancer SEER only,KIRC,fold5,seer_05pct,0.057235745950329014,-0.05618140246666643,354693,107,36,354693.0
seer_pan_train_tcga_test,Pan-cancer SEER only,KIRP,fold1,seer_05pct,0.04962430025489966,-0.15808660464203325,354693,58,9,354693.0
seer_pan_train_tcga_test,Pan-cancer SEER only,KIRP,fold2,seer_05pct,0.03721196629439299,-0.1578189170626822,354693,58,9,354693.0
seer_pan_train_tcga_test,Pan-cancer SEER only,KIRP,fold3,seer_05pct,0.033187865700577204,-0.08983739586070191,354693,58,9,354693.0
seer_pan_train_tcga_test,Pan-cancer SEER only,KIRP,fold4,seer_05pct,0.03493756885655146,-0.11626674895939994,354693,57,8,354693.0
seer_pan_train_tcga_test,Pan-cancer SEER only,KIRP,fold5,seer_05pct,0.02850944514648692,-0.10680394727156958,354693,57,9,354693.0
seer_pan_train_tcga_test,Pan-cancer SEER only,LAML,fold1,seer_05pct,0.1505466058596079,-0.08802742133203434,354693,35,22,354693.0
seer_pan_train_tcga_test,Pan-cancer SEER only,LAML,fold2,seer_05pct,0.16456211864489473,-0.023562143228102822,354693,35,22,354693.0
seer_pan_train_tcga_test,Pan-cancer SEER only,LAML,fold3,seer_05pct,0.13721239949688643,-0.07973792069615704,354693,35,22,354693.0
seer_pan_train_tcga_test,Pan-cancer SEER only,LAML,fold4,seer_05pct,0.15971388516291668,0.01152838339955653,354693,34,21,354693.0
seer_pan_train_tcga_test,Pan-cancer SEER only,LAML,fold5,seer_05pct,0.11357199306538462,-0.14305706946310076,354693,34,21,354693.0
seer_pan_train_tcga_test,Pan-cancer SEER only,LGG,fold1,seer_05pct,0.07152321247038408,-0.09357519048010836,354693,103,25,354693.0
seer_pan_train_tcga_test,Pan-cancer SEER only,LGG,fold2,seer_05pct,0.06013597168696338,-0.11430268754408163,354693,102,25,354693.0
seer_pan_train_tcga_test,Pan-cancer SEER only,LGG,fold3,seer_05pct,0.0653913002413698,-0.19529948951115006,354693,102,25,354693.0
seer_pan_train_tcga_test,Pan-cancer SEER only,LGG,fold4,seer_05pct,0.06005992957718195,-0.10918985557959646,354693,102,25,354693.0
seer_pan_train_tcga_test,Pan-cancer SEER only,LGG,fold5,seer_05pct,0.057988824518063226,-0.04297130076085,354693,102,25,354693.0
seer_pan_train_tcga_test,Pan-cancer SEER only,LIHC,fold1,seer_05pct,0.04314063201117041,-0.09824980674621664,354693,75,27,354693.0
seer_pan_train_tcga_test,Pan-cancer SEER only,LIHC,fold2,seer_05pct,0.05209738842549301,-0.1776192855300247,354693,74,27,354693.0
seer_pan_train_tcga_test,Pan-cancer SEER only,LIHC,fold3,seer_05pct,0.04289452510087979,-0.21083929887031091,354693,74,26,354693.0
seer_pan_train_tcga_test,Pan-cancer SEER only,LIHC,fold4,seer_05pct,0.046119181885472885,-0.14736363274741465,354693,74,26,354693.0
seer_pan_train_tcga_test,Pan-cancer SEER only,LIHC,fold5,seer_05pct,0.04526137241810929,-0.12077682149390284,354693,74,26,354693.0
seer_pan_train_tcga_test,Pan-cancer SEER only,LUAD,fold1,seer_05pct,0.05755629763924202,-0.12405822340742362,354693,102,36,354693.0
seer_pan_train_tcga_test,Pan-cancer SEER only,LUAD,fold2,seer_05pct,0.048486373238187455,-0.09880748494154941,354693,102,37,354693.0
seer_pan_train_tcga_test,Pan-cancer SEER only,LUAD,fold3,seer_05pct,0.04208267147690619,-0.08603219268826068,354693,102,37,354693.0
seer_pan_train_tcga_test,Pan-cancer SEER only,LUAD,fold4,seer_05pct,0.06180184337756965,-0.24784818622010346,354693,102,37,354693.0
seer_pan_train_tcga_test,Pan-cancer SEER only,LUAD,fold5,seer_05pct,0.047175853775645135,-0.0718095032396289,354693,101,36,354693.0
seer_pan_train_tcga_test,Pan-cancer SEER only,LUSC,fold1,seer_05pct,0.061117684816928516,-0.07658713219785375,354693,100,43,354693.0
seer_pan_train_tcga_test,Pan-cancer SEER only,LUSC,fold2,seer_05pct,0.04926353632831713,-0.07376005072480918,354693,100,43,354693.0
seer_pan_train_tcga_test,Pan-cancer SEER only,LUSC,fold3,seer_05pct,0.05528981535369997,-0.06843988349621963,354693,99,43,354693.0
seer_pan_train_tcga_test,Pan-cancer SEER only,LUSC,fold4,seer_05pct,0.06508630437215579,-0.11547387804495535,354693,99,43,354693.0
seer_pan_train_tcga_test,Pan-cancer SEER only,LUSC,fold5,seer_05pct,0.088331477308994,-0.27113684504648666,354693,99,43,354693.0
seer_pan_train_tcga_test,Pan-cancer SEER only,MESO,fold1,seer_05pct,0.1034872123744695,0.022607166685755006,354693,17,15,354693.0
seer_pan_train_tcga_test,Pan-cancer SEER only,MESO,fold2,seer_05pct,0.1563154380876817,-0.10354606636001387,354693,17,15,354693.0
seer_pan_train_tcga_test,Pan-cancer SEER only,MESO,fold3,seer_05pct,0.11978786165820364,0.0033305300783281477,354693,17,15,354693.0
seer_pan_train_tcga_test,Pan-cancer SEER only,MESO,fold4,seer_05pct,0.13976339536124618,0.017759492123366347,354693,17,14,354693.0
seer_pan_train_tcga_test,Pan-cancer SEER only,MESO,fold5,seer_05pct,0.11679736674507106,-0.03981652487919933,354693,17,14,354693.0
seer_pan_train_tcga_test,Pan-cancer SEER only,OV,fold1,seer_05pct,0.08001110087630062,-0.07503494243399841,354693,117,70,354693.0
seer_pan_train_tcga_test,Pan-cancer SEER only,OV,fold2,seer_05pct,0.07595968860593959,-0.05846523786588213,354693,117,70,354693.0
seer_pan_train_tcga_test,Pan-cancer SEER only,OV,fold3,seer_05pct,0.07345063764746412,-0.04159188304698504,354693,116,70,354693.0
seer_pan_train_tcga_test,Pan-cancer SEER only,OV,fold4,seer_05pct,0.07064424845225083,-0.0600392248587726,354693,116,69,354693.0
seer_pan_train_tcga_test,Pan-cancer SEER only,OV,fold5,seer_05pct,0.08949776061079683,-0.13754028493030473,354693,116,69,354693.0
seer_pan_train_tcga_test,Pan-cancer SEER only,PAAD,fold1,seer_05pct,0.029570718470700284,-0.12337842399857024,354693,37,20,354693.0
seer_pan_train_tcga_test,Pan-cancer SEER only,PAAD,fold2,seer_05pct,0.049749438366778545,-0.39872899541720125,354693,37,20,354693.0
seer_pan_train_tcga_test,Pan-cancer SEER only,PAAD,fold3,seer_05pct,0.03273731904854826,-0.06581258344866704,354693,37,20,354693.0
seer_pan_train_tcga_test,Pan-cancer SEER only,PAAD,fold4,seer_05pct,0.035055977930038756,-0.10123630455249685,354693,37,20,354693.0
seer_pan_train_tcga_test,Pan-cancer SEER only,PAAD,fold5,seer_05pct,0.02873115966306816,-0.12672867846621627,354693,36,20,354693.0
seer_pan_train_tcga_test,Pan-cancer SEER only,PCPG,fold1,seer_05pct,0.022764933640332618,-0.03609105478447287,354693,90,3,354693.0
seer_pan_train_tcga_test,Pan-cancer SEER only,PCPG,fold2,seer_05pct,0.029494324695663682,0.01953019340182358,354693,89,3,354693.0
seer_pan_train_tcga_test,Pan-cancer SEER only,PRAD,fold1,seer_05pct,0.010373734392513429,-0.03316011793279395,354693,250,5,354693.0
seer_pan_train_tcga_test,Pan-cancer SEER only,PRAD,fold2,seer_05pct,0.008273818182265694,-0.019810759606305187,354693,250,5,354693.0
seer_pan_train_tcga_test,Pan-cancer SEER only,READ,fold1,seer_05pct,0.021129438263315783,-0.11733855206243454,354693,33,5,354693.0
seer_pan_train_tcga_test,Pan-cancer SEER only,READ,fold2,seer_05pct,0.024789802097439497,-0.16089826788410705,354693,33,5,354693.0
seer_pan_train_tcga_test,Pan-cancer SEER only,READ,fold3,seer_05pct,0.018000387565216183,-0.09467731534101662,354693,33,5,354693.0
seer_pan_train_tcga_test,Pan-cancer SEER only,READ,fold4,seer_05pct,0.022210790006377178,-0.10415949489517926,354693,33,6,354693.0
seer_pan_train_tcga_test,Pan-cancer SEER only,READ,fold5,seer_05pct,0.029776009083614628,-0.1270277640685148,354693,32,5,354693.0
seer_pan_train_tcga_test,Pan-cancer SEER only,SARC,fold1,seer_05pct,0.0896616147326972,-0.0919497646305857,354693,53,20,354693.0
seer_pan_train_tcga_test,Pan-cancer SEER only,SARC,fold2,seer_05pct,0.06818261189124004,-0.11236498065944585,354693,52,19,354693.0
seer_pan_train_tcga_test,Pan-cancer SEER only,SARC,fold3,seer_05pct,0.08906599506466954,-0.11772330969664062,354693,52,20,354693.0
seer_pan_train_tcga_test,Pan-cancer SEER only,SARC,fold4,seer_05pct,0.09346324452045411,-0.11703323599777353,354693,52,20,354693.0
seer_pan_train_tcga_test,Pan-cancer SEER only,SARC,fold5,seer_05pct,0.09873232180636135,-0.13152699963106912,354693,52,20,354693.0
seer_pan_train_tcga_test,Pan-cancer SEER only,SKCM,fold1,seer_05pct,0.1722897903536944,-0.024218081131979624,354693,91,43,354693.0
seer_pan_train_tcga_test,Pan-cancer SEER only,SKCM,fold2,seer_05pct,0.16073031345801364,0.045411851764791594,354693,91,43,354693.0
seer_pan_train_tcga_test,Pan-cancer SEER only,SKCM,fold3,seer_05pct,0.15995619243596962,-0.018673511658640035,354693,91,43,354693.0
seer_pan_train_tcga_test,Pan-cancer SEER only,SKCM,fold4,seer_05pct,0.20993729293086766,-0.0012972637139568866,354693,91,43,354693.0
seer_pan_train_tcga_test,Pan-cancer SEER only,SKCM,fold5,seer_05pct,0.12279304793951505,0.03774978329330114,354693,90,42,354693.0
seer_pan_train_tcga_test,Pan-cancer SEER only,STAD,fold1,seer_05pct,0.0450057696279881,-0.12888727967541888,354693,84,34,354693.0
seer_pan_train_tcga_test,Pan-cancer SEER only,STAD,fold2,seer_05pct,0.04963153196466948,-0.1684282774121863,354693,84,34,354693.0
seer_pan_train_tcga_test,Pan-cancer SEER only,STAD,fold3,seer_05pct,0.04104085007781298,-0.14607326797562203,354693,83,33,354693.0
seer_pan_train_tcga_test,Pan-cancer SEER only,STAD,fold4,seer_05pct,0.04247292036783873,-0.14743865054190533,354693,83,33,354693.0
seer_pan_train_tcga_test,Pan-cancer SEER only,STAD,fold5,seer_05pct,0.042992494748861236,-0.15995440035774075,354693,83,34,354693.0
seer_pan_train_tcga_test,Pan-cancer SEER only,TGCT,fold1,seer_05pct,0.018107903592528302,0.004468364163411351,354693,67,2,354693.0
seer_pan_train_tcga_test,Pan-cancer SEER only,TGCT,fold2,seer_05pct,0.02362900104740567,0.009989461618288719,354693,67,2,354693.0
seer_pan_train_tcga_test,Pan-cancer SEER only,THCA,fold1,seer_05pct,0.011502264242771535,-0.0432075340758906,354693,169,5,354693.0
seer_pan_train_tcga_test,Pan-cancer SEER only,THCA,fold2,seer_05pct,0.008665072711306473,-0.021874509977176597,354693,169,6,354693.0
seer_pan_train_tcga_test,Pan-cancer SEER only,THCA,fold3,seer_05pct,0.008121814683410234,-0.03279130928066676,354693,168,5,354693.0
seer_pan_train_tcga_test,Pan-cancer SEER only,THYM,fold1,seer_05pct,0.024849121170889988,-0.038516106965755414,354693,62,5,354693.0
seer_pan_train_tcga_test,Pan-cancer SEER only,THYM,fold2,seer_05pct,0.028946462969954522,-0.05900899488204003,354693,61,4,354693.0
seer_pan_train_tcga_test,Pan-cancer SEER only,UCEC,fold1,seer_05pct,0.036430225596580226,-0.10956941394180862,354693,110,19,354693.0
seer_pan_train_tcga_test,Pan-cancer SEER only,UCEC,fold2,seer_05pct,0.033557563075672786,-0.04999262258046179,354693,109,18,354693.0
seer_pan_train_tcga_test,Pan-cancer SEER only,UCEC,fold3,seer_05pct,0.06829987314040492,-0.1867655894061203,354693,109,18,354693.0
seer_pan_train_tcga_test,Pan-cancer SEER only,UCEC,fold4,seer_05pct,0.03571561550560691,-0.1397451690111,354693,109,18,354693.0
seer_pan_train_tcga_test,Pan-cancer SEER only,UCEC,fold5,seer_05pct,0.04435138625612205,-0.08052050283448951,354693,109,18,354693.0
seer_pan_train_tcga_test,Pan-cancer SEER only,UCS,fold1,seer_05pct,0.0704056457279796,-0.1614954295602049,354693,12,7,354693.0
seer_pan_train_tcga_test,Pan-cancer SEER only,UCS,fold2,seer_05pct,0.0817856031313124,-0.020687406063263677,354693,11,7,354693.0
seer_pan_train_tcga_test,Pan-cancer SEER only,UCS,fold3,seer_05pct,0.15227306315972172,-0.09467009913725463,354693,11,7,354693.0
seer_pan_train_tcga_test,Pan-cancer SEER only,UCS,fold4,seer_05pct,0.08070912813594854,-0.20800425837931957,354693,11,7,354693.0
seer_pan_train_tcga_test,Pan-cancer SEER only,UCS,fold5,seer_05pct,0.09598661864154841,-0.09975881677682512,354693,11,7,354693.0
seer_pan_train_tcga_test,Pan-cancer SEER only,UVM,fold1,seer_05pct,0.047554209223121306,-0.08185999214586778,354693,20,6,354693.0
seer_pan_train_tcga_test,Pan-cancer SEER only,UVM,fold2,seer_05pct,0.04935187042652847,-0.08697181809806015,354693,20,6,354693.0
seer_pan_train_tcga_test,Pan-cancer SEER only,UVM,fold3,seer_05pct,0.03716561376586072,-0.15288314689597282,354693,20,6,354693.0
seer_pan_train_tcga_test,Pan-cancer SEER only,UVM,fold4,seer_05pct,0.03724115550614278,-0.18669852471456283,354693,20,5,354693.0
seer_pan_train_tcga_test,Pan-cancer SEER only,ACC,fold1,seer_10pct,0.06216000996097706,-0.02743794458627053,709384,19,7,709384.0
seer_pan_train_tcga_test,Pan-cancer SEER only,ACC,fold2,seer_10pct,0.12686549713955,-0.09556678565462895,709384,18,7,709384.0
seer_pan_train_tcga_test,Pan-cancer SEER only,ACC,fold3,seer_10pct,0.08907812606180417,-0.06723265355117551,709384,18,7,709384.0
seer_pan_train_tcga_test,Pan-cancer SEER only,ACC,fold4,seer_10pct,0.11681638472568344,0.02706057442184527,709384,18,6,709384.0
seer_pan_train_tcga_test,Pan-cancer SEER only,ACC,fold5,seer_10pct,0.08208080444915059,-0.010790491610004296,709384,18,6,709384.0
seer_pan_train_tcga_test,Pan-cancer SEER only,BLCA,fold1,seer_10pct,0.053801588872410135,-0.1418999549766977,709384,82,36,709384.0
seer_pan_train_tcga_test,Pan-cancer SEER only,BLCA,fold2,seer_10pct,0.06672639692704938,-0.06531333975407308,709384,82,36,709384.0
seer_pan_train_tcga_test,Pan-cancer SEER only,BLCA,fold3,seer_10pct,0.06245492780479606,-0.0903535941156205,709384,82,36,709384.0
seer_pan_train_tcga_test,Pan-cancer SEER only,BLCA,fold4,seer_10pct,0.06350178695084321,-0.12714623087956353,709384,82,36,709384.0
seer_pan_train_tcga_test,Pan-cancer SEER only,BLCA,fold5,seer_10pct,0.07278095926326725,-0.19450987706323333,709384,82,36,709384.0
seer_pan_train_tcga_test,Pan-cancer SEER only,BRCA,fold1,seer_10pct,0.05625731868501122,-0.10112295702452975,709384,217,30,709384.0
seer_pan_train_tcga_test,Pan-cancer SEER only,BRCA,fold2,seer_10pct,0.05353734363482993,-0.05993981618401984,709384,217,30,709384.0
seer_pan_train_tcga_test,Pan-cancer SEER only,BRCA,fold3,seer_10pct,0.05042779179208419,-0.0682760640185007,709384,217,31,709384.0
seer_pan_train_tcga_test,Pan-cancer SEER only,BRCA,fold4,seer_10pct,0.05279793220122611,-0.19203680993366543,709384,216,30,709384.0
seer_pan_train_tcga_test,Pan-cancer SEER only,BRCA,fold5,seer_10pct,0.04861875670876801,-0.10208575949337323,709384,216,30,709384.0
seer_pan_train_tcga_test,Pan-cancer SEER only,CESC,fold1,seer_10pct,0.08835695500667297,-0.06237722179321424,709384,59,14,709384.0
seer_pan_train_tcga_test,Pan-cancer SEER only,CESC,fold2,seer_10pct,0.13006701219399025,-0.054572590704476925,709384,59,14,709384.0
seer_pan_train_tcga_test,Pan-cancer SEER only,CESC,fold3,seer_10pct,0.06985867669482582,-0.03523618849316665,709384,59,14,709384.0
seer_pan_train_tcga_test,Pan-cancer SEER only,CESC,fold4,seer_10pct,0.08917354153565958,-0.21528991434497363,709384,59,15,709384.0
seer_pan_train_tcga_test,Pan-cancer SEER only,CESC,fold5,seer_10pct,0.08538171077832239,-0.2113306857524722,709384,58,14,709384.0
seer_pan_train_tcga_test,Pan-cancer SEER only,CHOL,fold1,seer_10pct,0.05458275701802177,-0.16764980762700993,709384,12,6,709384.0
seer_pan_train_tcga_test,Pan-cancer SEER only,CHOL,fold2,seer_10pct,0.06435466715489188,-0.2639472573080426,709384,11,6,709384.0
seer_pan_train_tcga_test,Pan-cancer SEER only,CHOL,fold3,seer_10pct,0.06366350928231126,-0.16731665503271143,709384,11,5,709384.0
seer_pan_train_tcga_test,Pan-cancer SEER only,CHOL,fold4,seer_10pct,0.06321240113513776,-0.34500582536851354,709384,11,5,709384.0
seer_pan_train_tcga_test,Pan-cancer SEER only,COAD,fold1,seer_10pct,0.035060893824727726,-0.17621409363476698,709384,89,20,709384.0
seer_pan_train_tcga_test,Pan-cancer SEER only,COAD,fold2,seer_10pct,0.03790416668180656,-0.1624512898827563,709384,89,20,709384.0
seer_pan_train_tcga_test,Pan-cancer SEER only,COAD,fold3,seer_10pct,0.04205137037954276,-0.1578402831976824,709384,88,19,709384.0
seer_pan_train_tcga_test,Pan-cancer SEER only,COAD,fold4,seer_10pct,0.03626600201301412,-0.2333748718495086,709384,88,19,709384.0
seer_pan_train_tcga_test,Pan-cancer SEER only,COAD,fold5,seer_10pct,0.032699059877294316,-0.075591222912827,709384,88,20,709384.0
seer_pan_train_tcga_test,Pan-cancer SEER only,DLBC,fold1,seer_10pct,0.07798372201079626,-0.0920493792931612,709384,24,5,709384.0
seer_pan_train_tcga_test,Pan-cancer SEER only,DLBC,fold2,seer_10pct,0.09613094445035308,-0.11299659622690567,709384,23,4,709384.0
seer_pan_train_tcga_test,Pan-cancer SEER only,ESCA,fold1,seer_10pct,0.03956631285397222,-0.20646324076741546,709384,37,16,709384.0
seer_pan_train_tcga_test,Pan-cancer SEER only,ESCA,fold2,seer_10pct,0.04160188594909464,-0.09039558773941261,709384,37,16,709384.0
seer_pan_train_tcga_test,Pan-cancer SEER only,ESCA,fold3,seer_10pct,0.031652026593545275,-0.10303696431943438,709384,37,15,709384.0
seer_pan_train_tcga_test,Pan-cancer SEER only,ESCA,fold4,seer_10pct,0.049270993118742966,-0.10694801465906875,709384,37,15,709384.0
seer_pan_train_tcga_test,Pan-cancer SEER only,ESCA,fold5,seer_10pct,0.04804543119508206,-0.14095460040355867,709384,37,15,709384.0
seer_pan_train_tcga_test,Pan-cancer SEER only,GBM,fold1,seer_10pct,0.10586394459522178,0.04757896785314371,709384,119,99,709384.0
seer_pan_train_tcga_test,Pan-cancer SEER only,GBM,fold2,seer_10pct,0.11778891710707931,0.035284731868567995,709384,119,98,709384.0
seer_pan_train_tcga_test,Pan-cancer SEER only,GBM,fold3,seer_10pct,0.11230272889445503,0.03585913026957327,709384,119,98,709384.0
seer_pan_train_tcga_test,Pan-cancer SEER only,GBM,fold4,seer_10pct,0.09245519100193976,0.027557984904567803,709384,119,98,709384.0
seer_pan_train_tcga_test,Pan-cancer SEER only,GBM,fold5,seer_10pct,0.11092294172669245,0.022075688840914418,709384,119,98,709384.0
seer_pan_train_tcga_test,Pan-cancer SEER only,HNSC,fold1,seer_10pct,0.07177309014456418,-0.14275817178530611,709384,106,45,709384.0
seer_pan_train_tcga_test,Pan-cancer SEER only,HNSC,fold2,seer_10pct,0.07314851272055926,-0.0582002288774547,709384,106,45,709384.0
seer_pan_train_tcga_test,Pan-cancer SEER only,HNSC,fold3,seer_10pct,0.07614257554399519,-0.08259051100201072,709384,105,44,709384.0
seer_pan_train_tcga_test,Pan-cancer SEER only,HNSC,fold4,seer_10pct,0.08342777916936371,-0.10524058499838183,709384,105,44,709384.0
seer_pan_train_tcga_test,Pan-cancer SEER only,HNSC,fold5,seer_10pct,0.08723566742015733,-0.10305464999804119,709384,105,45,709384.0
seer_pan_train_tcga_test,Pan-cancer SEER only,KICH,fold1,seer_10pct,0.03354200892330495,-0.03968144051715453,709384,56,6,709384.0
seer_pan_train_tcga_test,Pan-cancer SEER only,KICH,fold2,seer_10pct,0.03710043120821579,-0.07408759100413279,709384,56,6,709384.0
seer_pan_train_tcga_test,Pan-cancer SEER only,KIRC,fold1,seer_10pct,0.06851874662947031,-0.06898432345992166,709384,107,35,709384.0
seer_pan_train_tcga_test,Pan-cancer SEER only,KIRC,fold2,seer_10pct,0.07068655761197482,-0.05019912404787989,709384,107,35,709384.0
seer_pan_train_tcga_test,Pan-cancer SEER only,KIRC,fold3,seer_10pct,0.06719392684162018,-0.10946887332907973,709384,107,35,709384.0
seer_pan_train_tcga_test,Pan-cancer SEER only,KIRC,fold4,seer_10pct,0.06562429633553098,-0.028047982131671326,709384,107,36,709384.0
seer_pan_train_tcga_test,Pan-cancer SEER only,KIRC,fold5,seer_10pct,0.056942224357350656,-0.05647492405964479,709384,107,36,709384.0
seer_pan_train_tcga_test,Pan-cancer SEER only,KIRP,fold1,seer_10pct,0.05073357032718452,-0.15697733456974838,709384,58,9,709384.0
seer_pan_train_tcga_test,Pan-cancer SEER only,KIRP,fold2,seer_10pct,0.040164280330372254,-0.15486660302670294,709384,58,9,709384.0
seer_pan_train_tcga_test,Pan-cancer SEER only,KIRP,fold3,seer_10pct,0.033557425305546514,-0.0894678362557326,709384,58,9,709384.0
seer_pan_train_tcga_test,Pan-cancer SEER only,KIRP,fold4,seer_10pct,0.03651050738683765,-0.11469381042911375,709384,57,8,709384.0
seer_pan_train_tcga_test,Pan-cancer SEER only,KIRP,fold5,seer_10pct,0.028986799365345515,-0.106326593052711,709384,57,9,709384.0
seer_pan_train_tcga_test,Pan-cancer SEER only,LAML,fold1,seer_10pct,0.13747655960831368,-0.10109746758332858,709384,35,22,709384.0
seer_pan_train_tcga_test,Pan-cancer SEER only,LAML,fold2,seer_10pct,0.14819999267251172,-0.039924269200485835,709384,35,22,709384.0
seer_pan_train_tcga_test,Pan-cancer SEER only,LAML,fold3,seer_10pct,0.12247418296350615,-0.09447613722953732,709384,35,22,709384.0
seer_pan_train_tcga_test,Pan-cancer SEER only,LAML,fold4,seer_10pct,0.14264076491082522,-0.005544736852534926,709384,34,21,709384.0
seer_pan_train_tcga_test,Pan-cancer SEER only,LAML,fold5,seer_10pct,0.09785199774214696,-0.1587770647863384,709384,34,21,709384.0
seer_pan_train_tcga_test,Pan-cancer SEER only,LGG,fold1,seer_10pct,0.07045192765930888,-0.09464647529118356,709384,103,25,709384.0
seer_pan_train_tcga_test,Pan-cancer SEER only,LGG,fold2,seer_10pct,0.057814691785898965,-0.11662396744514605,709384,102,25,709384.0
seer_pan_train_tcga_test,Pan-cancer SEER only,LGG,fold3,seer_10pct,0.065682378225018,-0.19500841152750187,709384,102,25,709384.0
seer_pan_train_tcga_test,Pan-cancer SEER only,LGG,fold4,seer_10pct,0.06050981857101998,-0.10873996658575844,709384,102,25,709384.0
seer_pan_train_tcga_test,Pan-cancer SEER only,LGG,fold5,seer_10pct,0.05440523271505821,-0.04655489256385501,709384,102,25,709384.0
seer_pan_train_tcga_test,Pan-cancer SEER only,LIHC,fold1,seer_10pct,0.03868887796898029,-0.10270156078840675,709384,75,27,709384.0
seer_pan_train_tcga_test,Pan-cancer SEER only,LIHC,fold2,seer_10pct,0.050721400063051675,-0.17899527389246606,709384,74,27,709384.0
seer_pan_train_tcga_test,Pan-cancer SEER only,LIHC,fold3,seer_10pct,0.04094187709892318,-0.21279194687226755,709384,74,26,709384.0
seer_pan_train_tcga_test,Pan-cancer SEER only,LIHC,fold4,seer_10pct,0.04363517687665679,-0.14984763775623072,709384,74,26,709384.0
seer_pan_train_tcga_test,Pan-cancer SEER only,LIHC,fold5,seer_10pct,0.04239446679548209,-0.12364372711653004,709384,74,26,709384.0
seer_pan_train_tcga_test,Pan-cancer SEER only,LUAD,fold1,seer_10pct,0.05563388580136841,-0.12598063524529723,709384,102,36,709384.0
seer_pan_train_tcga_test,Pan-cancer SEER only,LUAD,fold2,seer_10pct,0.04725116468094382,-0.10004269349879305,709384,102,37,709384.0
seer_pan_train_tcga_test,Pan-cancer SEER only,LUAD,fold3,seer_10pct,0.038788331700364,-0.08932653246480288,709384,102,37,709384.0
seer_pan_train_tcga_test,Pan-cancer SEER only,LUAD,fold4,seer_10pct,0.06024059467171677,-0.24940943492595635,709384,102,37,709384.0
seer_pan_train_tcga_test,Pan-cancer SEER only,LUAD,fold5,seer_10pct,0.045130291320670174,-0.07385506569460386,709384,101,36,709384.0
seer_pan_train_tcga_test,Pan-cancer SEER only,LUSC,fold1,seer_10pct,0.05651562515070772,-0.08118919186407456,709384,100,43,709384.0
seer_pan_train_tcga_test,Pan-cancer SEER only,LUSC,fold2,seer_10pct,0.046485023951847775,-0.07653856310127852,709384,100,43,709384.0
seer_pan_train_tcga_test,Pan-cancer SEER only,LUSC,fold3,seer_10pct,0.053420667964552304,-0.0703090308853673,709384,99,43,709384.0
seer_pan_train_tcga_test,Pan-cancer SEER only,LUSC,fold4,seer_10pct,0.062194991502572655,-0.11836519091453848,709384,99,43,709384.0
seer_pan_train_tcga_test,Pan-cancer SEER only,LUSC,fold5,seer_10pct,0.08330933282304008,-0.27615898953244056,709384,99,43,709384.0
seer_pan_train_tcga_test,Pan-cancer SEER only,MESO,fold1,seer_10pct,0.10730791888405172,0.026427873195337223,709384,17,15,709384.0
seer_pan_train_tcga_test,Pan-cancer SEER only,MESO,fold2,seer_10pct,0.1761710258062913,-0.08369047864140428,709384,17,15,709384.0
seer_pan_train_tcga_test,Pan-cancer SEER only,MESO,fold3,seer_10pct,0.12145885100664831,0.005001519426772821,709384,17,15,709384.0
seer_pan_train_tcga_test,Pan-cancer SEER only,MESO,fold4,seer_10pct,0.1480737864806703,0.026069883242790456,709384,17,14,709384.0
seer_pan_train_tcga_test,Pan-cancer SEER only,MESO,fold5,seer_10pct,0.12435798942262644,-0.032255902201643954,709384,17,14,709384.0
seer_pan_train_tcga_test,Pan-cancer SEER only,OV,fold1,seer_10pct,0.07773648565405361,-0.07730955765624542,709384,117,70,709384.0
seer_pan_train_tcga_test,Pan-cancer SEER only,OV,fold2,seer_10pct,0.07184803338983105,-0.06257689308199067,709384,117,70,709384.0
seer_pan_train_tcga_test,Pan-cancer SEER only,OV,fold3,seer_10pct,0.07030334438769575,-0.044739176306753406,709384,116,70,709384.0
seer_pan_train_tcga_test,Pan-cancer SEER only,OV,fold4,seer_10pct,0.06706411834893972,-0.06361935496208371,709384,116,69,709384.0
seer_pan_train_tcga_test,Pan-cancer SEER only,OV,fold5,seer_10pct,0.08761389317885805,-0.13942415236224354,709384,116,69,709384.0
seer_pan_train_tcga_test,Pan-cancer SEER only,PAAD,fold1,seer_10pct,0.032964818053647024,-0.1199843244156235,709384,37,20,709384.0
seer_pan_train_tcga_test,Pan-cancer SEER only,PAAD,fold2,seer_10pct,0.06141758777405282,-0.38706084600992696,709384,37,20,709384.0
seer_pan_train_tcga_test,Pan-cancer SEER only,PAAD,fold3,seer_10pct,0.037990677045103616,-0.06055922545211169,709384,37,20,709384.0
seer_pan_train_tcga_test,Pan-cancer SEER only,PAAD,fold4,seer_10pct,0.041577353549089924,-0.09471492893344569,709384,37,20,709384.0
seer_pan_train_tcga_test,Pan-cancer SEER only,PAAD,fold5,seer_10pct,0.030296630629769592,-0.12516320749951484,709384,36,20,709384.0
seer_pan_train_tcga_test,Pan-cancer SEER only,PCPG,fold1,seer_10pct,0.020785645543320807,-0.038070342881484684,709384,90,3,709384.0
seer_pan_train_tcga_test,Pan-cancer SEER only,PCPG,fold2,seer_10pct,0.026230714071291024,0.01626658277745092,709384,89,3,709384.0
seer_pan_train_tcga_test,Pan-cancer SEER only,PRAD,fold1,seer_10pct,0.010189961709395942,-0.033343890615911434,709384,250,5,709384.0
seer_pan_train_tcga_test,Pan-cancer SEER only,PRAD,fold2,seer_10pct,0.008792613103432875,-0.019291964685138007,709384,250,5,709384.0
seer_pan_train_tcga_test,Pan-cancer SEER only,READ,fold1,seer_10pct,0.019395608380655825,-0.11907238194509451,709384,33,5,709384.0
seer_pan_train_tcga_test,Pan-cancer SEER only,READ,fold2,seer_10pct,0.025967053581650402,-0.15972101639989614,709384,33,5,709384.0
seer_pan_train_tcga_test,Pan-cancer SEER only,READ,fold3,seer_10pct,0.01613107471778045,-0.09654662818845236,709384,33,5,709384.0
seer_pan_train_tcga_test,Pan-cancer SEER only,READ,fold4,seer_10pct,0.019862443458664784,-0.10650784144289166,709384,33,6,709384.0
seer_pan_train_tcga_test,Pan-cancer SEER only,READ,fold5,seer_10pct,0.028426548864428112,-0.12837722428770132,709384,32,5,709384.0
seer_pan_train_tcga_test,Pan-cancer SEER only,SARC,fold1,seer_10pct,0.09077055421665714,-0.09084082514662575,709384,53,20,709384.0
seer_pan_train_tcga_test,Pan-cancer SEER only,SARC,fold2,seer_10pct,0.06690098203492897,-0.11364661051575692,709384,52,19,709384.0
seer_pan_train_tcga_test,Pan-cancer SEER only,SARC,fold3,seer_10pct,0.08774402366045485,-0.11904528110085531,709384,52,20,709384.0
seer_pan_train_tcga_test,Pan-cancer SEER only,SARC,fold4,seer_10pct,0.09354595094008893,-0.11695052957813871,709384,52,20,709384.0
seer_pan_train_tcga_test,Pan-cancer SEER only,SARC,fold5,seer_10pct,0.10332832011290245,-0.126931001324528,709384,52,20,709384.0
seer_pan_train_tcga_test,Pan-cancer SEER only,SKCM,fold1,seer_10pct,0.1742318918201134,-0.022275979665560636,709384,91,43,709384.0
seer_pan_train_tcga_test,Pan-cancer SEER only,SKCM,fold2,seer_10pct,0.15560269053251705,0.040284228839295,709384,91,43,709384.0
seer_pan_train_tcga_test,Pan-cancer SEER only,SKCM,fold3,seer_10pct,0.14920685717207122,-0.029422846922538437,709384,91,43,709384.0
seer_pan_train_tcga_test,Pan-cancer SEER only,SKCM,fold4,seer_10pct,0.21099564517177208,-0.00023891147305246663,709384,91,43,709384.0
seer_pan_train_tcga_test,Pan-cancer SEER only,SKCM,fold5,seer_10pct,0.1197791789577965,0.034735914311582586,709384,90,42,709384.0
seer_pan_train_tcga_test,Pan-cancer SEER only,STAD,fold1,seer_10pct,0.04130795166114086,-0.13258509764226611,709384,84,34,709384.0
seer_pan_train_tcga_test,Pan-cancer SEER only,STAD,fold2,seer_10pct,0.04576517717391106,-0.17229463220294472,709384,84,34,709384.0
seer_pan_train_tcga_test,Pan-cancer SEER only,STAD,fold3,seer_10pct,0.03808430691015273,-0.1490298111432823,709384,83,33,709384.0
seer_pan_train_tcga_test,Pan-cancer SEER only,STAD,fold4,seer_10pct,0.0403832676305478,-0.14952830327919625,709384,83,33,709384.0
seer_pan_train_tcga_test,Pan-cancer SEER only,STAD,fold5,seer_10pct,0.03921488626611122,-0.16373200884049077,709384,83,34,709384.0
seer_pan_train_tcga_test,Pan-cancer SEER only,TGCT,fold1,seer_10pct,0.01724311427261539,0.0036035748434984378,709384,67,2,709384.0
seer_pan_train_tcga_test,Pan-cancer SEER only,TGCT,fold2,seer_10pct,0.02389665982262108,0.010257120393504128,709384,67,2,709384.0
seer_pan_train_tcga_test,Pan-cancer SEER only,THCA,fold1,seer_10pct,0.010892477723509032,-0.0438173205951531,709384,169,5,709384.0
seer_pan_train_tcga_test,Pan-cancer SEER only,THCA,fold2,seer_10pct,0.008494556158448614,-0.022045026530034456,709384,169,6,709384.0
seer_pan_train_tcga_test,Pan-cancer SEER only,THCA,fold3,seer_10pct,0.008010197900441381,-0.03290292606363561,709384,168,5,709384.0
seer_pan_train_tcga_test,Pan-cancer SEER only,THYM,fold1,seer_10pct,0.025585396193497426,-0.037779831943147976,709384,62,5,709384.0
seer_pan_train_tcga_test,Pan-cancer SEER only,THYM,fold2,seer_10pct,0.028154513400433533,-0.059800944451561026,709384,61,4,709384.0
seer_pan_train_tcga_test,Pan-cancer SEER only,UCEC,fold1,seer_10pct,0.0376048431826769,-0.10839479635571195,709384,110,19,709384.0
seer_pan_train_tcga_test,Pan-cancer SEER only,UCEC,fold2,seer_10pct,0.034816237848695995,-0.04873394780743858,709384,109,18,709384.0
seer_pan_train_tcga_test,Pan-cancer SEER only,UCEC,fold3,seer_10pct,0.06661780576687999,-0.18844765677964526,709384,109,18,709384.0
seer_pan_train_tcga_test,Pan-cancer SEER only,UCEC,fold4,seer_10pct,0.03560345235252804,-0.1398573321641789,709384,109,18,709384.0
seer_pan_train_tcga_test,Pan-cancer SEER only,UCEC,fold5,seer_10pct,0.043633427305499774,-0.08123846178511179,709384,109,18,709384.0
seer_pan_train_tcga_test,Pan-cancer SEER only,UCS,fold1,seer_10pct,0.08835691814860218,-0.14354415713958235,709384,12,7,709384.0
seer_pan_train_tcga_test,Pan-cancer SEER only,UCS,fold2,seer_10pct,0.0988143991432527,-0.0036586100513233827,709384,11,7,709384.0
seer_pan_train_tcga_test,Pan-cancer SEER only,UCS,fold3,seer_10pct,0.1568603301073241,-0.09008283218965227,709384,11,7,709384.0
seer_pan_train_tcga_test,Pan-cancer SEER only,UCS,fold4,seer_10pct,0.08886492798361857,-0.19984845853164956,709384,11,7,709384.0
seer_pan_train_tcga_test,Pan-cancer SEER only,UCS,fold5,seer_10pct,0.1176282743767112,-0.07811716104166233,709384,11,7,709384.0
seer_pan_train_tcga_test,Pan-cancer SEER only,UVM,fold1,seer_10pct,0.059086531650354115,-0.07032766971863498,709384,20,6,709384.0
seer_pan_train_tcga_test,Pan-cancer SEER only,UVM,fold2,seer_10pct,0.07055025125721642,-0.0657734372673722,709384,20,6,709384.0
seer_pan_train_tcga_test,Pan-cancer SEER only,UVM,fold3,seer_10pct,0.04798936980972958,-0.14205939085210395,709384,20,6,709384.0
seer_pan_train_tcga_test,Pan-cancer SEER only,UVM,fold4,seer_10pct,0.0460792106354985,-0.1778604695852071,709384,20,5,709384.0
seer_pan_train_tcga_test,Pan-cancer SEER only,ACC,fold1,seer_20pct,0.0572836581581687,-0.032314296389078886,1418771,19,7,1418771.0
seer_pan_train_tcga_test,Pan-cancer SEER only,ACC,fold2,seer_20pct,0.11075455289089195,-0.111677729903287,1418771,18,7,1418771.0
seer_pan_train_tcga_test,Pan-cancer SEER only,ACC,fold3,seer_20pct,0.07989254872422341,-0.07641823088875627,1418771,18,7,1418771.0
seer_pan_train_tcga_test,Pan-cancer SEER only,ACC,fold4,seer_20pct,0.1064493608425402,0.01669355053870203,1418771,18,6,1418771.0
seer_pan_train_tcga_test,Pan-cancer SEER only,ACC,fold5,seer_20pct,0.07061328582795771,-0.022258010231197167,1418771,18,6,1418771.0
seer_pan_train_tcga_test,Pan-cancer SEER only,BLCA,fold1,seer_20pct,0.060136806619795286,-0.13556473722931253,1418771,82,36,1418771.0
seer_pan_train_tcga_test,Pan-cancer SEER only,BLCA,fold2,seer_20pct,0.07169372114812099,-0.060346015533001465,1418771,82,36,1418771.0
seer_pan_train_tcga_test,Pan-cancer SEER only,BLCA,fold3,seer_20pct,0.06836114059139069,-0.08444738132902586,1418771,82,36,1418771.0
seer_pan_train_tcga_test,Pan-cancer SEER only,BLCA,fold4,seer_20pct,0.06928112969461696,-0.12136688813578979,1418771,82,36,1418771.0
seer_pan_train_tcga_test,Pan-cancer SEER only,BLCA,fold5,seer_20pct,0.07709404700864107,-0.1901967893178595,1418771,82,36,1418771.0
seer_pan_train_tcga_test,Pan-cancer SEER only,BRCA,fold1,seer_20pct,0.056895619339599114,-0.10048465636994186,1418771,217,30,1418771.0
seer_pan_train_tcga_test,Pan-cancer SEER only,BRCA,fold2,seer_20pct,0.055287127002740966,-0.05819003281610881,1418771,217,30,1418771.0
seer_pan_train_tcga_test,Pan-cancer SEER only,BRCA,fold3,seer_20pct,0.05272483681569217,-0.06597901899489272,1418771,217,31,1418771.0
seer_pan_train_tcga_test,Pan-cancer SEER only,BRCA,fold4,seer_20pct,0.052154584947052135,-0.1926801571878394,1418771,216,30,1418771.0
seer_pan_train_tcga_test,Pan-cancer SEER only,BRCA,fold5,seer_20pct,0.05104669101122207,-0.09965782519091916,1418771,216,30,1418771.0
seer_pan_train_tcga_test,Pan-cancer SEER only,CESC,fold1,seer_20pct,0.08418496887218595,-0.06654920792770126,1418771,59,14,1418771.0
seer_pan_train_tcga_test,Pan-cancer SEER only,CESC,fold2,seer_20pct,0.12230438868934199,-0.06233521420912519,1418771,59,14,1418771.0
seer_pan_train_tcga_test,Pan-cancer SEER only,CESC,fold3,seer_20pct,0.06888869165877044,-0.03620617352922202,1418771,59,14,1418771.0
seer_pan_train_tcga_test,Pan-cancer SEER only,CESC,fold4,seer_20pct,0.08436324351036112,-0.2201002123702721,1418771,59,15,1418771.0
seer_pan_train_tcga_test,Pan-cancer SEER only,CESC,fold5,seer_20pct,0.0817754728586551,-0.2149369236721395,1418771,58,14,1418771.0
seer_pan_train_tcga_test,Pan-cancer SEER only,CHOL,fold1,seer_20pct,0.04096667992902467,-0.18126588471600702,1418771,12,6,1418771.0
seer_pan_train_tcga_test,Pan-cancer SEER only,CHOL,fold2,seer_20pct,0.05214948429032247,-0.27615244017261203,1418771,11,6,1418771.0
seer_pan_train_tcga_test,Pan-cancer SEER only,CHOL,fold3,seer_20pct,0.04878141344242728,-0.1821987508725954,1418771,11,5,1418771.0
seer_pan_train_tcga_test,Pan-cancer SEER only,CHOL,fold4,seer_20pct,0.06273869295015486,-0.3454795335534965,1418771,11,5,1418771.0
seer_pan_train_tcga_test,Pan-cancer SEER only,COAD,fold1,seer_20pct,0.03548145524379883,-0.17579353221569588,1418771,89,20,1418771.0
seer_pan_train_tcga_test,Pan-cancer SEER only,COAD,fold2,seer_20pct,0.03929544715601016,-0.16106000940855272,1418771,89,20,1418771.0
seer_pan_train_tcga_test,Pan-cancer SEER only,COAD,fold3,seer_20pct,0.042144863466344766,-0.15774679011088039,1418771,88,19,1418771.0
seer_pan_train_tcga_test,Pan-cancer SEER only,COAD,fold4,seer_20pct,0.03622172779490724,-0.2334191460676155,1418771,88,19,1418771.0
seer_pan_train_tcga_test,Pan-cancer SEER only,COAD,fold5,seer_20pct,0.031645970868857315,-0.076644311921264,1418771,88,20,1418771.0
seer_pan_train_tcga_test,Pan-cancer SEER only,DLBC,fold1,seer_20pct,0.07306935240828719,-0.09696374889567028,1418771,24,5,1418771.0
seer_pan_train_tcga_test,Pan-cancer SEER only,DLBC,fold2,seer_20pct,0.09233680181149857,-0.11679073886576018,1418771,23,4,1418771.0
seer_pan_train_tcga_test,Pan-cancer SEER only,ESCA,fold1,seer_20pct,0.04101323820861695,-0.2050163154127707,1418771,37,16,1418771.0
seer_pan_train_tcga_test,Pan-cancer SEER only,ESCA,fold2,seer_20pct,0.041495480620267734,-0.09050199306823953,1418771,37,16,1418771.0
seer_pan_train_tcga_test,Pan-cancer SEER only,ESCA,fold3,seer_20pct,0.03331503468602419,-0.10137395622695546,1418771,37,15,1418771.0
seer_pan_train_tcga_test,Pan-cancer SEER only,ESCA,fold4,seer_20pct,0.05345568856989215,-0.10276331920791958,1418771,37,15,1418771.0
seer_pan_train_tcga_test,Pan-cancer SEER only,ESCA,fold5,seer_20pct,0.05171740660235806,-0.1372826249962827,1418771,37,15,1418771.0
seer_pan_train_tcga_test,Pan-cancer SEER only,GBM,fold1,seer_20pct,0.08701917586317114,0.028734199121093068,1418771,119,99,1418771.0
seer_pan_train_tcga_test,Pan-cancer SEER only,GBM,fold2,seer_20pct,0.09393633348976832,0.011432148251257004,1418771,119,98,1418771.0
seer_pan_train_tcga_test,Pan-cancer SEER only,GBM,fold3,seer_20pct,0.09139837598443992,0.014954777359558163,1418771,119,98,1418771.0
seer_pan_train_tcga_test,Pan-cancer SEER only,GBM,fold4,seer_20pct,0.07677812985664817,0.011880923759276213,1418771,119,98,1418771.0
seer_pan_train_tcga_test,Pan-cancer SEER only,GBM,fold5,seer_20pct,0.08996531351099012,0.0011180606252120806,1418771,119,98,1418771.0
seer_pan_train_tcga_test,Pan-cancer SEER only,HNSC,fold1,seer_20pct,0.06563585511601014,-0.14889540681386015,1418771,106,45,1418771.0
seer_pan_train_tcga_test,Pan-cancer SEER only,HNSC,fold2,seer_20pct,0.06703175636138484,-0.06431698523662913,1418771,106,45,1418771.0
seer_pan_train_tcga_test,Pan-cancer SEER only,HNSC,fold3,seer_20pct,0.06657980019073675,-0.09215328635526915,1418771,105,44,1418771.0
seer_pan_train_tcga_test,Pan-cancer SEER only,HNSC,fold4,seer_20pct,0.07645039571938259,-0.11221796844836296,1418771,105,44,1418771.0
seer_pan_train_tcga_test,Pan-cancer SEER only,HNSC,fold5,seer_20pct,0.0804484273438895,-0.10984189007430901,1418771,105,45,1418771.0
seer_pan_train_tcga_test,Pan-cancer SEER only,KICH,fold1,seer_20pct,0.03392505337870687,-0.039298396061752616,1418771,56,6,1418771.0
seer_pan_train_tcga_test,Pan-cancer SEER only,KICH,fold2,seer_20pct,0.03744913056887555,-0.07373889164347303,1418771,56,6,1418771.0
seer_pan_train_tcga_test,Pan-cancer SEER only,KIRC,fold1,seer_20pct,0.06887922985198457,-0.0686238402374074,1418771,107,35,1418771.0
seer_pan_train_tcga_test,Pan-cancer SEER only,KIRC,fold2,seer_20pct,0.0715721197186652,-0.04931356194118951,1418771,107,35,1418771.0
seer_pan_train_tcga_test,Pan-cancer SEER only,KIRC,fold3,seer_20pct,0.06612723330909842,-0.11053556686160149,1418771,107,35,1418771.0
seer_pan_train_tcga_test,Pan-cancer SEER only,KIRC,fold4,seer_20pct,0.0659799753755269,-0.027692303091675405,1418771,107,36,1418771.0
seer_pan_train_tcga_test,Pan-cancer SEER only,KIRC,fold5,seer_20pct,0.05729501270584331,-0.05612213571115214,1418771,107,36,1418771.0
seer_pan_train_tcga_test,Pan-cancer SEER only,KIRP,fold1,seer_20pct,0.050180732068114436,-0.15753017282881848,1418771,58,9,1418771.0
seer_pan_train_tcga_test,Pan-cancer SEER only,KIRP,fold2,seer_20pct,0.040565388721441,-0.1544654946356342,1418771,58,9,1418771.0
seer_pan_train_tcga_test,Pan-cancer SEER only,KIRP,fold3,seer_20pct,0.03368789135661886,-0.08933737020466026,1418771,58,9,1418771.0
seer_pan_train_tcga_test,Pan-cancer SEER only,KIRP,fold4,seer_20pct,0.03807249245318767,-0.11313182536276373,1418771,57,8,1418771.0
seer_pan_train_tcga_test,Pan-cancer SEER only,KIRP,fold5,seer_20pct,0.02826746143471603,-0.10704593098334048,1418771,57,9,1418771.0
seer_pan_train_tcga_test,Pan-cancer SEER only,LAML,fold1,seer_20pct,0.12741888367642518,-0.11115514351521708,1418771,35,22,1418771.0
seer_pan_train_tcga_test,Pan-cancer SEER only,LAML,fold2,seer_20pct,0.13741291397974384,-0.05071134789325371,1418771,35,22,1418771.0
seer_pan_train_tcga_test,Pan-cancer SEER only,LAML,fold3,seer_20pct,0.11558675253743522,-0.10136356765560825,1418771,35,22,1418771.0
seer_pan_train_tcga_test,Pan-cancer SEER only,LAML,fold4,seer_20pct,0.13065298986235707,-0.01753251190100308,1418771,34,21,1418771.0
seer_pan_train_tcga_test,Pan-cancer SEER only,LAML,fold5,seer_20pct,0.09564794126526029,-0.1609811212632251,1418771,34,21,1418771.0
seer_pan_train_tcga_test,Pan-cancer SEER only,LGG,fold1,seer_20pct,0.06830679891723777,-0.09679160403325467,1418771,103,25,1418771.0
seer_pan_train_tcga_test,Pan-cancer SEER only,LGG,fold2,seer_20pct,0.05658708379872875,-0.11785157543231625,1418771,102,25,1418771.0
seer_pan_train_tcga_test,Pan-cancer SEER only,LGG,fold3,seer_20pct,0.06475954599853394,-0.1959312437539859,1418771,102,25,1418771.0
seer_pan_train_tcga_test,Pan-cancer SEER only,LGG,fold4,seer_20pct,0.05875612696701748,-0.11049365818976092,1418771,102,25,1418771.0
seer_pan_train_tcga_test,Pan-cancer SEER only,LGG,fold5,seer_20pct,0.052359450060491176,-0.04860067521842205,1418771,102,25,1418771.0
seer_pan_train_tcga_test,Pan-cancer SEER only,LIHC,fold1,seer_20pct,0.03861700843450806,-0.10277343032287899,1418771,75,27,1418771.0
seer_pan_train_tcga_test,Pan-cancer SEER only,LIHC,fold2,seer_20pct,0.053086842224665726,-0.176629831730852,1418771,74,27,1418771.0
seer_pan_train_tcga_test,Pan-cancer SEER only,LIHC,fold3,seer_20pct,0.04275684049283491,-0.2109769834783558,1418771,74,26,1418771.0
seer_pan_train_tcga_test,Pan-cancer SEER only,LIHC,fold4,seer_20pct,0.04485720904834056,-0.14862560558454696,1418771,74,26,1418771.0
seer_pan_train_tcga_test,Pan-cancer SEER only,LIHC,fold5,seer_20pct,0.04410476576814507,-0.12193342814386707,1418771,74,26,1418771.0
seer_pan_train_tcga_test,Pan-cancer SEER only,LUAD,fold1,seer_20pct,0.05908534707130923,-0.12252917397535641,1418771,102,36,1418771.0
seer_pan_train_tcga_test,Pan-cancer SEER only,LUAD,fold2,seer_20pct,0.048538774614874,-0.09875508356486287,1418771,102,37,1418771.0
seer_pan_train_tcga_test,Pan-cancer SEER only,LUAD,fold3,seer_20pct,0.041574679954405516,-0.08654018421076136,1418771,102,37,1418771.0
seer_pan_train_tcga_test,Pan-cancer SEER only,LUAD,fold4,seer_20pct,0.06507234285256662,-0.2445776867451065,1418771,102,37,1418771.0
seer_pan_train_tcga_test,Pan-cancer SEER only,LUAD,fold5,seer_20pct,0.04831915847825325,-0.07066619853702077,1418771,101,36,1418771.0
seer_pan_train_tcga_test,Pan-cancer SEER only,LUSC,fold1,seer_20pct,0.06314525646407755,-0.07455956055070471,1418771,100,43,1418771.0
seer_pan_train_tcga_test,Pan-cancer SEER only,LUSC,fold2,seer_20pct,0.05111157466367952,-0.07191201238944678,1418771,100,43,1418771.0
seer_pan_train_tcga_test,Pan-cancer SEER only,LUSC,fold3,seer_20pct,0.0566338665661567,-0.0670958322837629,1418771,99,43,1418771.0
seer_pan_train_tcga_test,Pan-cancer SEER only,LUSC,fold4,seer_20pct,0.06474489806774053,-0.1158152843493706,1418771,99,43,1418771.0
seer_pan_train_tcga_test,Pan-cancer SEER only,LUSC,fold5,seer_20pct,0.09282603173407414,-0.26664229062140654,1418771,99,43,1418771.0
seer_pan_train_tcga_test,Pan-cancer SEER only,MESO,fold1,seer_20pct,0.05157953875273612,-0.029300506935978382,1418771,17,15,1418771.0
seer_pan_train_tcga_test,Pan-cancer SEER only,MESO,fold2,seer_20pct,0.09523939158277599,-0.16462211286491957,1418771,17,15,1418771.0
seer_pan_train_tcga_test,Pan-cancer SEER only,MESO,fold3,seer_20pct,0.06842852119255524,-0.04802881038732025,1418771,17,15,1418771.0
seer_pan_train_tcga_test,Pan-cancer SEER only,MESO,fold4,seer_20pct,0.0762175130178575,-0.045786390220022344,1418771,17,14,1418771.0
seer_pan_train_tcga_test,Pan-cancer SEER only,MESO,fold5,seer_20pct,0.07124172321766144,-0.08537216840660895,1418771,17,14,1418771.0
seer_pan_train_tcga_test,Pan-cancer SEER only,OV,fold1,seer_20pct,0.07636076238059877,-0.07868528092970026,1418771,117,70,1418771.0
seer_pan_train_tcga_test,Pan-cancer SEER only,OV,fold2,seer_20pct,0.07158887397673361,-0.06283605249508811,1418771,117,70,1418771.0
seer_pan_train_tcga_test,Pan-cancer SEER only,OV,fold3,seer_20pct,0.06896898215847429,-0.04607353853597487,1418771,116,70,1418771.0
seer_pan_train_tcga_test,Pan-cancer SEER only,OV,fold4,seer_20pct,0.06740964299944945,-0.06327383031157398,1418771,116,69,1418771.0
seer_pan_train_tcga_test,Pan-cancer SEER only,OV,fold5,seer_20pct,0.08375006679704725,-0.14328797874405433,1418771,116,69,1418771.0
seer_pan_train_tcga_test,Pan-cancer SEER only,PAAD,fold1,seer_20pct,0.03347074273652467,-0.11947839973274585,1418771,37,20,1418771.0
seer_pan_train_tcga_test,Pan-cancer SEER only,PAAD,fold2,seer_20pct,0.05457386602805661,-0.3939045677559232,1418771,37,20,1418771.0
seer_pan_train_tcga_test,Pan-cancer SEER only,PAAD,fold3,seer_20pct,0.03567949363232297,-0.06287040886489234,1418771,37,20,1418771.0
seer_pan_train_tcga_test,Pan-cancer SEER only,PAAD,fold4,seer_20pct,0.037704834097288316,-0.0985874483852473,1418771,37,20,1418771.0
seer_pan_train_tcga_test,Pan-cancer SEER only,PAAD,fold5,seer_20pct,0.03176009063445467,-0.12369974749482976,1418771,36,20,1418771.0
seer_pan_train_tcga_test,Pan-cancer SEER only,PCPG,fold1,seer_20pct,0.026576468040193712,-0.03227952038461178,1418771,90,3,1418771.0
seer_pan_train_tcga_test,Pan-cancer SEER only,PCPG,fold2,seer_20pct,0.034559334114209896,0.024595202820369793,1418771,89,3,1418771.0
seer_pan_train_tcga_test,Pan-cancer SEER only,PRAD,fold1,seer_20pct,0.009926496335210463,-0.03360735599009691,1418771,250,5,1418771.0
seer_pan_train_tcga_test,Pan-cancer SEER only,PRAD,fold2,seer_20pct,0.008267132807374998,-0.019817444981195885,1418771,250,5,1418771.0
seer_pan_train_tcga_test,Pan-cancer SEER only,READ,fold1,seer_20pct,0.021051599384530828,-0.1174163909412195,1418771,33,5,1418771.0
seer_pan_train_tcga_test,Pan-cancer SEER only,READ,fold2,seer_20pct,0.026061063447336046,-0.1596270065342105,1418771,33,5,1418771.0
seer_pan_train_tcga_test,Pan-cancer SEER only,READ,fold3,seer_20pct,0.016222391593953046,-0.09645531131227976,1418771,33,5,1418771.0
seer_pan_train_tcga_test,Pan-cancer SEER only,READ,fold4,seer_20pct,0.020675166808346662,-0.10569511809320978,1418771,33,6,1418771.0
seer_pan_train_tcga_test,Pan-cancer SEER only,READ,fold5,seer_20pct,0.02421875518187917,-0.13258501797025027,1418771,32,5,1418771.0
seer_pan_train_tcga_test,Pan-cancer SEER only,SARC,fold1,seer_20pct,0.08819492785614122,-0.09341645150714167,1418771,53,20,1418771.0
seer_pan_train_tcga_test,Pan-cancer SEER only,SARC,fold2,seer_20pct,0.05924408382500341,-0.12130350872568249,1418771,52,19,1418771.0
seer_pan_train_tcga_test,Pan-cancer SEER only,SARC,fold3,seer_20pct,0.07591894825662393,-0.13087035650468623,1418771,52,20,1418771.0
seer_pan_train_tcga_test,Pan-cancer SEER only,SARC,fold4,seer_20pct,0.08430410680378016,-0.12619237371444747,1418771,52,20,1418771.0
seer_pan_train_tcga_test,Pan-cancer SEER only,SARC,fold5,seer_20pct,0.09167756082002085,-0.13858176061740962,1418771,52,20,1418771.0
seer_pan_train_tcga_test,Pan-cancer SEER only,SKCM,fold1,seer_20pct,0.1697963781430833,-0.026711493342590736,1418771,91,43,1418771.0
seer_pan_train_tcga_test,Pan-cancer SEER only,SKCM,fold2,seer_20pct,0.1526952414094137,0.03737677971619166,1418771,91,43,1418771.0
seer_pan_train_tcga_test,Pan-cancer SEER only,SKCM,fold3,seer_20pct,0.15235335911081171,-0.02627634498379794,1418771,91,43,1418771.0
seer_pan_train_tcga_test,Pan-cancer SEER only,SKCM,fold4,seer_20pct,0.1990164851624977,-0.012218071482326842,1418771,91,43,1418771.0
seer_pan_train_tcga_test,Pan-cancer SEER only,SKCM,fold5,seer_20pct,0.11682999109769417,0.03178672645148026,1418771,90,42,1418771.0
seer_pan_train_tcga_test,Pan-cancer SEER only,STAD,fold1,seer_20pct,0.040160368737515106,-0.13373268056589188,1418771,84,34,1418771.0
seer_pan_train_tcga_test,Pan-cancer SEER only,STAD,fold2,seer_20pct,0.0431250907062019,-0.17493471867065388,1418771,84,34,1418771.0
seer_pan_train_tcga_test,Pan-cancer SEER only,STAD,fold3,seer_20pct,0.036690548046183116,-0.15042357000725193,1418771,83,33,1418771.0
seer_pan_train_tcga_test,Pan-cancer SEER only,STAD,fold4,seer_20pct,0.039148761782214526,-0.15076280912752954,1418771,83,33,1418771.0
seer_pan_train_tcga_test,Pan-cancer SEER only,STAD,fold5,seer_20pct,0.03807270615315757,-0.1648741889534444,1418771,83,34,1418771.0
seer_pan_train_tcga_test,Pan-cancer SEER only,TGCT,fold1,seer_20pct,0.017198554981643084,0.003559015552526133,1418771,67,2,1418771.0
seer_pan_train_tcga_test,Pan-cancer SEER only,TGCT,fold2,seer_20pct,0.025047655067545496,0.011408115638428544,1418771,67,2,1418771.0
seer_pan_train_tcga_test,Pan-cancer SEER only,THCA,fold1,seer_20pct,0.010878662425724514,-0.04383113589293762,1418771,169,5,1418771.0
seer_pan_train_tcga_test,Pan-cancer SEER only,THCA,fold2,seer_20pct,0.007883877423524824,-0.022655705264958248,1418771,169,6,1418771.0
seer_pan_train_tcga_test,Pan-cancer SEER only,THCA,fold3,seer_20pct,0.007558716757318221,-0.03335440720675877,1418771,168,5,1418771.0
seer_pan_train_tcga_test,Pan-cancer SEER only,THYM,fold1,seer_20pct,0.0335381852764993,-0.029827042860146098,1418771,62,5,1418771.0
seer_pan_train_tcga_test,Pan-cancer SEER only,THYM,fold2,seer_20pct,0.04170406861113535,-0.04625138924085921,1418771,61,4,1418771.0
seer_pan_train_tcga_test,Pan-cancer SEER only,UCEC,fold1,seer_20pct,0.034254235514429764,-0.11174540402395908,1418771,110,19,1418771.0
seer_pan_train_tcga_test,Pan-cancer SEER only,UCEC,fold2,seer_20pct,0.03059458611862871,-0.052955599537505865,1418771,109,18,1418771.0
seer_pan_train_tcga_test,Pan-cancer SEER only,UCEC,fold3,seer_20pct,0.058858513944849276,-0.19620694860167595,1418771,109,18,1418771.0
seer_pan_train_tcga_test,Pan-cancer SEER only,UCEC,fold4,seer_20pct,0.03086813585606845,-0.14459264866063848,1418771,109,18,1418771.0
seer_pan_train_tcga_test,Pan-cancer SEER only,UCEC,fold5,seer_20pct,0.04038527962424183,-0.08448660946636974,1418771,109,18,1418771.0
seer_pan_train_tcga_test,Pan-cancer SEER only,UCS,fold1,seer_20pct,0.06968558273431463,-0.16221549255386988,1418771,12,7,1418771.0
seer_pan_train_tcga_test,Pan-cancer SEER only,UCS,fold2,seer_20pct,0.08056907156186684,-0.021903937632709244,1418771,11,7,1418771.0
seer_pan_train_tcga_test,Pan-cancer SEER only,UCS,fold3,seer_20pct,0.14215651141996152,-0.10478665087701483,1418771,11,7,1418771.0
seer_pan_train_tcga_test,Pan-cancer SEER only,UCS,fold4,seer_20pct,0.08191842240213548,-0.20679496411313264,1418771,11,7,1418771.0
seer_pan_train_tcga_test,Pan-cancer SEER only,UCS,fold5,seer_20pct,0.09175041449022454,-0.10399502092814898,1418771,11,7,1418771.0
seer_pan_train_tcga_test,Pan-cancer SEER only,UVM,fold1,seer_20pct,0.06026543755861944,-0.06914876381036966,1418771,20,6,1418771.0
seer_pan_train_tcga_test,Pan-cancer SEER only,UVM,fold2,seer_20pct,0.0700517094607539,-0.06627197906383472,1418771,20,6,1418771.0
seer_pan_train_tcga_test,Pan-cancer SEER only,UVM,fold3,seer_20pct,0.048442612901533795,-0.14160614776029976,1418771,20,6,1418771.0
seer_pan_train_tcga_test,Pan-cancer SEER only,UVM,fold4,seer_20pct,0.04797441551070806,-0.17596526470999754,1418771,20,5,1418771.0
seer_pan_train_tcga_test,Pan-cancer SEER only,ACC,fold1,seer_50pct,0.04954256984040499,-0.0400553847068426,3546920,19,7,3546920.0
seer_pan_train_tcga_test,Pan-cancer SEER only,ACC,fold2,seer_50pct,0.11319239915122892,-0.10923988364295004,3546920,18,7,3546920.0
seer_pan_train_tcga_test,Pan-cancer SEER only,ACC,fold3,seer_50pct,0.07486288521077931,-0.08144789440220036,3546920,18,7,3546920.0
seer_pan_train_tcga_test,Pan-cancer SEER only,ACC,fold4,seer_50pct,0.10176950688519754,0.012013696581359368,3546920,18,6,3546920.0
seer_pan_train_tcga_test,Pan-cancer SEER only,ACC,fold5,seer_50pct,0.07185422955177881,-0.021017066507376073,3546920,18,6,3546920.0
seer_pan_train_tcga_test,Pan-cancer SEER only,BLCA,fold1,seer_50pct,0.05813869355809477,-0.13756285029101306,3546920,82,36,3546920.0
seer_pan_train_tcga_test,Pan-cancer SEER only,BLCA,fold2,seer_50pct,0.06990548465692152,-0.062134252024200934,3546920,82,36,3546920.0
seer_pan_train_tcga_test,Pan-cancer SEER only,BLCA,fold3,seer_50pct,0.06503561931359551,-0.08777290260682104,3546920,82,36,3546920.0
seer_pan_train_tcga_test,Pan-cancer SEER only,BLCA,fold4,seer_50pct,0.0661489464589569,-0.12449907137144985,3546920,82,36,3546920.0
seer_pan_train_tcga_test,Pan-cancer SEER only,BLCA,fold5,seer_50pct,0.07543341901138366,-0.1918574173151169,3546920,82,36,3546920.0
seer_pan_train_tcga_test,Pan-cancer SEER only,BRCA,fold1,seer_50pct,0.05423157068869956,-0.1031487050208414,3546920,217,30,3546920.0
seer_pan_train_tcga_test,Pan-cancer SEER only,BRCA,fold2,seer_50pct,0.051116558889888565,-0.06236060092896121,3546920,217,30,3546920.0
seer_pan_train_tcga_test,Pan-cancer SEER only,BRCA,fold3,seer_50pct,0.04834675196599215,-0.07035710384459273,3546920,217,31,3546920.0
seer_pan_train_tcga_test,Pan-cancer SEER only,BRCA,fold4,seer_50pct,0.04971131617537705,-0.19512342595951448,3546920,216,30,3546920.0
seer_pan_train_tcga_test,Pan-cancer SEER only,BRCA,fold5,seer_50pct,0.0462896632818981,-0.10441485292024313,3546920,216,30,3546920.0
seer_pan_train_tcga_test,Pan-cancer SEER only,CESC,fold1,seer_50pct,0.08110798410491425,-0.06962619269497296,3546920,59,14,3546920.0
seer_pan_train_tcga_test,Pan-cancer SEER only,CESC,fold2,seer_50pct,0.1161672816258435,-0.06847232127262368,3546920,59,14,3546920.0
seer_pan_train_tcga_test,Pan-cancer SEER only,CESC,fold3,seer_50pct,0.0646732991983093,-0.04042156598968316,3546920,59,14,3546920.0
seer_pan_train_tcga_test,Pan-cancer SEER only,CESC,fold4,seer_50pct,0.07997810268871877,-0.22448535319191446,3546920,59,15,3546920.0
seer_pan_train_tcga_test,Pan-cancer SEER only,CESC,fold5,seer_50pct,0.08034639040236151,-0.2163660061284331,3546920,58,14,3546920.0
seer_pan_train_tcga_test,Pan-cancer SEER only,CHOL,fold1,seer_50pct,0.04686119267043576,-0.17537137197459593,3546920,12,6,3546920.0
seer_pan_train_tcga_test,Pan-cancer SEER only,CHOL,fold2,seer_50pct,0.056320250828496815,-0.2719816736344377,3546920,11,6,3546920.0
seer_pan_train_tcga_test,Pan-cancer SEER only,CHOL,fold3,seer_50pct,0.04930258236175914,-0.18167758195326356,3546920,11,5,3546920.0
seer_pan_train_tcga_test,Pan-cancer SEER only,CHOL,fold4,seer_50pct,0.06612605361882098,-0.3420921728848303,3546920,11,5,3546920.0
seer_pan_train_tcga_test,Pan-cancer SEER only,COAD,fold1,seer_50pct,0.035881780181185485,-0.17539320727830923,3546920,89,20,3546920.0
seer_pan_train_tcga_test,Pan-cancer SEER only,COAD,fold2,seer_50pct,0.03845742698774455,-0.16189802957681834,3546920,89,20,3546920.0
seer_pan_train_tcga_test,Pan-cancer SEER only,COAD,fold3,seer_50pct,0.04286868552045615,-0.15702296805676902,3546920,88,19,3546920.0
seer_pan_train_tcga_test,Pan-cancer SEER only,COAD,fold4,seer_50pct,0.03622009176561845,-0.23342078209690426,3546920,88,19,3546920.0
seer_pan_train_tcga_test,Pan-cancer SEER only,COAD,fold5,seer_50pct,0.031946543433891826,-0.07634373935622948,3546920,88,20,3546920.0
seer_pan_train_tcga_test,Pan-cancer SEER only,DLBC,fold1,seer_50pct,0.0754234653098962,-0.09460963599406126,3546920,24,5,3546920.0
seer_pan_train_tcga_test,Pan-cancer SEER only,DLBC,fold2,seer_50pct,0.09404478043286961,-0.11508276024438914,3546920,23,4,3546920.0
seer_pan_train_tcga_test,Pan-cancer SEER only,ESCA,fold1,seer_50pct,0.039040002958854514,-0.20698955066253316,3546920,37,16,3546920.0
seer_pan_train_tcga_test,Pan-cancer SEER only,ESCA,fold2,seer_50pct,0.04131159470463347,-0.09068587898387379,3546920,37,16,3546920.0
seer_pan_train_tcga_test,Pan-cancer SEER only,ESCA,fold3,seer_50pct,0.03426710660779975,-0.1004218843051799,3546920,37,15,3546920.0
seer_pan_train_tcga_test,Pan-cancer SEER only,ESCA,fold4,seer_50pct,0.05596453933890489,-0.10025446843890684,3546920,37,15,3546920.0
seer_pan_train_tcga_test,Pan-cancer SEER only,ESCA,fold5,seer_50pct,0.054525503487540955,-0.13447452811109978,3546920,37,15,3546920.0
seer_pan_train_tcga_test,Pan-cancer SEER only,GBM,fold1,seer_50pct,0.08901233039618567,0.0307273536541076,3546920,119,99,3546920.0
seer_pan_train_tcga_test,Pan-cancer SEER only,GBM,fold2,seer_50pct,0.09521695394825098,0.012712768709739669,3546920,119,98,3546920.0
seer_pan_train_tcga_test,Pan-cancer SEER only,GBM,fold3,seer_50pct,0.09384772174365807,0.017404123118776316,3546920,119,98,3546920.0
seer_pan_train_tcga_test,Pan-cancer SEER only,GBM,fold4,seer_50pct,0.07832789868465022,0.013430692587278262,3546920,119,98,3546920.0
seer_pan_train_tcga_test,Pan-cancer SEER only,GBM,fold5,seer_50pct,0.09298186967634205,0.004134616790564011,3546920,119,98,3546920.0
seer_pan_train_tcga_test,Pan-cancer SEER only,HNSC,fold1,seer_50pct,0.0769941359065624,-0.1375371260233079,3546920,106,45,3546920.0
seer_pan_train_tcga_test,Pan-cancer SEER only,HNSC,fold2,seer_50pct,0.07599072338277817,-0.055358018215235796,3546920,106,45,3546920.0
seer_pan_train_tcga_test,Pan-cancer SEER only,HNSC,fold3,seer_50pct,0.07930055140454317,-0.07943253514146273,3546920,105,44,3546920.0
seer_pan_train_tcga_test,Pan-cancer SEER only,HNSC,fold4,seer_50pct,0.08946679596035795,-0.0992015682073876,3546920,105,44,3546920.0
seer_pan_train_tcga_test,Pan-cancer SEER only,HNSC,fold5,seer_50pct,0.08999616159152729,-0.10029415582667123,3546920,105,45,3546920.0
seer_pan_train_tcga_test,Pan-cancer SEER only,KICH,fold1,seer_50pct,0.0330679145791613,-0.040155534861298185,3546920,56,6,3546920.0
seer_pan_train_tcga_test,Pan-cancer SEER only,KICH,fold2,seer_50pct,0.03405709526305239,-0.07713092694929619,3546920,56,6,3546920.0
seer_pan_train_tcga_test,Pan-cancer SEER only,KIRC,fold1,seer_50pct,0.06607109014781158,-0.07143197994158039,3546920,107,35,3546920.0
seer_pan_train_tcga_test,Pan-cancer SEER only,KIRC,fold2,seer_50pct,0.06945269338302011,-0.051432988276834596,3546920,107,35,3546920.0
seer_pan_train_tcga_test,Pan-cancer SEER only,KIRC,fold3,seer_50pct,0.06478035423268652,-0.11188244593801339,3546920,107,35,3546920.0
seer_pan_train_tcga_test,Pan-cancer SEER only,KIRC,fold4,seer_50pct,0.06255308239631062,-0.031119196070891683,3546920,107,36,3546920.0
seer_pan_train_tcga_test,Pan-cancer SEER only,KIRC,fold5,seer_50pct,0.05417743860914578,-0.05923970980784967,3546920,107,36,3546920.0
seer_pan_train_tcga_test,Pan-cancer SEER only,KIRP,fold1,seer_50pct,0.04475813166364107,-0.16295277323329185,3546920,58,9,3546920.0
seer_pan_train_tcga_test,Pan-cancer SEER only,KIRP,fold2,seer_50pct,0.03557784209230792,-0.15945304126476728,3546920,58,9,3546920.0
seer_pan_train_tcga_test,Pan-cancer SEER only,KIRP,fold3,seer_50pct,0.02938040019832541,-0.0936448613629537,3546920,58,9,3546920.0
seer_pan_train_tcga_test,Pan-cancer SEER only,KIRP,fold4,seer_50pct,0.03357397913829419,-0.11763033867765721,3546920,57,8,3546920.0
seer_pan_train_tcga_test,Pan-cancer SEER only,KIRP,fold5,seer_50pct,0.024654129147264146,-0.11065926327079237,3546920,57,9,3546920.0
seer_pan_train_tcga_test,Pan-cancer SEER only,LAML,fold1,seer_50pct,0.11898866947947019,-0.11958535771217206,3546920,35,22,3546920.0
seer_pan_train_tcga_test,Pan-cancer SEER only,LAML,fold2,seer_50pct,0.12762529728128671,-0.060498964591710835,3546920,35,22,3546920.0
seer_pan_train_tcga_test,Pan-cancer SEER only,LAML,fold3,seer_50pct,0.10722878604776956,-0.10972153414527391,3546920,35,22,3546920.0
seer_pan_train_tcga_test,Pan-cancer SEER only,LAML,fold4,seer_50pct,0.11885215679953279,-0.029333344963827362,3546920,34,21,3546920.0
seer_pan_train_tcga_test,Pan-cancer SEER only,LAML,fold5,seer_50pct,0.08386824739578218,-0.1727608151327032,3546920,34,21,3546920.0
seer_pan_train_tcga_test,Pan-cancer SEER only,LGG,fold1,seer_50pct,0.06639055626585372,-0.09870784668463872,3546920,103,25,3546920.0
seer_pan_train_tcga_test,Pan-cancer SEER only,LGG,fold2,seer_50pct,0.05393710953753242,-0.1205015496935126,3546920,102,25,3546920.0
seer_pan_train_tcga_test,Pan-cancer SEER only,LGG,fold3,seer_50pct,0.062408081281830896,-0.19828270847068896,3546920,102,25,3546920.0
seer_pan_train_tcga_test,Pan-cancer SEER only,LGG,fold4,seer_50pct,0.055812691939583624,-0.11343709321719478,3546920,102,25,3546920.0
seer_pan_train_tcga_test,Pan-cancer SEER only,LGG,fold5,seer_50pct,0.050305655001591475,-0.05065447027732175,3546920,102,25,3546920.0
seer_pan_train_tcga_test,Pan-cancer SEER only,LIHC,fold1,seer_50pct,0.03962499745542614,-0.10176544130196091,3546920,75,27,3546920.0
seer_pan_train_tcga_test,Pan-cancer SEER only,LIHC,fold2,seer_50pct,0.05310577606235447,-0.17661089789316325,3546920,74,27,3546920.0
seer_pan_train_tcga_test,Pan-cancer SEER only,LIHC,fold3,seer_50pct,0.04412395526894744,-0.20960986870224327,3546920,74,26,3546920.0
seer_pan_train_tcga_test,Pan-cancer SEER only,LIHC,fold4,seer_50pct,0.044453900720011486,-0.14902891391287604,3546920,74,26,3546920.0
seer_pan_train_tcga_test,Pan-cancer SEER only,LIHC,fold5,seer_50pct,0.04443807528995923,-0.1216001186220529,3546920,74,26,3546920.0
seer_pan_train_tcga_test,Pan-cancer SEER only,LUAD,fold1,seer_50pct,0.05652559158395665,-0.125088929462709,3546920,102,36,3546920.0
seer_pan_train_tcga_test,Pan-cancer SEER only,LUAD,fold2,seer_50pct,0.046848164044603485,-0.10044569413513338,3546920,102,37,3546920.0
seer_pan_train_tcga_test,Pan-cancer SEER only,LUAD,fold3,seer_50pct,0.04069030870533079,-0.08742455545983609,3546920,102,37,3546920.0
seer_pan_train_tcga_test,Pan-cancer SEER only,LUAD,fold4,seer_50pct,0.06048934013080483,-0.2491606894668683,3546920,102,37,3546920.0
seer_pan_train_tcga_test,Pan-cancer SEER only,LUAD,fold5,seer_50pct,0.04541170933945078,-0.07357364767582325,3546920,101,36,3546920.0
seer_pan_train_tcga_test,Pan-cancer SEER only,LUSC,fold1,seer_50pct,0.05812590633142928,-0.07957891068335299,3546920,100,43,3546920.0
seer_pan_train_tcga_test,Pan-cancer SEER only,LUSC,fold2,seer_50pct,0.04968797759160369,-0.07333560946152261,3546920,100,43,3546920.0
seer_pan_train_tcga_test,Pan-cancer SEER only,LUSC,fold3,seer_50pct,0.055305272235837706,-0.0684244266140819,3546920,99,43,3546920.0
seer_pan_train_tcga_test,Pan-cancer SEER only,LUSC,fold4,seer_50pct,0.06614655046381562,-0.11441363195329551,3546920,99,43,3546920.0
seer_pan_train_tcga_test,Pan-cancer SEER only,LUSC,fold5,seer_50pct,0.08293803760006072,-0.27653028475541996,3546920,99,43,3546920.0
seer_pan_train_tcga_test,Pan-cancer SEER only,MESO,fold1,seer_50pct,0.0662342731772381,-0.014645772511476404,3546920,17,15,3546920.0
seer_pan_train_tcga_test,Pan-cancer SEER only,MESO,fold2,seer_50pct,0.12228706153199712,-0.13757444291569845,3546920,17,15,3546920.0
seer_pan_train_tcga_test,Pan-cancer SEER only,MESO,fold3,seer_50pct,0.07206192256089833,-0.044395409018977164,3546920,17,15,3546920.0
seer_pan_train_tcga_test,Pan-cancer SEER only,MESO,fold4,seer_50pct,0.08686607009757086,-0.03513783314030898,3546920,17,14,3546920.0
seer_pan_train_tcga_test,Pan-cancer SEER only,MESO,fold5,seer_50pct,0.07918421386950922,-0.07742967775476117,3546920,17,14,3546920.0
seer_pan_train_tcga_test,Pan-cancer SEER only,OV,fold1,seer_50pct,0.07714903654348812,-0.07789700676681091,3546920,117,70,3546920.0
seer_pan_train_tcga_test,Pan-cancer SEER only,OV,fold2,seer_50pct,0.0703423903870191,-0.06408253608480262,3546920,117,70,3546920.0
seer_pan_train_tcga_test,Pan-cancer SEER only,OV,fold3,seer_50pct,0.06881833997134086,-0.0462241807231083,3546920,116,70,3546920.0
seer_pan_train_tcga_test,Pan-cancer SEER only,OV,fold4,seer_50pct,0.06443853866699666,-0.06624493464402677,3546920,116,69,3546920.0
seer_pan_train_tcga_test,Pan-cancer SEER only,OV,fold5,seer_50pct,0.08482657766511953,-0.14221146787598204,3546920,116,69,3546920.0
seer_pan_train_tcga_test,Pan-cancer SEER only,PAAD,fold1,seer_50pct,0.030976968882852538,-0.12197217358641799,3546920,37,20,3546920.0
seer_pan_train_tcga_test,Pan-cancer SEER only,PAAD,fold2,seer_50pct,0.05769738293515227,-0.3907810508488275,3546920,37,20,3546920.0
seer_pan_train_tcga_test,Pan-cancer SEER only,PAAD,fold3,seer_50pct,0.038408929085869695,-0.06014097341134561,3546920,37,20,3546920.0
seer_pan_train_tcga_test,Pan-cancer SEER only,PAAD,fold4,seer_50pct,0.039998983554111515,-0.09629329892842409,3546920,37,20,3546920.0
seer_pan_train_tcga_test,Pan-cancer SEER only,PAAD,fold5,seer_50pct,0.030208831386888377,-0.12525100674239606,3546920,36,20,3546920.0
seer_pan_train_tcga_test,Pan-cancer SEER only,PCPG,fold1,seer_50pct,0.0245702858781365,-0.03428570254666899,3546920,90,3,3546920.0
seer_pan_train_tcga_test,Pan-cancer SEER only,PCPG,fold2,seer_50pct,0.030434544305789395,0.020470413011949292,3546920,89,3,3546920.0
seer_pan_train_tcga_test,Pan-cancer SEER only,PRAD,fold1,seer_50pct,0.010162584418126813,-0.03337126790718056,3546920,250,5,3546920.0
seer_pan_train_tcga_test,Pan-cancer SEER only,PRAD,fold2,seer_50pct,0.008153597084373942,-0.019930980704196938,3546920,250,5,3546920.0
seer_pan_train_tcga_test,Pan-cancer SEER only,READ,fold1,seer_50pct,0.017036402811127886,-0.12143158751462244,3546920,33,5,3546920.0
seer_pan_train_tcga_test,Pan-cancer SEER only,READ,fold2,seer_50pct,0.024702630541083116,-0.16098543944046342,3546920,33,5,3546920.0
seer_pan_train_tcga_test,Pan-cancer SEER only,READ,fold3,seer_50pct,0.018856487646501066,-0.09382121525973174,3546920,33,5,3546920.0
seer_pan_train_tcga_test,Pan-cancer SEER only,READ,fold4,seer_50pct,0.022405004741184786,-0.10396528016037165,3546920,33,6,3546920.0
seer_pan_train_tcga_test,Pan-cancer SEER only,READ,fold5,seer_50pct,0.028859080225626544,-0.12794469292650287,3546920,32,5,3546920.0
seer_pan_train_tcga_test,Pan-cancer SEER only,SARC,fold1,seer_50pct,0.08170664374710435,-0.09990473561617855,3546920,53,20,3546920.0
seer_pan_train_tcga_test,Pan-cancer SEER only,SARC,fold2,seer_50pct,0.06152179822396515,-0.11902579432672075,3546920,52,19,3546920.0
seer_pan_train_tcga_test,Pan-cancer SEER only,SARC,fold3,seer_50pct,0.07378046759595441,-0.13300883716535575,3546920,52,20,3546920.0
seer_pan_train_tcga_test,Pan-cancer SEER only,SARC,fold4,seer_50pct,0.08902073285057291,-0.12147574766765473,3546920,52,20,3546920.0
seer_pan_train_tcga_test,Pan-cancer SEER only,SARC,fold5,seer_50pct,0.08886169127513432,-0.14139763016229615,3546920,52,20,3546920.0
seer_pan_train_tcga_test,Pan-cancer SEER only,SKCM,fold1,seer_50pct,0.16765561756747976,-0.028852253918194265,3546920,91,43,3546920.0
seer_pan_train_tcga_test,Pan-cancer SEER only,SKCM,fold2,seer_50pct,0.15689951933759896,0.04158105764437692,3546920,91,43,3546920.0
seer_pan_train_tcga_test,Pan-cancer SEER only,SKCM,fold3,seer_50pct,0.14470676608510802,-0.033922938009501635,3546920,91,43,3546920.0
seer_pan_train_tcga_test,Pan-cancer SEER only,SKCM,fold4,seer_50pct,0.19834528971037285,-0.012889266934451693,3546920,91,43,3546920.0
seer_pan_train_tcga_test,Pan-cancer SEER only,SKCM,fold5,seer_50pct,0.11759661436852493,0.032553349722311026,3546920,90,42,3546920.0
seer_pan_train_tcga_test,Pan-cancer SEER only,STAD,fold1,seer_50pct,0.037471035262782414,-0.13642201404062457,3546920,84,34,3546920.0
seer_pan_train_tcga_test,Pan-cancer SEER only,STAD,fold2,seer_50pct,0.041081378679896335,-0.17697843069695945,3546920,84,34,3546920.0
seer_pan_train_tcga_test,Pan-cancer SEER only,STAD,fold3,seer_50pct,0.033828551020368046,-0.15328556703306698,3546920,83,33,3546920.0
seer_pan_train_tcga_test,Pan-cancer SEER only,STAD,fold4,seer_50pct,0.037532389786032065,-0.152379181123712,3546920,83,33,3546920.0
seer_pan_train_tcga_test,Pan-cancer SEER only,STAD,fold5,seer_50pct,0.03556120811415628,-0.16738568699244571,3546920,83,34,3546920.0
seer_pan_train_tcga_test,Pan-cancer SEER only,TGCT,fold1,seer_50pct,0.020569720546511443,0.006930181117394492,3546920,67,2,3546920.0
seer_pan_train_tcga_test,Pan-cancer SEER only,TGCT,fold2,seer_50pct,0.025910966655041705,0.012271427225924754,3546920,67,2,3546920.0
seer_pan_train_tcga_test,Pan-cancer SEER only,THCA,fold1,seer_50pct,0.01069035311605114,-0.044019445202610995,3546920,169,5,3546920.0
seer_pan_train_tcga_test,Pan-cancer SEER only,THCA,fold2,seer_50pct,0.008288439469299544,-0.022251143219183527,3546920,169,6,3546920.0
seer_pan_train_tcga_test,Pan-cancer SEER only,THCA,fold3,seer_50pct,0.008221965885423864,-0.03269115807865313,3546920,168,5,3546920.0
seer_pan_train_tcga_test,Pan-cancer SEER only,THYM,fold1,seer_50pct,0.027554102398772547,-0.03581112573787285,3546920,62,5,3546920.0
seer_pan_train_tcga_test,Pan-cancer SEER only,THYM,fold2,seer_50pct,0.03401926920927482,-0.05393618864271974,3546920,61,4,3546920.0
seer_pan_train_tcga_test,Pan-cancer SEER only,UCEC,fold1,seer_50pct,0.03287737178579147,-0.11312226775259737,3546920,110,19,3546920.0
seer_pan_train_tcga_test,Pan-cancer SEER only,UCEC,fold2,seer_50pct,0.028965440300662823,-0.05458474535547175,3546920,109,18,3546920.0
seer_pan_train_tcga_test,Pan-cancer SEER only,UCEC,fold3,seer_50pct,0.06178095552088782,-0.19328450702563743,3546920,109,18,3546920.0
seer_pan_train_tcga_test,Pan-cancer SEER only,UCEC,fold4,seer_50pct,0.03030705119222871,-0.14515373332447823,3546920,109,18,3546920.0
seer_pan_train_tcga_test,Pan-cancer SEER only,UCEC,fold5,seer_50pct,0.04088917025092267,-0.08398271883968889,3546920,109,18,3546920.0
seer_pan_train_tcga_test,Pan-cancer SEER only,UCS,fold1,seer_50pct,0.0667394062534092,-0.1651616690347753,3546920,12,7,3546920.0
seer_pan_train_tcga_test,Pan-cancer SEER only,UCS,fold2,seer_50pct,0.06933694693378861,-0.03313606226078747,3546920,11,7,3546920.0
seer_pan_train_tcga_test,Pan-cancer SEER only,UCS,fold3,seer_50pct,0.14403336366892894,-0.10290979862804742,3546920,11,7,3546920.0
seer_pan_train_tcga_test,Pan-cancer SEER only,UCS,fold4,seer_50pct,0.0757871213907698,-0.2129262651244983,3546920,11,7,3546920.0
seer_pan_train_tcga_test,Pan-cancer SEER only,UCS,fold5,seer_50pct,0.08655539778528012,-0.1091900376330934,3546920,11,7,3546920.0
seer_pan_train_tcga_test,Pan-cancer SEER only,UVM,fold1,seer_50pct,0.037708199233607,-0.0917060021353821,3546920,20,6,3546920.0
seer_pan_train_tcga_test,Pan-cancer SEER only,UVM,fold2,seer_50pct,0.04020457258583876,-0.09611911593874986,3546920,20,6,3546920.0
seer_pan_train_tcga_test,Pan-cancer SEER only,UVM,fold3,seer_50pct,0.03159883902500628,-0.15844992163682725,3546920,20,6,3546920.0
seer_pan_train_tcga_test,Pan-cancer SEER only,UVM,fold4,seer_50pct,0.03229644307994467,-0.19164323714076092,3546920,20,5,3546920.0
seer_pan_train_tcga_test,Pan-cancer SEER only,ACC,fold1,seer_n001k_00pct,0.04194862715387093,-0.047649327393376656,999,19,7,999.0
seer_pan_train_tcga_test,Pan-cancer SEER only,ACC,fold2,seer_n001k_00pct,0.0799130442190231,-0.14251923857515586,999,18,7,999.0
seer_pan_train_tcga_test,Pan-cancer SEER only,ACC,fold3,seer_n001k_00pct,0.054018778016790725,-0.10229200159618895,999,18,7,999.0
seer_pan_train_tcga_test,Pan-cancer SEER only,ACC,fold4,seer_n001k_00pct,0.05440980416707997,-0.0353460061367582,999,18,6,999.0
seer_pan_train_tcga_test,Pan-cancer SEER only,ACC,fold5,seer_n001k_00pct,0.056837889040919826,-0.036033407018235056,999,18,6,999.0
seer_pan_train_tcga_test,Pan-cancer SEER only,BLCA,fold1,seer_n001k_00pct,0.05054536477227727,-0.14515617907683054,999,82,36,999.0
seer_pan_train_tcga_test,Pan-cancer SEER only,BLCA,fold2,seer_n001k_00pct,0.05598118138353104,-0.07605855529759142,999,82,36,999.0
seer_pan_train_tcga_test,Pan-cancer SEER only,BLCA,fold3,seer_n001k_00pct,0.06234057555365268,-0.09046794636676386,999,82,36,999.0
seer_pan_train_tcga_test,Pan-cancer SEER only,BLCA,fold4,seer_n001k_00pct,0.06250408321848937,-0.12814393461191737,999,82,36,999.0
seer_pan_train_tcga_test,Pan-cancer SEER only,BLCA,fold5,seer_n001k_00pct,0.072307559092311,-0.19498327723418957,999,82,36,999.0
seer_pan_train_tcga_test,Pan-cancer SEER only,BRCA,fold1,seer_n001k_00pct,0.06075215905629162,-0.09662811665324936,999,217,30,999.0
seer_pan_train_tcga_test,Pan-cancer SEER only,BRCA,fold2,seer_n001k_00pct,0.061872356301843595,-0.05160480351700618,999,217,30,999.0
seer_pan_train_tcga_test,Pan-cancer SEER only,BRCA,fold3,seer_n001k_00pct,0.05236738160665167,-0.06633647420393321,999,217,31,999.0
seer_pan_train_tcga_test,Pan-cancer SEER only,BRCA,fold4,seer_n001k_00pct,0.051659727103032994,-0.19317501503185855,999,216,30,999.0
seer_pan_train_tcga_test,Pan-cancer SEER only,BRCA,fold5,seer_n001k_00pct,0.05296652171554301,-0.09773799448659823,999,216,30,999.0
seer_pan_train_tcga_test,Pan-cancer SEER only,CESC,fold1,seer_n001k_00pct,0.12439468215531854,-0.026339494644568667,999,59,14,999.0
seer_pan_train_tcga_test,Pan-cancer SEER only,CESC,fold2,seer_n001k_00pct,0.14401061486762537,-0.040628988030841806,999,59,14,999.0
seer_pan_train_tcga_test,Pan-cancer SEER only,CESC,fold3,seer_n001k_00pct,0.10914509427851662,0.00405022909052416,999,59,14,999.0
seer_pan_train_tcga_test,Pan-cancer SEER only,CESC,fold4,seer_n001k_00pct,0.1165321091553844,-0.18793134672524883,999,59,15,999.0
seer_pan_train_tcga_test,Pan-cancer SEER only,CESC,fold5,seer_n001k_00pct,0.12072244285156428,-0.17598995367923034,999,58,14,999.0
seer_pan_train_tcga_test,Pan-cancer SEER only,CHOL,fold1,seer_n001k_00pct,0.052516347439340895,-0.1697162172056908,999,12,6,999.0
seer_pan_train_tcga_test,Pan-cancer SEER only,CHOL,fold2,seer_n001k_00pct,0.06139743454913558,-0.2669044899137989,999,11,6,999.0
seer_pan_train_tcga_test,Pan-cancer SEER only,CHOL,fold3,seer_n001k_00pct,0.08538322695872386,-0.14559693735629883,999,11,5,999.0
seer_pan_train_tcga_test,Pan-cancer SEER only,CHOL,fold4,seer_n001k_00pct,0.08347468948521555,-0.3247435370184357,999,11,5,999.0
seer_pan_train_tcga_test,Pan-cancer SEER only,COAD,fold1,seer_n001k_00pct,0.040406489193768824,-0.1708684982657259,999,89,20,999.0
seer_pan_train_tcga_test,Pan-cancer SEER only,COAD,fold2,seer_n001k_00pct,0.038868161833935405,-0.16148729473062748,999,89,20,999.0
seer_pan_train_tcga_test,Pan-cancer SEER only,COAD,fold3,seer_n001k_00pct,0.04805306036306694,-0.1518385932141582,999,88,19,999.0
seer_pan_train_tcga_test,Pan-cancer SEER only,COAD,fold4,seer_n001k_00pct,0.0402206203338387,-0.22942025352868403,999,88,19,999.0
seer_pan_train_tcga_test,Pan-cancer SEER only,COAD,fold5,seer_n001k_00pct,0.040490546373727614,-0.0677997364163937,999,88,20,999.0
seer_pan_train_tcga_test,Pan-cancer SEER only,DLBC,fold1,seer_n001k_00pct,0.10241569095620955,-0.06761741034774792,999,24,5,999.0
seer_pan_train_tcga_test,Pan-cancer SEER only,DLBC,fold2,seer_n001k_00pct,0.10630560006563944,-0.10282194061161931,999,23,4,999.0
seer_pan_train_tcga_test,Pan-cancer SEER only,ESCA,fold1,seer_n001k_00pct,0.02968919120774964,-0.21634036241363802,999,37,16,999.0
seer_pan_train_tcga_test,Pan-cancer SEER only,ESCA,fold2,seer_n001k_00pct,0.031921037981021076,-0.10007643570748617,999,37,16,999.0
seer_pan_train_tcga_test,Pan-cancer SEER only,ESCA,fold3,seer_n001k_00pct,0.028959934835038455,-0.1057290560779412,999,37,15,999.0
seer_pan_train_tcga_test,Pan-cancer SEER only,ESCA,fold4,seer_n001k_00pct,0.03084361020062127,-0.12537539757719046,999,37,15,999.0
seer_pan_train_tcga_test,Pan-cancer SEER only,ESCA,fold5,seer_n001k_00pct,0.034087453927015114,-0.1549125776716256,999,37,15,999.0
seer_pan_train_tcga_test,Pan-cancer SEER only,GBM,fold1,seer_n001k_00pct,0.06176879206147368,0.0034838153193956153,999,119,99,999.0
seer_pan_train_tcga_test,Pan-cancer SEER only,GBM,fold2,seer_n001k_00pct,0.06224490127866593,-0.020259283959845387,999,119,98,999.0
seer_pan_train_tcga_test,Pan-cancer SEER only,GBM,fold3,seer_n001k_00pct,0.06273508439051784,-0.013708514234363922,999,119,98,999.0
seer_pan_train_tcga_test,Pan-cancer SEER only,GBM,fold4,seer_n001k_00pct,0.05800601734821126,-0.006891188749160698,999,119,98,999.0
seer_pan_train_tcga_test,Pan-cancer SEER only,GBM,fold5,seer_n001k_00pct,0.06604975826310823,-0.022797494622669806,999,119,98,999.0
seer_pan_train_tcga_test,Pan-cancer SEER only,HNSC,fold1,seer_n001k_00pct,0.07104212076117901,-0.14348914116869127,999,106,45,999.0
seer_pan_train_tcga_test,Pan-cancer SEER only,HNSC,fold2,seer_n001k_00pct,0.06684990026933882,-0.06449884132867514,999,106,45,999.0
seer_pan_train_tcga_test,Pan-cancer SEER only,HNSC,fold3,seer_n001k_00pct,0.06649023679015563,-0.09224284975585027,999,105,44,999.0
seer_pan_train_tcga_test,Pan-cancer SEER only,HNSC,fold4,seer_n001k_00pct,0.06501438995717784,-0.1236539742105677,999,105,44,999.0
seer_pan_train_tcga_test,Pan-cancer SEER only,HNSC,fold5,seer_n001k_00pct,0.07132948608547371,-0.11896083133272481,999,105,45,999.0
seer_pan_train_tcga_test,Pan-cancer SEER only,KICH,fold1,seer_n001k_00pct,0.032802628645757594,-0.04042082079470189,999,56,6,999.0
seer_pan_train_tcga_test,Pan-cancer SEER only,KICH,fold2,seer_n001k_00pct,0.039591596436281414,-0.07159642577606715,999,56,6,999.0
seer_pan_train_tcga_test,Pan-cancer SEER only,KIRC,fold1,seer_n001k_00pct,0.05870562847900155,-0.07879744161039043,999,107,35,999.0
seer_pan_train_tcga_test,Pan-cancer SEER only,KIRC,fold2,seer_n001k_00pct,0.055878230254905445,-0.06500745140494926,999,107,35,999.0
seer_pan_train_tcga_test,Pan-cancer SEER only,KIRC,fold3,seer_n001k_00pct,0.05795663962724515,-0.11870616054345476,999,107,35,999.0
seer_pan_train_tcga_test,Pan-cancer SEER only,KIRC,fold4,seer_n001k_00pct,0.05545824349267474,-0.038214034974527564,999,107,36,999.0
seer_pan_train_tcga_test,Pan-cancer SEER only,KIRC,fold5,seer_n001k_00pct,0.05561201498525653,-0.05780513343173892,999,107,36,999.0
seer_pan_train_tcga_test,Pan-cancer SEER only,KIRP,fold1,seer_n001k_00pct,0.049321163209456696,-0.15838974168747622,999,58,9,999.0
seer_pan_train_tcga_test,Pan-cancer SEER only,KIRP,fold2,seer_n001k_00pct,0.04702417121766089,-0.1480067121394143,999,58,9,999.0
seer_pan_train_tcga_test,Pan-cancer SEER only,KIRP,fold3,seer_n001k_00pct,0.030321131191135792,-0.09270413037014333,999,58,9,999.0
seer_pan_train_tcga_test,Pan-cancer SEER only,KIRP,fold4,seer_n001k_00pct,0.03623402016241335,-0.11497029765353804,999,57,8,999.0
seer_pan_train_tcga_test,Pan-cancer SEER only,KIRP,fold5,seer_n001k_00pct,0.027589934713327328,-0.10772345770472919,999,57,9,999.0
seer_pan_train_tcga_test,Pan-cancer SEER only,LAML,fold1,seer_n001k_00pct,0.1507639455538578,-0.08781008163778445,999,35,22,999.0
seer_pan_train_tcga_test,Pan-cancer SEER only,LAML,fold2,seer_n001k_00pct,0.16413357133751216,-0.023990690535485387,999,35,22,999.0
seer_pan_train_tcga_test,Pan-cancer SEER only,LAML,fold3,seer_n001k_00pct,0.14220798138712987,-0.0747423388059136,999,35,22,999.0
seer_pan_train_tcga_test,Pan-cancer SEER only,LAML,fold4,seer_n001k_00pct,0.15514164841405864,0.0069561466506984915,999,34,21,999.0
seer_pan_train_tcga_test,Pan-cancer SEER only,LAML,fold5,seer_n001k_00pct,0.12372195800781285,-0.13290710452067253,999,34,21,999.0
seer_pan_train_tcga_test,Pan-cancer SEER only,LGG,fold1,seer_n001k_00pct,0.04775401805050739,-0.11734438489998505,999,103,25,999.0
seer_pan_train_tcga_test,Pan-cancer SEER only,LGG,fold2,seer_n001k_00pct,0.04170039568333154,-0.13273826354771348,999,102,25,999.0
seer_pan_train_tcga_test,Pan-cancer SEER only,LGG,fold3,seer_n001k_00pct,0.05732706318190712,-0.20336372657061275,999,102,25,999.0
seer_pan_train_tcga_test,Pan-cancer SEER only,LGG,fold4,seer_n001k_00pct,0.045136851643038475,-0.12411293351373993,999,102,25,999.0
seer_pan_train_tcga_test,Pan-cancer SEER only,LGG,fold5,seer_n001k_00pct,0.029693717335745252,-0.07126640794316796,999,102,25,999.0
seer_pan_train_tcga_test,Pan-cancer SEER only,LIHC,fold1,seer_n001k_00pct,0.0337839570882489,-0.10760648166913815,999,75,27,999.0
seer_pan_train_tcga_test,Pan-cancer SEER only,LIHC,fold2,seer_n001k_00pct,0.0520114652831692,-0.1777052086723485,999,74,27,999.0
seer_pan_train_tcga_test,Pan-cancer SEER only,LIHC,fold3,seer_n001k_00pct,0.04291681744970344,-0.21081700652148727,999,74,26,999.0
seer_pan_train_tcga_test,Pan-cancer SEER only,LIHC,fold4,seer_n001k_00pct,0.042988961204894184,-0.15049385342799335,999,74,26,999.0
seer_pan_train_tcga_test,Pan-cancer SEER only,LIHC,fold5,seer_n001k_00pct,0.043633839022775886,-0.12240435488923625,999,74,26,999.0
seer_pan_train_tcga_test,Pan-cancer SEER only,LUAD,fold1,seer_n001k_00pct,0.05974269265640387,-0.12187182839026178,999,102,36,999.0
seer_pan_train_tcga_test,Pan-cancer SEER only,LUAD,fold2,seer_n001k_00pct,0.04975159992622182,-0.09754225825351504,999,102,37,999.0
seer_pan_train_tcga_test,Pan-cancer SEER only,LUAD,fold3,seer_n001k_00pct,0.037389933637077974,-0.0907249305280889,999,102,37,999.0
seer_pan_train_tcga_test,Pan-cancer SEER only,LUAD,fold4,seer_n001k_00pct,0.07272822627933379,-0.23692180331833934,999,102,37,999.0
seer_pan_train_tcga_test,Pan-cancer SEER only,LUAD,fold5,seer_n001k_00pct,0.057155585505257823,-0.06182977151001621,999,101,36,999.0
seer_pan_train_tcga_test,Pan-cancer SEER only,LUSC,fold1,seer_n001k_00pct,0.05844810513299177,-0.0792567118817905,999,100,43,999.0
seer_pan_train_tcga_test,Pan-cancer SEER only,LUSC,fold2,seer_n001k_00pct,0.04939864175000314,-0.07362494530312316,999,100,43,999.0
seer_pan_train_tcga_test,Pan-cancer SEER only,LUSC,fold3,seer_n001k_00pct,0.0582022818272442,-0.06552741702267541,999,99,43,999.0
seer_pan_train_tcga_test,Pan-cancer SEER only,LUSC,fold4,seer_n001k_00pct,0.0659534589199934,-0.11460672349711774,999,99,43,999.0
seer_pan_train_tcga_test,Pan-cancer SEER only,LUSC,fold5,seer_n001k_00pct,0.0907542928948476,-0.26871402946063305,999,99,43,999.0
seer_pan_train_tcga_test,Pan-cancer SEER only,MESO,fold1,seer_n001k_00pct,0.06285162339515868,-0.01802842229355582,999,17,15,999.0
seer_pan_train_tcga_test,Pan-cancer SEER only,MESO,fold2,seer_n001k_00pct,0.0868229251431427,-0.17303857930455285,999,17,15,999.0
seer_pan_train_tcga_test,Pan-cancer SEER only,MESO,fold3,seer_n001k_00pct,0.0761976166330667,-0.040259714946808786,999,17,15,999.0
seer_pan_train_tcga_test,Pan-cancer SEER only,MESO,fold4,seer_n001k_00pct,0.088973235766789,-0.03303066747109083,999,17,14,999.0
seer_pan_train_tcga_test,Pan-cancer SEER only,MESO,fold5,seer_n001k_00pct,0.07165589669811158,-0.08495799492615881,999,17,14,999.0
seer_pan_train_tcga_test,Pan-cancer SEER only,OV,fold1,seer_n001k_00pct,0.08626541097244196,-0.06878063233785707,999,117,70,999.0
seer_pan_train_tcga_test,Pan-cancer SEER only,OV,fold2,seer_n001k_00pct,0.0783985024457968,-0.056026424026024924,999,117,70,999.0
seer_pan_train_tcga_test,Pan-cancer SEER only,OV,fold3,seer_n001k_00pct,0.0787692267866009,-0.03627329390784827,999,116,70,999.0
seer_pan_train_tcga_test,Pan-cancer SEER only,OV,fold4,seer_n001k_00pct,0.07056339800558709,-0.06012007530543634,999,116,69,999.0
seer_pan_train_tcga_test,Pan-cancer SEER only,OV,fold5,seer_n001k_00pct,0.09537688919078012,-0.13166115635032144,999,116,69,999.0
seer_pan_train_tcga_test,Pan-cancer SEER only,PAAD,fold1,seer_n001k_00pct,0.024550106820121164,-0.12839903564914937,999,37,20,999.0
seer_pan_train_tcga_test,Pan-cancer SEER only,PAAD,fold2,seer_n001k_00pct,0.04131248958428191,-0.40716594419969787,999,37,20,999.0
seer_pan_train_tcga_test,Pan-cancer SEER only,PAAD,fold3,seer_n001k_00pct,0.023378334754274394,-0.07517156774294091,999,37,20,999.0
seer_pan_train_tcga_test,Pan-cancer SEER only,PAAD,fold4,seer_n001k_00pct,0.030414684004478672,-0.10587759847805694,999,37,20,999.0
seer_pan_train_tcga_test,Pan-cancer SEER only,PAAD,fold5,seer_n001k_00pct,0.023598359975757197,-0.13186147815352722,999,36,20,999.0
seer_pan_train_tcga_test,Pan-cancer SEER only,PCPG,fold1,seer_n001k_00pct,0.020263388506294975,-0.03859259991851051,999,90,3,999.0
seer_pan_train_tcga_test,Pan-cancer SEER only,PCPG,fold2,seer_n001k_00pct,0.032479645002605785,0.022515513708765682,999,89,3,999.0
seer_pan_train_tcga_test,Pan-cancer SEER only,PRAD,fold1,seer_n001k_00pct,0.008489189374188624,-0.03504466295111875,999,250,5,999.0
seer_pan_train_tcga_test,Pan-cancer SEER only,PRAD,fold2,seer_n001k_00pct,0.008225139126024501,-0.01985943866254638,999,250,5,999.0
seer_pan_train_tcga_test,Pan-cancer SEER only,READ,fold1,seer_n001k_00pct,0.014937340533591642,-0.12353064979215869,999,33,5,999.0
seer_pan_train_tcga_test,Pan-cancer SEER only,READ,fold2,seer_n001k_00pct,0.028923607798393924,-0.15676446218315263,999,33,5,999.0
seer_pan_train_tcga_test,Pan-cancer SEER only,READ,fold3,seer_n001k_00pct,0.01647409055553305,-0.09620361235069975,999,33,5,999.0
seer_pan_train_tcga_test,Pan-cancer SEER only,READ,fold4,seer_n001k_00pct,0.0239425611026486,-0.10242772379890784,999,33,6,999.0
seer_pan_train_tcga_test,Pan-cancer SEER only,READ,fold5,seer_n001k_00pct,0.021601964169953518,-0.1352018089821759,999,32,5,999.0
seer_pan_train_tcga_test,Pan-cancer SEER only,SARC,fold1,seer_n001k_00pct,0.07682358708988304,-0.10478779227339985,999,53,20,999.0
seer_pan_train_tcga_test,Pan-cancer SEER only,SARC,fold2,seer_n001k_00pct,0.05456515361854156,-0.12598243893214434,999,52,19,999.0
seer_pan_train_tcga_test,Pan-cancer SEER only,SARC,fold3,seer_n001k_00pct,0.06765760246127783,-0.13913170230003233,999,52,20,999.0
seer_pan_train_tcga_test,Pan-cancer SEER only,SARC,fold4,seer_n001k_00pct,0.08976785002287545,-0.1207286304953522,999,52,20,999.0
seer_pan_train_tcga_test,Pan-cancer SEER only,SARC,fold5,seer_n001k_00pct,0.06910157686834156,-0.1611577445690889,999,52,20,999.0
seer_pan_train_tcga_test,Pan-cancer SEER only,SKCM,fold1,seer_n001k_00pct,0.1505758599012618,-0.045932011584412236,999,91,43,999.0
seer_pan_train_tcga_test,Pan-cancer SEER only,SKCM,fold2,seer_n001k_00pct,0.16303220195002152,0.047713740256799475,999,91,43,999.0
seer_pan_train_tcga_test,Pan-cancer SEER only,SKCM,fold3,seer_n001k_00pct,0.14904384298553994,-0.029585861109069717,999,91,43,999.0
seer_pan_train_tcga_test,Pan-cancer SEER only,SKCM,fold4,seer_n001k_00pct,0.20209701523517878,-0.00913754140964576,999,91,43,999.0
seer_pan_train_tcga_test,Pan-cancer SEER only,SKCM,fold5,seer_n001k_00pct,0.11536534335279337,0.030322078706579464,999,90,42,999.0
seer_pan_train_tcga_test,Pan-cancer SEER only,STAD,fold1,seer_n001k_00pct,0.031150918128947026,-0.14274213117445997,999,84,34,999.0
seer_pan_train_tcga_test,Pan-cancer SEER only,STAD,fold2,seer_n001k_00pct,0.03803668765564955,-0.18002312172120624,999,84,34,999.0
seer_pan_train_tcga_test,Pan-cancer SEER only,STAD,fold3,seer_n001k_00pct,0.030536460819080496,-0.15657765723435454,999,83,33,999.0
seer_pan_train_tcga_test,Pan-cancer SEER only,STAD,fold4,seer_n001k_00pct,0.035016899378070246,-0.1548946715316738,999,83,33,999.0
seer_pan_train_tcga_test,Pan-cancer SEER only,STAD,fold5,seer_n001k_00pct,0.03120399869175346,-0.17174289641484852,999,83,34,999.0
seer_pan_train_tcga_test,Pan-cancer SEER only,TGCT,fold1,seer_n001k_00pct,0.01927851304444631,0.005638973615329357,999,67,2,999.0
seer_pan_train_tcga_test,Pan-cancer SEER only,TGCT,fold2,seer_n001k_00pct,0.024479225287432946,0.010839685858315995,999,67,2,999.0
seer_pan_train_tcga_test,Pan-cancer SEER only,THCA,fold1,seer_n001k_00pct,0.010490666913380787,-0.044219131405281345,999,169,5,999.0
seer_pan_train_tcga_test,Pan-cancer SEER only,THCA,fold2,seer_n001k_00pct,0.008847272320966437,-0.021692310367516635,999,169,6,999.0
seer_pan_train_tcga_test,Pan-cancer SEER only,THCA,fold3,seer_n001k_00pct,0.009118697789413132,-0.03179442617466386,999,168,5,999.0
seer_pan_train_tcga_test,Pan-cancer SEER only,THYM,fold1,seer_n001k_00pct,0.030738790081185467,-0.032626438055459936,999,62,5,999.0
seer_pan_train_tcga_test,Pan-cancer SEER only,THYM,fold2,seer_n001k_00pct,0.03131315976845951,-0.05664229808353505,999,61,4,999.0
seer_pan_train_tcga_test,Pan-cancer SEER only,UCEC,fold1,seer_n001k_00pct,0.03473255364059919,-0.11126708589778966,999,110,19,999.0
seer_pan_train_tcga_test,Pan-cancer SEER only,UCEC,fold2,seer_n001k_00pct,0.034526702383822376,-0.0490234832723122,999,109,18,999.0
seer_pan_train_tcga_test,Pan-cancer SEER only,UCEC,fold3,seer_n001k_00pct,0.09176965246045242,-0.1632958100860728,999,109,18,999.0
seer_pan_train_tcga_test,Pan-cancer SEER only,UCEC,fold4,seer_n001k_00pct,0.03517004650235567,-0.14029073801435127,999,109,18,999.0
seer_pan_train_tcga_test,Pan-cancer SEER only,UCEC,fold5,seer_n001k_00pct,0.039217919655202195,-0.08565396943540937,999,109,18,999.0
seer_pan_train_tcga_test,Pan-cancer SEER only,UCS,fold1,seer_n001k_00pct,0.03806028133641804,-0.19384079395176648,999,12,7,999.0
seer_pan_train_tcga_test,Pan-cancer SEER only,UCS,fold2,seer_n001k_00pct,0.08775072224656545,-0.01472228694801063,999,11,7,999.0
seer_pan_train_tcga_test,Pan-cancer SEER only,UCS,fold3,seer_n001k_00pct,0.11193584404044221,-0.13500731825653414,999,11,7,999.0
seer_pan_train_tcga_test,Pan-cancer SEER only,UCS,fold4,seer_n001k_00pct,0.07748030798008858,-0.21123307853517953,999,11,7,999.0
seer_pan_train_tcga_test,Pan-cancer SEER only,UCS,fold5,seer_n001k_00pct,0.05808549334207851,-0.137659942076295,999,11,7,999.0
seer_pan_train_tcga_test,Pan-cancer SEER only,UVM,fold1,seer_n001k_00pct,0.06283359328896027,-0.06658060808002883,999,20,6,999.0
seer_pan_train_tcga_test,Pan-cancer SEER only,UVM,fold2,seer_n001k_00pct,0.05185363212395697,-0.08447005640063165,999,20,6,999.0
seer_pan_train_tcga_test,Pan-cancer SEER only,UVM,fold3,seer_n001k_00pct,0.052482817269502484,-0.13756594339233105,999,20,6,999.0
seer_pan_train_tcga_test,Pan-cancer SEER only,UVM,fold4,seer_n001k_00pct,0.03793331419815856,-0.18600636602254703,999,20,5,999.0
seer_pan_train_tcga_test,Pan-cancer SEER only,ACC,fold1,seer_n003k_00pct,0.03524227210339176,-0.05435568244385583,3001,19,7,3001.0
seer_pan_train_tcga_test,Pan-cancer SEER only,ACC,fold2,seer_n003k_00pct,0.09501829494215702,-0.12741398785202193,3001,18,7,3001.0
seer_pan_train_tcga_test,Pan-cancer SEER only,ACC,fold3,seer_n003k_00pct,0.055083118682095186,-0.10122766093088449,3001,18,7,3001.0
seer_pan_train_tcga_test,Pan-cancer SEER only,ACC,fold4,seer_n003k_00pct,0.06204377956169468,-0.02771203074214349,3001,18,6,3001.0
seer_pan_train_tcga_test,Pan-cancer SEER only,ACC,fold5,seer_n003k_00pct,0.05114825608310228,-0.0417230399760526,3001,18,6,3001.0
seer_pan_train_tcga_test,Pan-cancer SEER only,BLCA,fold1,seer_n003k_00pct,0.04761607703305848,-0.14808546681604934,3001,82,36,3001.0
seer_pan_train_tcga_test,Pan-cancer SEER only,BLCA,fold2,seer_n003k_00pct,0.05531238521237098,-0.07672735146875148,3001,82,36,3001.0
seer_pan_train_tcga_test,Pan-cancer SEER only,BLCA,fold3,seer_n003k_00pct,0.05970701219308008,-0.09310150972733647,3001,82,36,3001.0
seer_pan_train_tcga_test,Pan-cancer SEER only,BLCA,fold4,seer_n003k_00pct,0.057345029406668635,-0.1333029884237381,3001,82,36,3001.0
seer_pan_train_tcga_test,Pan-cancer SEER only,BLCA,fold5,seer_n003k_00pct,0.0685220072103578,-0.1987688291161428,3001,82,36,3001.0
seer_pan_train_tcga_test,Pan-cancer SEER only,BRCA,fold1,seer_n003k_00pct,0.049397861242574254,-0.10798241446696671,3001,217,30,3001.0
seer_pan_train_tcga_test,Pan-cancer SEER only,BRCA,fold2,seer_n003k_00pct,0.04606041410402191,-0.06741674571482786,3001,217,30,3001.0
seer_pan_train_tcga_test,Pan-cancer SEER only,BRCA,fold3,seer_n003k_00pct,0.041213591343958716,-0.07749026446662617,3001,217,31,3001.0
seer_pan_train_tcga_test,Pan-cancer SEER only,BRCA,fold4,seer_n003k_00pct,0.05403830670737539,-0.19079643542751615,3001,216,30,3001.0
seer_pan_train_tcga_test,Pan-cancer SEER only,BRCA,fold5,seer_n003k_00pct,0.04098051838509458,-0.10972399781704664,3001,216,30,3001.0
seer_pan_train_tcga_test,Pan-cancer SEER only,CESC,fold1,seer_n003k_00pct,0.09490810406208784,-0.05582607273779937,3001,59,14,3001.0
seer_pan_train_tcga_test,Pan-cancer SEER only,CESC,fold2,seer_n003k_00pct,0.12406692602596997,-0.060572676872497205,3001,59,14,3001.0
seer_pan_train_tcga_test,Pan-cancer SEER only,CESC,fold3,seer_n003k_00pct,0.07498697590653283,-0.030107889281459632,3001,59,14,3001.0
seer_pan_train_tcga_test,Pan-cancer SEER only,CESC,fold4,seer_n003k_00pct,0.09479209809535283,-0.2096713577852804,3001,59,15,3001.0
seer_pan_train_tcga_test,Pan-cancer SEER only,CESC,fold5,seer_n003k_00pct,0.09305822513453023,-0.2036541713962644,3001,58,14,3001.0
seer_pan_train_tcga_test,Pan-cancer SEER only,CHOL,fold1,seer_n003k_00pct,0.05551932138726915,-0.16671324325776254,3001,12,6,3001.0
seer_pan_train_tcga_test,Pan-cancer SEER only,CHOL,fold2,seer_n003k_00pct,0.04057547596361575,-0.2877264484993187,3001,11,6,3001.0
seer_pan_train_tcga_test,Pan-cancer SEER only,CHOL,fold3,seer_n003k_00pct,0.04705055968926708,-0.1839296046257556,3001,11,5,3001.0
seer_pan_train_tcga_test,Pan-cancer SEER only,CHOL,fold4,seer_n003k_00pct,0.061674741640379185,-0.34654348486327213,3001,11,5,3001.0
seer_pan_train_tcga_test,Pan-cancer SEER only,COAD,fold1,seer_n003k_00pct,0.04332964308908223,-0.16794534437041247,3001,89,20,3001.0
seer_pan_train_tcga_test,Pan-cancer SEER only,COAD,fold2,seer_n003k_00pct,0.03908113151471174,-0.16127432504985115,3001,89,20,3001.0
seer_pan_train_tcga_test,Pan-cancer SEER only,COAD,fold3,seer_n003k_00pct,0.04632525334210202,-0.15356640023512313,3001,88,19,3001.0
seer_pan_train_tcga_test,Pan-cancer SEER only,COAD,fold4,seer_n003k_00pct,0.0397900600850206,-0.22985081377750213,3001,88,19,3001.0
seer_pan_train_tcga_test,Pan-cancer SEER only,COAD,fold5,seer_n003k_00pct,0.03641104102211401,-0.07187924176800731,3001,88,20,3001.0
seer_pan_train_tcga_test,Pan-cancer SEER only,DLBC,fold1,seer_n003k_00pct,0.0845864259145935,-0.08544667538936396,3001,24,5,3001.0
seer_pan_train_tcga_test,Pan-cancer SEER only,DLBC,fold2,seer_n003k_00pct,0.08738259753513439,-0.12174494314212436,3001,23,4,3001.0
seer_pan_train_tcga_test,Pan-cancer SEER only,ESCA,fold1,seer_n003k_00pct,0.041359845130809356,-0.2046697084905783,3001,37,16,3001.0
seer_pan_train_tcga_test,Pan-cancer SEER only,ESCA,fold2,seer_n003k_00pct,0.04117700415841001,-0.09082046953009724,3001,37,16,3001.0
seer_pan_train_tcga_test,Pan-cancer SEER only,ESCA,fold3,seer_n003k_00pct,0.02672920442329003,-0.10795978648968961,3001,37,15,3001.0
seer_pan_train_tcga_test,Pan-cancer SEER only,ESCA,fold4,seer_n003k_00pct,0.044141205950269116,-0.11207780182754261,3001,37,15,3001.0
seer_pan_train_tcga_test,Pan-cancer SEER only,ESCA,fold5,seer_n003k_00pct,0.043316706414917784,-0.14568332518372296,3001,37,15,3001.0
seer_pan_train_tcga_test,Pan-cancer SEER only,GBM,fold1,seer_n003k_00pct,0.05919812122180905,0.0009131444797309818,3001,119,99,3001.0
seer_pan_train_tcga_test,Pan-cancer SEER only,GBM,fold2,seer_n003k_00pct,0.06273311987418616,-0.019771065364325158,3001,119,98,3001.0
seer_pan_train_tcga_test,Pan-cancer SEER only,GBM,fold3,seer_n003k_00pct,0.06281298670792898,-0.013630611916952778,3001,119,98,3001.0
seer_pan_train_tcga_test,Pan-cancer SEER only,GBM,fold4,seer_n003k_00pct,0.05834335923314769,-0.006553846864224264,3001,119,98,3001.0
seer_pan_train_tcga_test,Pan-cancer SEER only,GBM,fold5,seer_n003k_00pct,0.06519673059539585,-0.023650522290382184,3001,119,98,3001.0
seer_pan_train_tcga_test,Pan-cancer SEER only,HNSC,fold1,seer_n003k_00pct,0.05978348544810692,-0.15474777648176338,3001,106,45,3001.0
seer_pan_train_tcga_test,Pan-cancer SEER only,HNSC,fold2,seer_n003k_00pct,0.056517366356825645,-0.07483137524118832,3001,106,45,3001.0
seer_pan_train_tcga_test,Pan-cancer SEER only,HNSC,fold3,seer_n003k_00pct,0.06354720135954396,-0.09518588518646194,3001,105,44,3001.0
seer_pan_train_tcga_test,Pan-cancer SEER only,HNSC,fold4,seer_n003k_00pct,0.07116351422183757,-0.11750484994590797,3001,105,44,3001.0
seer_pan_train_tcga_test,Pan-cancer SEER only,HNSC,fold5,seer_n003k_00pct,0.0703446109278437,-0.11994570649035481,3001,105,45,3001.0
seer_pan_train_tcga_test,Pan-cancer SEER only,KICH,fold1,seer_n003k_00pct,0.036532793599556135,-0.03669065584090335,3001,56,6,3001.0
seer_pan_train_tcga_test,Pan-cancer SEER only,KICH,fold2,seer_n003k_00pct,0.041066144875347536,-0.07012187733700104,3001,56,6,3001.0
seer_pan_train_tcga_test,Pan-cancer SEER only,KIRC,fold1,seer_n003k_00pct,0.06342021174266317,-0.0740828583467288,3001,107,35,3001.0
seer_pan_train_tcga_test,Pan-cancer SEER only,KIRC,fold2,seer_n003k_00pct,0.07186294964859563,-0.049022732011259076,3001,107,35,3001.0
seer_pan_train_tcga_test,Pan-cancer SEER only,KIRC,fold3,seer_n003k_00pct,0.06173459180747617,-0.11492820836322373,3001,107,35,3001.0
seer_pan_train_tcga_test,Pan-cancer SEER only,KIRC,fold4,seer_n003k_00pct,0.05953720043417576,-0.03413507803302654,3001,107,36,3001.0
seer_pan_train_tcga_test,Pan-cancer SEER only,KIRC,fold5,seer_n003k_00pct,0.059976233518384416,-0.05344091489861103,3001,107,36,3001.0
seer_pan_train_tcga_test,Pan-cancer SEER only,KIRP,fold1,seer_n003k_00pct,0.03596009592250405,-0.17175080897442888,3001,58,9,3001.0
seer_pan_train_tcga_test,Pan-cancer SEER only,KIRP,fold2,seer_n003k_00pct,0.03882186080949971,-0.1562090225475755,3001,58,9,3001.0
seer_pan_train_tcga_test,Pan-cancer SEER only,KIRP,fold3,seer_n003k_00pct,0.02760947990084673,-0.09541578166043238,3001,58,9,3001.0
seer_pan_train_tcga_test,Pan-cancer SEER only,KIRP,fold4,seer_n003k_00pct,0.03296593933910094,-0.11823837847685045,3001,57,8,3001.0
seer_pan_train_tcga_test,Pan-cancer SEER only,KIRP,fold5,seer_n003k_00pct,0.025136102385201094,-0.11017729003285542,3001,57,9,3001.0
seer_pan_train_tcga_test,Pan-cancer SEER only,LAML,fold1,seer_n003k_00pct,0.09242147531735818,-0.14615255187428405,3001,35,22,3001.0
seer_pan_train_tcga_test,Pan-cancer SEER only,LAML,fold2,seer_n003k_00pct,0.09980444724107955,-0.088319814631918,3001,35,22,3001.0
seer_pan_train_tcga_test,Pan-cancer SEER only,LAML,fold3,seer_n003k_00pct,0.07872845588757237,-0.13822186430547112,3001,35,22,3001.0
seer_pan_train_tcga_test,Pan-cancer SEER only,LAML,fold4,seer_n003k_00pct,0.08429013769741994,-0.06389536406594021,3001,34,21,3001.0
seer_pan_train_tcga_test,Pan-cancer SEER only,LAML,fold5,seer_n003k_00pct,0.06474627348697029,-0.1918827890415151,3001,34,21,3001.0
seer_pan_train_tcga_test,Pan-cancer SEER only,LGG,fold1,seer_n003k_00pct,0.05320104788841119,-0.11189735506208125,3001,103,25,3001.0
seer_pan_train_tcga_test,Pan-cancer SEER only,LGG,fold2,seer_n003k_00pct,0.05134652216185768,-0.12309213706918734,3001,102,25,3001.0
seer_pan_train_tcga_test,Pan-cancer SEER only,LGG,fold3,seer_n003k_00pct,0.0691258144862094,-0.19156497526631044,3001,102,25,3001.0
seer_pan_train_tcga_test,Pan-cancer SEER only,LGG,fold4,seer_n003k_00pct,0.05081244019285282,-0.11843734496392559,3001,102,25,3001.0
seer_pan_train_tcga_test,Pan-cancer SEER only,LGG,fold5,seer_n003k_00pct,0.03467230304019968,-0.06628782223871355,3001,102,25,3001.0
seer_pan_train_tcga_test,Pan-cancer SEER only,LIHC,fold1,seer_n003k_00pct,0.03137473693577844,-0.11001570182160861,3001,75,27,3001.0
seer_pan_train_tcga_test,Pan-cancer SEER only,LIHC,fold2,seer_n003k_00pct,0.04855706024683017,-0.18115961370868755,3001,74,27,3001.0
seer_pan_train_tcga_test,Pan-cancer SEER only,LIHC,fold3,seer_n003k_00pct,0.03960431522231902,-0.21412950874887168,3001,74,26,3001.0
seer_pan_train_tcga_test,Pan-cancer SEER only,LIHC,fold4,seer_n003k_00pct,0.03895432732178813,-0.1545284873110994,3001,74,26,3001.0
seer_pan_train_tcga_test,Pan-cancer SEER only,LIHC,fold5,seer_n003k_00pct,0.04151907335991731,-0.12451912055209483,3001,74,26,3001.0
seer_pan_train_tcga_test,Pan-cancer SEER only,LUAD,fold1,seer_n003k_00pct,0.05538251521826919,-0.12623200582839644,3001,102,36,3001.0
seer_pan_train_tcga_test,Pan-cancer SEER only,LUAD,fold2,seer_n003k_00pct,0.04621801819342647,-0.1010758399863104,3001,102,37,3001.0
seer_pan_train_tcga_test,Pan-cancer SEER only,LUAD,fold3,seer_n003k_00pct,0.03679691567931753,-0.09131794848584934,3001,102,37,3001.0
seer_pan_train_tcga_test,Pan-cancer SEER only,LUAD,fold4,seer_n003k_00pct,0.05989132008892514,-0.24975870950874798,3001,102,37,3001.0
seer_pan_train_tcga_test,Pan-cancer SEER only,LUAD,fold5,seer_n003k_00pct,0.046630882066044585,-0.07235447494922945,3001,101,36,3001.0
seer_pan_train_tcga_test,Pan-cancer SEER only,LUSC,fold1,seer_n003k_00pct,0.06047312388429153,-0.07723169313049073,3001,100,43,3001.0
seer_pan_train_tcga_test,Pan-cancer SEER only,LUSC,fold2,seer_n003k_00pct,0.04826290341230064,-0.07476068364082566,3001,100,43,3001.0
seer_pan_train_tcga_test,Pan-cancer SEER only,LUSC,fold3,seer_n003k_00pct,0.05652794474934206,-0.06720175410057755,3001,99,43,3001.0
seer_pan_train_tcga_test,Pan-cancer SEER only,LUSC,fold4,seer_n003k_00pct,0.059775367485308935,-0.12078481493180221,3001,99,43,3001.0
seer_pan_train_tcga_test,Pan-cancer SEER only,LUSC,fold5,seer_n003k_00pct,0.09232310798334027,-0.2671452143721404,3001,99,43,3001.0
seer_pan_train_tcga_test,Pan-cancer SEER only,MESO,fold1,seer_n003k_00pct,0.03784042602317786,-0.04303961966553664,3001,17,15,3001.0
seer_pan_train_tcga_test,Pan-cancer SEER only,MESO,fold2,seer_n003k_00pct,0.07077854225599599,-0.18908296219169957,3001,17,15,3001.0
seer_pan_train_tcga_test,Pan-cancer SEER only,MESO,fold3,seer_n003k_00pct,0.05209685969821828,-0.06436047188165722,3001,17,15,3001.0
seer_pan_train_tcga_test,Pan-cancer SEER only,MESO,fold4,seer_n003k_00pct,0.05538620290518421,-0.06661770033269562,3001,17,14,3001.0
seer_pan_train_tcga_test,Pan-cancer SEER only,MESO,fold5,seer_n003k_00pct,0.04980569656128056,-0.10680819506298983,3001,17,14,3001.0
seer_pan_train_tcga_test,Pan-cancer SEER only,OV,fold1,seer_n003k_00pct,0.11707921844133234,-0.037966824868966687,3001,117,70,3001.0
seer_pan_train_tcga_test,Pan-cancer SEER only,OV,fold2,seer_n003k_00pct,0.11895348211401881,-0.015471444357802913,3001,117,70,3001.0
seer_pan_train_tcga_test,Pan-cancer SEER only,OV,fold3,seer_n003k_00pct,0.11131057675635747,-0.003731943938091689,3001,116,70,3001.0
seer_pan_train_tcga_test,Pan-cancer SEER only,OV,fold4,seer_n003k_00pct,0.11042148465888335,-0.020261988652140073,3001,116,69,3001.0
seer_pan_train_tcga_test,Pan-cancer SEER only,OV,fold5,seer_n003k_00pct,0.11938057840298529,-0.10765746713811629,3001,116,69,3001.0
seer_pan_train_tcga_test,Pan-cancer SEER only,PAAD,fold1,seer_n003k_00pct,0.026175428174139193,-0.12677371429513132,3001,37,20,3001.0
seer_pan_train_tcga_test,Pan-cancer SEER only,PAAD,fold2,seer_n003k_00pct,0.04095201310310703,-0.40752642068087275,3001,37,20,3001.0
seer_pan_train_tcga_test,Pan-cancer SEER only,PAAD,fold3,seer_n003k_00pct,0.022991090750405997,-0.07555881174680931,3001,37,20,3001.0
seer_pan_train_tcga_test,Pan-cancer SEER only,PAAD,fold4,seer_n003k_00pct,0.028606682559497585,-0.10768559992303803,3001,37,20,3001.0
seer_pan_train_tcga_test,Pan-cancer SEER only,PAAD,fold5,seer_n003k_00pct,0.027227343413683335,-0.1282324947156011,3001,36,20,3001.0
seer_pan_train_tcga_test,Pan-cancer SEER only,PCPG,fold1,seer_n003k_00pct,0.026320370313885073,-0.032535618110920414,3001,90,3,3001.0
seer_pan_train_tcga_test,Pan-cancer SEER only,PCPG,fold2,seer_n003k_00pct,0.03997834097257863,0.030014209678738527,3001,89,3,3001.0
seer_pan_train_tcga_test,Pan-cancer SEER only,PRAD,fold1,seer_n003k_00pct,0.009693181594137821,-0.03384067073116956,3001,250,5,3001.0
seer_pan_train_tcga_test,Pan-cancer SEER only,PRAD,fold2,seer_n003k_00pct,0.009426409433929762,-0.018658168354641118,3001,250,5,3001.0
seer_pan_train_tcga_test,Pan-cancer SEER only,READ,fold1,seer_n003k_00pct,0.02174894488775541,-0.11671904543799491,3001,33,5,3001.0
seer_pan_train_tcga_test,Pan-cancer SEER only,READ,fold2,seer_n003k_00pct,0.02973177938048056,-0.155956290601066,3001,33,5,3001.0
seer_pan_train_tcga_test,Pan-cancer SEER only,READ,fold3,seer_n003k_00pct,0.013857593908702094,-0.09882010899753071,3001,33,5,3001.0
seer_pan_train_tcga_test,Pan-cancer SEER only,READ,fold4,seer_n003k_00pct,0.020056015211590856,-0.10631426968996559,3001,33,6,3001.0
seer_pan_train_tcga_test,Pan-cancer SEER only,READ,fold5,seer_n003k_00pct,0.027424507170889727,-0.1293792659812397,3001,32,5,3001.0
seer_pan_train_tcga_test,Pan-cancer SEER only,SARC,fold1,seer_n003k_00pct,0.08088635624540268,-0.10072502311788022,3001,53,20,3001.0
seer_pan_train_tcga_test,Pan-cancer SEER only,SARC,fold2,seer_n003k_00pct,0.05810669551231593,-0.12244089703836997,3001,52,19,3001.0
seer_pan_train_tcga_test,Pan-cancer SEER only,SARC,fold3,seer_n003k_00pct,0.08378012362840986,-0.1230091811329003,3001,52,20,3001.0
seer_pan_train_tcga_test,Pan-cancer SEER only,SARC,fold4,seer_n003k_00pct,0.08889986801510366,-0.12159661250312398,3001,52,20,3001.0
seer_pan_train_tcga_test,Pan-cancer SEER only,SARC,fold5,seer_n003k_00pct,0.09058378602606487,-0.1396755354113656,3001,52,20,3001.0
seer_pan_train_tcga_test,Pan-cancer SEER only,SKCM,fold1,seer_n003k_00pct,0.1630659498855216,-0.03344192160015244,3001,91,43,3001.0
seer_pan_train_tcga_test,Pan-cancer SEER only,SKCM,fold2,seer_n003k_00pct,0.16480983523603152,0.04949137354280947,3001,91,43,3001.0
seer_pan_train_tcga_test,Pan-cancer SEER only,SKCM,fold3,seer_n003k_00pct,0.14977238789988223,-0.028857316194727423,3001,91,43,3001.0
seer_pan_train_tcga_test,Pan-cancer SEER only,SKCM,fold4,seer_n003k_00pct,0.19032822934244298,-0.020906327302381567,3001,91,43,3001.0
seer_pan_train_tcga_test,Pan-cancer SEER only,SKCM,fold5,seer_n003k_00pct,0.10790604385938635,0.022862779213172438,3001,90,42,3001.0
seer_pan_train_tcga_test,Pan-cancer SEER only,STAD,fold1,seer_n003k_00pct,0.05391806375518116,-0.11997498554822583,3001,84,34,3001.0
seer_pan_train_tcga_test,Pan-cancer SEER only,STAD,fold2,seer_n003k_00pct,0.05751519492718678,-0.160544614449669,3001,84,34,3001.0
seer_pan_train_tcga_test,Pan-cancer SEER only,STAD,fold3,seer_n003k_00pct,0.048508339912496416,-0.1386057781409386,3001,83,33,3001.0
seer_pan_train_tcga_test,Pan-cancer SEER only,STAD,fold4,seer_n003k_00pct,0.050023891687898246,-0.1398876792218458,3001,83,33,3001.0
seer_pan_train_tcga_test,Pan-cancer SEER only,STAD,fold5,seer_n003k_00pct,0.04338328934035566,-0.15956360576624634,3001,83,34,3001.0
seer_pan_train_tcga_test,Pan-cancer SEER only,TGCT,fold1,seer_n003k_00pct,0.018899157512989477,0.005259618083872526,3001,67,2,3001.0
seer_pan_train_tcga_test,Pan-cancer SEER only,TGCT,fold2,seer_n003k_00pct,0.02480903600852498,0.011169496579408028,3001,67,2,3001.0
seer_pan_train_tcga_test,Pan-cancer SEER only,THCA,fold1,seer_n003k_00pct,0.011641457684000973,-0.04306834063466116,3001,169,5,3001.0
seer_pan_train_tcga_test,Pan-cancer SEER only,THCA,fold2,seer_n003k_00pct,0.00815921710527525,-0.02238036558320782,3001,169,6,3001.0
seer_pan_train_tcga_test,Pan-cancer SEER only,THCA,fold3,seer_n003k_00pct,0.008530525329761193,-0.0323825986343158,3001,168,5,3001.0
seer_pan_train_tcga_test,Pan-cancer SEER only,THYM,fold1,seer_n003k_00pct,0.029080144592934364,-0.034285083543711035,3001,62,5,3001.0
seer_pan_train_tcga_test,Pan-cancer SEER only,THYM,fold2,seer_n003k_00pct,0.029692193141629925,-0.05826326471036464,3001,61,4,3001.0
seer_pan_train_tcga_test,Pan-cancer SEER only,UCEC,fold1,seer_n003k_00pct,0.035216830582786816,-0.11078280895560202,3001,110,19,3001.0
seer_pan_train_tcga_test,Pan-cancer SEER only,UCEC,fold2,seer_n003k_00pct,0.035060942972388764,-0.04848924268374581,3001,109,18,3001.0
seer_pan_train_tcga_test,Pan-cancer SEER only,UCEC,fold3,seer_n003k_00pct,0.07714659410735265,-0.1779188684391726,3001,109,18,3001.0
seer_pan_train_tcga_test,Pan-cancer SEER only,UCEC,fold4,seer_n003k_00pct,0.03442509867977952,-0.1410356858369274,3001,109,18,3001.0
seer_pan_train_tcga_test,Pan-cancer SEER only,UCEC,fold5,seer_n003k_00pct,0.045182216278157106,-0.07968967281245445,3001,109,18,3001.0
seer_pan_train_tcga_test,Pan-cancer SEER only,UCS,fold1,seer_n003k_00pct,0.053658069426476974,-0.17824300586170755,3001,12,7,3001.0
seer_pan_train_tcga_test,Pan-cancer SEER only,UCS,fold2,seer_n003k_00pct,0.05399629160984626,-0.04847671758472982,3001,11,7,3001.0
seer_pan_train_tcga_test,Pan-cancer SEER only,UCS,fold3,seer_n003k_00pct,0.11590884123253756,-0.1310343210644388,3001,11,7,3001.0
seer_pan_train_tcga_test,Pan-cancer SEER only,UCS,fold4,seer_n003k_00pct,0.06674048989053068,-0.22197289662473746,3001,11,7,3001.0
seer_pan_train_tcga_test,Pan-cancer SEER only,UCS,fold5,seer_n003k_00pct,0.06349175936116616,-0.13225367605720736,3001,11,7,3001.0
seer_pan_train_tcga_test,Pan-cancer SEER only,UVM,fold1,seer_n003k_00pct,0.029514139403721558,-0.09990006196526754,3001,20,6,3001.0
seer_pan_train_tcga_test,Pan-cancer SEER only,UVM,fold2,seer_n003k_00pct,0.026059683451121383,-0.11026400507346723,3001,20,6,3001.0
seer_pan_train_tcga_test,Pan-cancer SEER only,UVM,fold3,seer_n003k_00pct,0.023546625039828146,-0.1665021356220054,3001,20,6,3001.0
seer_pan_train_tcga_test,Pan-cancer SEER only,UVM,fold4,seer_n003k_00pct,0.029386868829395972,-0.19455281139130962,3001,20,5,3001.0
seer_pan_train_tcga_test,Pan-cancer SEER only,ACC,fold1,seer_n010k_00pct,0.05847849829977123,-0.031119456247476356,9999,19,7,9999.0
seer_pan_train_tcga_test,Pan-cancer SEER only,ACC,fold2,seer_n010k_00pct,0.12216670949685805,-0.1002655732973209,9999,18,7,9999.0
seer_pan_train_tcga_test,Pan-cancer SEER only,ACC,fold3,seer_n010k_00pct,0.07961940445191586,-0.07669137516106382,9999,18,7,9999.0
seer_pan_train_tcga_test,Pan-cancer SEER only,ACC,fold4,seer_n010k_00pct,0.10056306815001426,0.010807257846176088,9999,18,6,9999.0
seer_pan_train_tcga_test,Pan-cancer SEER only,ACC,fold5,seer_n010k_00pct,0.07457079537526175,-0.018300500683893134,9999,18,6,9999.0
seer_pan_train_tcga_test,Pan-cancer SEER only,BLCA,fold1,seer_n010k_00pct,0.06287401298722574,-0.1328275308618821,9999,82,36,9999.0
seer_pan_train_tcga_test,Pan-cancer SEER only,BLCA,fold2,seer_n010k_00pct,0.07792786918847402,-0.05411186749264843,9999,82,36,9999.0
seer_pan_train_tcga_test,Pan-cancer SEER only,BLCA,fold3,seer_n010k_00pct,0.07517274568364157,-0.07763577623677498,9999,82,36,9999.0
seer_pan_train_tcga_test,Pan-cancer SEER only,BLCA,fold4,seer_n010k_00pct,0.07301680759156026,-0.11763121023884648,9999,82,36,9999.0
seer_pan_train_tcga_test,Pan-cancer SEER only,BLCA,fold5,seer_n010k_00pct,0.08032377776472083,-0.18696705856177975,9999,82,36,9999.0
seer_pan_train_tcga_test,Pan-cancer SEER only,BRCA,fold1,seer_n010k_00pct,0.052777316395717914,-0.10460295931382305,9999,217,30,9999.0
seer_pan_train_tcga_test,Pan-cancer SEER only,BRCA,fold2,seer_n010k_00pct,0.0486006876799812,-0.06487647213886857,9999,217,30,9999.0
seer_pan_train_tcga_test,Pan-cancer SEER only,BRCA,fold3,seer_n010k_00pct,0.04585264021456062,-0.07285121559602427,9999,217,31,9999.0
seer_pan_train_tcga_test,Pan-cancer SEER only,BRCA,fold4,seer_n010k_00pct,0.050036459761052685,-0.19479828237383884,9999,216,30,9999.0
seer_pan_train_tcga_test,Pan-cancer SEER only,BRCA,fold5,seer_n010k_00pct,0.04485997426233893,-0.1058445419398023,9999,216,30,9999.0
seer_pan_train_tcga_test,Pan-cancer SEER only,CESC,fold1,seer_n010k_00pct,0.09980799908320788,-0.05092617771667933,9999,59,14,9999.0
seer_pan_train_tcga_test,Pan-cancer SEER only,CESC,fold2,seer_n010k_00pct,0.13735488966572665,-0.04728471323274053,9999,59,14,9999.0
seer_pan_train_tcga_test,Pan-cancer SEER only,CESC,fold3,seer_n010k_00pct,0.07542717193663663,-0.029667693251355834,9999,59,14,9999.0
seer_pan_train_tcga_test,Pan-cancer SEER only,CESC,fold4,seer_n010k_00pct,0.09568965577223403,-0.2087738001083992,9999,59,15,9999.0
seer_pan_train_tcga_test,Pan-cancer SEER only,CESC,fold5,seer_n010k_00pct,0.09605841930857117,-0.20065397722222345,9999,58,14,9999.0
seer_pan_train_tcga_test,Pan-cancer SEER only,CHOL,fold1,seer_n010k_00pct,0.05362339755397023,-0.16860916709106147,9999,12,6,9999.0
seer_pan_train_tcga_test,Pan-cancer SEER only,CHOL,fold2,seer_n010k_00pct,0.060629662156290495,-0.267672262306644,9999,11,6,9999.0
seer_pan_train_tcga_test,Pan-cancer SEER only,CHOL,fold3,seer_n010k_00pct,0.07211695644666169,-0.158863207868361,9999,11,5,9999.0
seer_pan_train_tcga_test,Pan-cancer SEER only,CHOL,fold4,seer_n010k_00pct,0.06758545048879624,-0.3406327760148551,9999,11,5,9999.0
seer_pan_train_tcga_test,Pan-cancer SEER only,COAD,fold1,seer_n010k_00pct,0.038645652910117054,-0.17262933454937768,9999,89,20,9999.0
seer_pan_train_tcga_test,Pan-cancer SEER only,COAD,fold2,seer_n010k_00pct,0.03727447917892449,-0.1630809773856384,9999,89,20,9999.0
seer_pan_train_tcga_test,Pan-cancer SEER only,COAD,fold3,seer_n010k_00pct,0.0448148342440113,-0.15507681933321385,9999,88,19,9999.0
seer_pan_train_tcga_test,Pan-cancer SEER only,COAD,fold4,seer_n010k_00pct,0.0356119100721243,-0.23402896379039842,9999,88,19,9999.0
seer_pan_train_tcga_test,Pan-cancer SEER only,COAD,fold5,seer_n010k_00pct,0.03128956131923889,-0.07700072147088242,9999,88,20,9999.0
seer_pan_train_tcga_test,Pan-cancer SEER only,DLBC,fold1,seer_n010k_00pct,0.07598982971959961,-0.09404327158435785,9999,24,5,9999.0
seer_pan_train_tcga_test,Pan-cancer SEER only,DLBC,fold2,seer_n010k_00pct,0.0959790751874997,-0.11314846548975906,9999,23,4,9999.0
seer_pan_train_tcga_test,Pan-cancer SEER only,ESCA,fold1,seer_n010k_00pct,0.043236140465054695,-0.20279341315633298,9999,37,16,9999.0
seer_pan_train_tcga_test,Pan-cancer SEER only,ESCA,fold2,seer_n010k_00pct,0.052222823747922247,-0.079774649940585,9999,37,16,9999.0
seer_pan_train_tcga_test,Pan-cancer SEER only,ESCA,fold3,seer_n010k_00pct,0.03711897856213625,-0.0975700123508434,9999,37,15,9999.0
seer_pan_train_tcga_test,Pan-cancer SEER only,ESCA,fold4,seer_n010k_00pct,0.04993858243963502,-0.1062804253381767,9999,37,15,9999.0
seer_pan_train_tcga_test,Pan-cancer SEER only,ESCA,fold5,seer_n010k_00pct,0.04065997803784586,-0.14834005356079488,9999,37,15,9999.0
seer_pan_train_tcga_test,Pan-cancer SEER only,GBM,fold1,seer_n010k_00pct,0.16050472235794985,0.10221974561587178,9999,119,99,9999.0
seer_pan_train_tcga_test,Pan-cancer SEER only,GBM,fold2,seer_n010k_00pct,0.16969076655711415,0.08718658131860284,9999,119,98,9999.0
seer_pan_train_tcga_test,Pan-cancer SEER only,GBM,fold3,seer_n010k_00pct,0.16632351828441508,0.08987991965953332,9999,119,98,9999.0
seer_pan_train_tcga_test,Pan-cancer SEER only,GBM,fold4,seer_n010k_00pct,0.14670000968531152,0.08180280358793957,9999,119,98,9999.0
seer_pan_train_tcga_test,Pan-cancer SEER only,GBM,fold5,seer_n010k_00pct,0.16241001564711421,0.07356276276133618,9999,119,98,9999.0
seer_pan_train_tcga_test,Pan-cancer SEER only,HNSC,fold1,seer_n010k_00pct,0.07704896682101871,-0.13748229510885157,9999,106,45,9999.0
seer_pan_train_tcga_test,Pan-cancer SEER only,HNSC,fold2,seer_n010k_00pct,0.07252698770047952,-0.05882175389753444,9999,106,45,9999.0
seer_pan_train_tcga_test,Pan-cancer SEER only,HNSC,fold3,seer_n010k_00pct,0.08562823206360466,-0.07310485448240124,9999,105,44,9999.0
seer_pan_train_tcga_test,Pan-cancer SEER only,HNSC,fold4,seer_n010k_00pct,0.09449645958234362,-0.09417190458540192,9999,105,44,9999.0
seer_pan_train_tcga_test,Pan-cancer SEER only,HNSC,fold5,seer_n010k_00pct,0.09060605199608192,-0.0996842654221166,9999,105,45,9999.0
seer_pan_train_tcga_test,Pan-cancer SEER only,KICH,fold1,seer_n010k_00pct,0.03158945122132303,-0.04163399821913646,9999,56,6,9999.0
seer_pan_train_tcga_test,Pan-cancer SEER only,KICH,fold2,seer_n010k_00pct,0.03914498364135887,-0.0720430385709897,9999,56,6,9999.0
seer_pan_train_tcga_test,Pan-cancer SEER only,KIRC,fold1,seer_n010k_00pct,0.0701159419299204,-0.06738712815947157,9999,107,35,9999.0
seer_pan_train_tcga_test,Pan-cancer SEER only,KIRC,fold2,seer_n010k_00pct,0.07796969197481132,-0.042915989685043385,9999,107,35,9999.0
seer_pan_train_tcga_test,Pan-cancer SEER only,KIRC,fold3,seer_n010k_00pct,0.06928898040489646,-0.10737381976580344,9999,107,35,9999.0
seer_pan_train_tcga_test,Pan-cancer SEER only,KIRC,fold4,seer_n010k_00pct,0.06694630354971297,-0.026725974917489334,9999,107,36,9999.0
seer_pan_train_tcga_test,Pan-cancer SEER only,KIRC,fold5,seer_n010k_00pct,0.0631252464340153,-0.05029190198298014,9999,107,36,9999.0
seer_pan_train_tcga_test,Pan-cancer SEER only,KIRP,fold1,seer_n010k_00pct,0.046173465318774275,-0.16153743957815864,9999,58,9,9999.0
seer_pan_train_tcga_test,Pan-cancer SEER only,KIRP,fold2,seer_n010k_00pct,0.04028120251688584,-0.15474968084018936,9999,58,9,9999.0
seer_pan_train_tcga_test,Pan-cancer SEER only,KIRP,fold3,seer_n010k_00pct,0.03260326224285909,-0.09042199931842003,9999,58,9,9999.0
seer_pan_train_tcga_test,Pan-cancer SEER only,KIRP,fold4,seer_n010k_00pct,0.037650813890554025,-0.11355350392539737,9999,57,8,9999.0
seer_pan_train_tcga_test,Pan-cancer SEER only,KIRP,fold5,seer_n010k_00pct,0.02933367570204588,-0.10597971671601063,9999,57,9,9999.0
seer_pan_train_tcga_test,Pan-cancer SEER only,LAML,fold1,seer_n010k_00pct,0.1742802436342171,-0.06429378355742515,9999,35,22,9999.0
seer_pan_train_tcga_test,Pan-cancer SEER only,LAML,fold2,seer_n010k_00pct,0.1889480235822941,0.0008237617092965444,9999,35,22,9999.0
seer_pan_train_tcga_test,Pan-cancer SEER only,LAML,fold3,seer_n010k_00pct,0.15654868401494823,-0.06040163617809524,9999,35,22,9999.0
seer_pan_train_tcga_test,Pan-cancer SEER only,LAML,fold4,seer_n010k_00pct,0.17881728457716237,0.030631782813802216,9999,34,21,9999.0
seer_pan_train_tcga_test,Pan-cancer SEER only,LAML,fold5,seer_n010k_00pct,0.14126414029918805,-0.11536492222929734,9999,34,21,9999.0
seer_pan_train_tcga_test,Pan-cancer SEER only,LGG,fold1,seer_n010k_00pct,0.06708089240914328,-0.09801751054134916,9999,103,25,9999.0
seer_pan_train_tcga_test,Pan-cancer SEER only,LGG,fold2,seer_n010k_00pct,0.053915867578716664,-0.12052279165232835,9999,102,25,9999.0
seer_pan_train_tcga_test,Pan-cancer SEER only,LGG,fold3,seer_n010k_00pct,0.061949353842682214,-0.19874143590983764,9999,102,25,9999.0
seer_pan_train_tcga_test,Pan-cancer SEER only,LGG,fold4,seer_n010k_00pct,0.057844835786900695,-0.11140494936987771,9999,102,25,9999.0
seer_pan_train_tcga_test,Pan-cancer SEER only,LGG,fold5,seer_n010k_00pct,0.05285884969204661,-0.04810127558686662,9999,102,25,9999.0
seer_pan_train_tcga_test,Pan-cancer SEER only,LIHC,fold1,seer_n010k_00pct,0.037530385077049006,-0.10386005368033804,9999,75,27,9999.0
seer_pan_train_tcga_test,Pan-cancer SEER only,LIHC,fold2,seer_n010k_00pct,0.05250046424923027,-0.17721620970628746,9999,74,27,9999.0
seer_pan_train_tcga_test,Pan-cancer SEER only,LIHC,fold3,seer_n010k_00pct,0.041188876777788326,-0.2125449471934024,9999,74,26,9999.0
seer_pan_train_tcga_test,Pan-cancer SEER only,LIHC,fold4,seer_n010k_00pct,0.04524369878561704,-0.14823911584727048,9999,74,26,9999.0
seer_pan_train_tcga_test,Pan-cancer SEER only,LIHC,fold5,seer_n010k_00pct,0.04378090613875998,-0.12225728777325215,9999,74,26,9999.0
seer_pan_train_tcga_test,Pan-cancer SEER only,LUAD,fold1,seer_n010k_00pct,0.054202860925531136,-0.1274116601211345,9999,102,36,9999.0
seer_pan_train_tcga_test,Pan-cancer SEER only,LUAD,fold2,seer_n010k_00pct,0.04325119502746625,-0.10404266315227062,9999,102,37,9999.0
seer_pan_train_tcga_test,Pan-cancer SEER only,LUAD,fold3,seer_n010k_00pct,0.038131771677650174,-0.08998309248751671,9999,102,37,9999.0
seer_pan_train_tcga_test,Pan-cancer SEER only,LUAD,fold4,seer_n010k_00pct,0.06327259956295968,-0.24637743003471346,9999,102,37,9999.0
seer_pan_train_tcga_test,Pan-cancer SEER only,LUAD,fold5,seer_n010k_00pct,0.044451626000045714,-0.07453373101522831,9999,101,36,9999.0
seer_pan_train_tcga_test,Pan-cancer SEER only,LUSC,fold1,seer_n010k_00pct,0.06025267506739847,-0.0774521419473838,9999,100,43,9999.0
seer_pan_train_tcga_test,Pan-cancer SEER only,LUSC,fold2,seer_n010k_00pct,0.04941170804302827,-0.07361187901009802,9999,100,43,9999.0
seer_pan_train_tcga_test,Pan-cancer SEER only,LUSC,fold3,seer_n010k_00pct,0.056483638125477666,-0.06724606072444195,9999,99,43,9999.0
seer_pan_train_tcga_test,Pan-cancer SEER only,LUSC,fold4,seer_n010k_00pct,0.06518808039359085,-0.11537210202352029,9999,99,43,9999.0
seer_pan_train_tcga_test,Pan-cancer SEER only,LUSC,fold5,seer_n010k_00pct,0.09020776359610497,-0.2692605587593757,9999,99,43,9999.0
seer_pan_train_tcga_test,Pan-cancer SEER only,MESO,fold1,seer_n010k_00pct,0.09266771269062761,0.01178766700191311,9999,17,15,9999.0
seer_pan_train_tcga_test,Pan-cancer SEER only,MESO,fold2,seer_n010k_00pct,0.16082142532537477,-0.0990400791223208,9999,17,15,9999.0
seer_pan_train_tcga_test,Pan-cancer SEER only,MESO,fold3,seer_n010k_00pct,0.10519399756539202,-0.01126333401448347,9999,17,15,9999.0
seer_pan_train_tcga_test,Pan-cancer SEER only,MESO,fold4,seer_n010k_00pct,0.13320747224655022,0.01120356900867038,9999,17,14,9999.0
seer_pan_train_tcga_test,Pan-cancer SEER only,MESO,fold5,seer_n010k_00pct,0.1056135359952573,-0.05100035562901309,9999,17,14,9999.0
seer_pan_train_tcga_test,Pan-cancer SEER only,OV,fold1,seer_n010k_00pct,0.08009393863214224,-0.07495210467815679,9999,117,70,9999.0
seer_pan_train_tcga_test,Pan-cancer SEER only,OV,fold2,seer_n010k_00pct,0.07394645219952484,-0.060478474272296884,9999,117,70,9999.0
seer_pan_train_tcga_test,Pan-cancer SEER only,OV,fold3,seer_n010k_00pct,0.0718646923687615,-0.04317782832568766,9999,116,70,9999.0
seer_pan_train_tcga_test,Pan-cancer SEER only,OV,fold4,seer_n010k_00pct,0.07340868237510015,-0.057274790935923275,9999,116,69,9999.0
seer_pan_train_tcga_test,Pan-cancer SEER only,OV,fold5,seer_n010k_00pct,0.08706725192507628,-0.1399707936160253,9999,116,69,9999.0
seer_pan_train_tcga_test,Pan-cancer SEER only,PAAD,fold1,seer_n010k_00pct,0.029606520785149987,-0.12334262168412054,9999,37,20,9999.0
seer_pan_train_tcga_test,Pan-cancer SEER only,PAAD,fold2,seer_n010k_00pct,0.04814422192301178,-0.400334211860968,9999,37,20,9999.0
seer_pan_train_tcga_test,Pan-cancer SEER only,PAAD,fold3,seer_n010k_00pct,0.031226865145231063,-0.06732303735198425,9999,37,20,9999.0
seer_pan_train_tcga_test,Pan-cancer SEER only,PAAD,fold4,seer_n010k_00pct,0.036017372099129835,-0.10027491038340577,9999,37,20,9999.0
seer_pan_train_tcga_test,Pan-cancer SEER only,PAAD,fold5,seer_n010k_00pct,0.02774103113199318,-0.12771880699729127,9999,36,20,9999.0
seer_pan_train_tcga_test,Pan-cancer SEER only,PCPG,fold1,seer_n010k_00pct,0.020700073705546343,-0.038155914719259144,9999,90,3,9999.0
seer_pan_train_tcga_test,Pan-cancer SEER only,PCPG,fold2,seer_n010k_00pct,0.03265614316938263,0.02269201187554253,9999,89,3,9999.0
seer_pan_train_tcga_test,Pan-cancer SEER only,PRAD,fold1,seer_n010k_00pct,0.011325891286309083,-0.03220796103899829,9999,250,5,9999.0
seer_pan_train_tcga_test,Pan-cancer SEER only,PRAD,fold2,seer_n010k_00pct,0.00973788822620437,-0.018346689562366514,9999,250,5,9999.0
seer_pan_train_tcga_test,Pan-cancer SEER only,READ,fold1,seer_n010k_00pct,0.017559264781936965,-0.12090872554381336,9999,33,5,9999.0
seer_pan_train_tcga_test,Pan-cancer SEER only,READ,fold2,seer_n010k_00pct,0.03154438753020451,-0.15414368245134202,9999,33,5,9999.0
seer_pan_train_tcga_test,Pan-cancer SEER only,READ,fold3,seer_n010k_00pct,0.018639243553535485,-0.09403845935269732,9999,33,5,9999.0
seer_pan_train_tcga_test,Pan-cancer SEER only,READ,fold4,seer_n010k_00pct,0.023320486230468455,-0.10304979867108799,9999,33,6,9999.0
seer_pan_train_tcga_test,Pan-cancer SEER only,READ,fold5,seer_n010k_00pct,0.024362123822470584,-0.13244164932965885,9999,32,5,9999.0
seer_pan_train_tcga_test,Pan-cancer SEER only,SARC,fold1,seer_n010k_00pct,0.07988436317103327,-0.10172701619224962,9999,53,20,9999.0
seer_pan_train_tcga_test,Pan-cancer SEER only,SARC,fold2,seer_n010k_00pct,0.06651803022866754,-0.11402956232201836,9999,52,19,9999.0
seer_pan_train_tcga_test,Pan-cancer SEER only,SARC,fold3,seer_n010k_00pct,0.08361448080807912,-0.12317482395323104,9999,52,20,9999.0
seer_pan_train_tcga_test,Pan-cancer SEER only,SARC,fold4,seer_n010k_00pct,0.08246770948862783,-0.1280287710295998,9999,52,20,9999.0
seer_pan_train_tcga_test,Pan-cancer SEER only,SARC,fold5,seer_n010k_00pct,0.08989373970794193,-0.14036558172948854,9999,52,20,9999.0
seer_pan_train_tcga_test,Pan-cancer SEER only,SKCM,fold1,seer_n010k_00pct,0.16716613581075596,-0.029341735674918074,9999,91,43,9999.0
seer_pan_train_tcga_test,Pan-cancer SEER only,SKCM,fold2,seer_n010k_00pct,0.15503804276030053,0.039719581067078485,9999,91,43,9999.0
seer_pan_train_tcga_test,Pan-cancer SEER only,SKCM,fold3,seer_n010k_00pct,0.1536749517980873,-0.02495475229652236,9999,91,43,9999.0
seer_pan_train_tcga_test,Pan-cancer SEER only,SKCM,fold4,seer_n010k_00pct,0.19846324240535734,-0.012771314239467202,9999,91,43,9999.0
seer_pan_train_tcga_test,Pan-cancer SEER only,SKCM,fold5,seer_n010k_00pct,0.11451446979384372,0.02947120514762981,9999,90,42,9999.0
seer_pan_train_tcga_test,Pan-cancer SEER only,STAD,fold1,seer_n010k_00pct,0.05821240568624954,-0.11568064361715745,9999,84,34,9999.0
seer_pan_train_tcga_test,Pan-cancer SEER only,STAD,fold2,seer_n010k_00pct,0.06194358233152111,-0.15611622704533468,9999,84,34,9999.0
seer_pan_train_tcga_test,Pan-cancer SEER only,STAD,fold3,seer_n010k_00pct,0.052277967126883616,-0.1348361509265514,9999,83,33,9999.0
seer_pan_train_tcga_test,Pan-cancer SEER only,STAD,fold4,seer_n010k_00pct,0.05485047456012548,-0.13506109634961858,9999,83,33,9999.0
seer_pan_train_tcga_test,Pan-cancer SEER only,STAD,fold5,seer_n010k_00pct,0.05448822695805117,-0.14845866814855083,9999,83,34,9999.0
seer_pan_train_tcga_test,Pan-cancer SEER only,TGCT,fold1,seer_n010k_00pct,0.016624878900425986,0.0029853394713090353,9999,67,2,9999.0
seer_pan_train_tcga_test,Pan-cancer SEER only,TGCT,fold2,seer_n010k_00pct,0.023648026959116566,0.010008487529999615,9999,67,2,9999.0
seer_pan_train_tcga_test,Pan-cancer SEER only,THCA,fold1,seer_n010k_00pct,0.011551141058214892,-0.04315865726044724,9999,169,5,9999.0
seer_pan_train_tcga_test,Pan-cancer SEER only,THCA,fold2,seer_n010k_00pct,0.010659291463660398,-0.019880291224822676,9999,169,6,9999.0
seer_pan_train_tcga_test,Pan-cancer SEER only,THCA,fold3,seer_n010k_00pct,0.009329123071411581,-0.031584000892665415,9999,168,5,9999.0
seer_pan_train_tcga_test,Pan-cancer SEER only,THYM,fold1,seer_n010k_00pct,0.02730015249985985,-0.03606507563678555,9999,62,5,9999.0
seer_pan_train_tcga_test,Pan-cancer SEER only,THYM,fold2,seer_n010k_00pct,0.031516422082345466,-0.05643903576964909,9999,61,4,9999.0
seer_pan_train_tcga_test,Pan-cancer SEER only,UCEC,fold1,seer_n010k_00pct,0.040881911864602584,-0.10511772767378627,9999,110,19,9999.0
seer_pan_train_tcga_test,Pan-cancer SEER only,UCEC,fold2,seer_n010k_00pct,0.03807349297891585,-0.045476692677218725,9999,109,18,9999.0
seer_pan_train_tcga_test,Pan-cancer SEER only,UCEC,fold3,seer_n010k_00pct,0.07531024831030791,-0.17975521423621732,9999,109,18,9999.0
seer_pan_train_tcga_test,Pan-cancer SEER only,UCEC,fold4,seer_n010k_00pct,0.03820291484500901,-0.13725786967169792,9999,109,18,9999.0
seer_pan_train_tcga_test,Pan-cancer SEER only,UCEC,fold5,seer_n010k_00pct,0.0458279668614534,-0.07904392222915815,9999,109,18,9999.0
seer_pan_train_tcga_test,Pan-cancer SEER only,UCS,fold1,seer_n010k_00pct,0.05633986127800638,-0.17556121401017813,9999,12,7,9999.0
seer_pan_train_tcga_test,Pan-cancer SEER only,UCS,fold2,seer_n010k_00pct,0.08097978606527197,-0.021493223129304115,9999,11,7,9999.0
seer_pan_train_tcga_test,Pan-cancer SEER only,UCS,fold3,seer_n010k_00pct,0.13683096102008344,-0.11011220127689292,9999,11,7,9999.0
seer_pan_train_tcga_test,Pan-cancer SEER only,UCS,fold4,seer_n010k_00pct,0.07604545047081915,-0.21266793604444897,9999,11,7,9999.0
seer_pan_train_tcga_test,Pan-cancer SEER only,UCS,fold5,seer_n010k_00pct,0.07649141653301149,-0.11925401888536204,9999,11,7,9999.0
seer_pan_train_tcga_test,Pan-cancer SEER only,UVM,fold1,seer_n010k_00pct,0.042421971224212394,-0.0869922301447767,9999,20,6,9999.0
seer_pan_train_tcga_test,Pan-cancer SEER only,UVM,fold2,seer_n010k_00pct,0.03887863852942655,-0.09744504999516207,9999,20,6,9999.0
seer_pan_train_tcga_test,Pan-cancer SEER only,UVM,fold3,seer_n010k_00pct,0.031472397322611104,-0.15857636333922243,9999,20,6,9999.0
seer_pan_train_tcga_test,Pan-cancer SEER only,UVM,fold4,seer_n010k_00pct,0.03458603026561863,-0.18935364995508697,9999,20,5,9999.0
seer_pan_train_tcga_test,Pan-cancer SEER only,ACC,fold1,seer_n035k_00pct,0.058279338208558504,-0.031318616338689084,34999,19,7,34999.0
seer_pan_train_tcga_test,Pan-cancer SEER only,ACC,fold2,seer_n035k_00pct,0.11139451455127107,-0.11103776824290788,34999,18,7,34999.0
seer_pan_train_tcga_test,Pan-cancer SEER only,ACC,fold3,seer_n035k_00pct,0.08336999765074239,-0.07294078196223729,34999,18,7,34999.0
seer_pan_train_tcga_test,Pan-cancer SEER only,ACC,fold4,seer_n035k_00pct,0.10271833941149289,0.012962529107654719,34999,18,6,34999.0
seer_pan_train_tcga_test,Pan-cancer SEER only,ACC,fold5,seer_n035k_00pct,0.07288190021292736,-0.019989395846227526,34999,18,6,34999.0
seer_pan_train_tcga_test,Pan-cancer SEER only,BLCA,fold1,seer_n035k_00pct,0.059084961437368834,-0.136616582411739,34999,82,36,34999.0
seer_pan_train_tcga_test,Pan-cancer SEER only,BLCA,fold2,seer_n035k_00pct,0.07229708089322627,-0.059742655787896184,34999,82,36,34999.0
seer_pan_train_tcga_test,Pan-cancer SEER only,BLCA,fold3,seer_n035k_00pct,0.06929213000495008,-0.08351639191546648,34999,82,36,34999.0
seer_pan_train_tcga_test,Pan-cancer SEER only,BLCA,fold4,seer_n035k_00pct,0.06778827263186288,-0.12285974519854387,34999,82,36,34999.0
seer_pan_train_tcga_test,Pan-cancer SEER only,BLCA,fold5,seer_n035k_00pct,0.07662029069603113,-0.19067054563046945,34999,82,36,34999.0
seer_pan_train_tcga_test,Pan-cancer SEER only,BRCA,fold1,seer_n035k_00pct,0.05362136231991098,-0.10375891338962999,34999,217,30,34999.0
seer_pan_train_tcga_test,Pan-cancer SEER only,BRCA,fold2,seer_n035k_00pct,0.05052421690439747,-0.0629529429144523,34999,217,30,34999.0
seer_pan_train_tcga_test,Pan-cancer SEER only,BRCA,fold3,seer_n035k_00pct,0.04829486813662863,-0.07040898767395626,34999,217,31,34999.0
seer_pan_train_tcga_test,Pan-cancer SEER only,BRCA,fold4,seer_n035k_00pct,0.0519040086040516,-0.19293073353083995,34999,216,30,34999.0
seer_pan_train_tcga_test,Pan-cancer SEER only,BRCA,fold5,seer_n035k_00pct,0.0465974510287095,-0.10410706517343174,34999,216,30,34999.0
seer_pan_train_tcga_test,Pan-cancer SEER only,CESC,fold1,seer_n035k_00pct,0.08793001829088844,-0.06280415850899877,34999,59,14,34999.0
seer_pan_train_tcga_test,Pan-cancer SEER only,CESC,fold2,seer_n035k_00pct,0.12643460521218172,-0.05820499768628545,34999,59,14,34999.0
seer_pan_train_tcga_test,Pan-cancer SEER only,CESC,fold3,seer_n035k_00pct,0.0717771873288823,-0.03331767785911016,34999,59,14,34999.0
seer_pan_train_tcga_test,Pan-cancer SEER only,CESC,fold4,seer_n035k_00pct,0.08794355845713928,-0.21651989742349395,34999,59,15,34999.0
seer_pan_train_tcga_test,Pan-cancer SEER only,CESC,fold5,seer_n035k_00pct,0.08654559870180699,-0.21016679782898762,34999,58,14,34999.0
seer_pan_train_tcga_test,Pan-cancer SEER only,CHOL,fold1,seer_n035k_00pct,0.0477232216326298,-0.1745093430124019,34999,12,6,34999.0
seer_pan_train_tcga_test,Pan-cancer SEER only,CHOL,fold2,seer_n035k_00pct,0.05605168324123122,-0.27225024122170327,34999,11,6,34999.0
seer_pan_train_tcga_test,Pan-cancer SEER only,CHOL,fold3,seer_n035k_00pct,0.054128739885545486,-0.1768514244294772,34999,11,5,34999.0
seer_pan_train_tcga_test,Pan-cancer SEER only,CHOL,fold4,seer_n035k_00pct,0.05999243575180255,-0.3482257907518488,34999,11,5,34999.0
seer_pan_train_tcga_test,Pan-cancer SEER only,COAD,fold1,seer_n035k_00pct,0.035040508546884855,-0.17623447891260985,34999,89,20,34999.0
seer_pan_train_tcga_test,Pan-cancer SEER only,COAD,fold2,seer_n035k_00pct,0.036511467590021524,-0.16384398897454136,34999,89,20,34999.0
seer_pan_train_tcga_test,Pan-cancer SEER only,COAD,fold3,seer_n035k_00pct,0.04074666440230534,-0.15914498917491982,34999,88,19,34999.0
seer_pan_train_tcga_test,Pan-cancer SEER only,COAD,fold4,seer_n035k_00pct,0.03483310725890217,-0.23480776660362054,34999,88,19,34999.0
seer_pan_train_tcga_test,Pan-cancer SEER only,COAD,fold5,seer_n035k_00pct,0.028666387296864545,-0.07962389549325677,34999,88,20,34999.0
seer_pan_train_tcga_test,Pan-cancer SEER only,DLBC,fold1,seer_n035k_00pct,0.06776992765348253,-0.10226317365047494,34999,24,5,34999.0
seer_pan_train_tcga_test,Pan-cancer SEER only,DLBC,fold2,seer_n035k_00pct,0.08807768177165777,-0.12104985890560098,34999,23,4,34999.0
seer_pan_train_tcga_test,Pan-cancer SEER only,ESCA,fold1,seer_n035k_00pct,0.04074167844218137,-0.2052878751792063,34999,37,16,34999.0
seer_pan_train_tcga_test,Pan-cancer SEER only,ESCA,fold2,seer_n035k_00pct,0.04257554755586151,-0.08942192613264574,34999,37,16,34999.0
seer_pan_train_tcga_test,Pan-cancer SEER only,ESCA,fold3,seer_n035k_00pct,0.030510504810404262,-0.10417848610257538,34999,37,15,34999.0
seer_pan_train_tcga_test,Pan-cancer SEER only,ESCA,fold4,seer_n035k_00pct,0.04983007388771422,-0.10638893389009751,34999,37,15,34999.0
seer_pan_train_tcga_test,Pan-cancer SEER only,ESCA,fold5,seer_n035k_00pct,0.04672006472161551,-0.1422799668770252,34999,37,15,34999.0
seer_pan_train_tcga_test,Pan-cancer SEER only,GBM,fold1,seer_n035k_00pct,0.11793875076463287,0.0596537740225548,34999,119,99,34999.0
seer_pan_train_tcga_test,Pan-cancer SEER only,GBM,fold2,seer_n035k_00pct,0.12650896571880285,0.044004780480291536,34999,119,98,34999.0
seer_pan_train_tcga_test,Pan-cancer SEER only,GBM,fold3,seer_n035k_00pct,0.12305741287713509,0.04661381425225333,34999,119,98,34999.0
seer_pan_train_tcga_test,Pan-cancer SEER only,GBM,fold4,seer_n035k_00pct,0.10907778149383751,0.044180575396465555,34999,119,98,34999.0
seer_pan_train_tcga_test,Pan-cancer SEER only,GBM,fold5,seer_n035k_00pct,0.12222525108884494,0.0333779982030669,34999,119,98,34999.0
seer_pan_train_tcga_test,Pan-cancer SEER only,HNSC,fold1,seer_n035k_00pct,0.07330075952140266,-0.14123050240846763,34999,106,45,34999.0
seer_pan_train_tcga_test,Pan-cancer SEER only,HNSC,fold2,seer_n035k_00pct,0.06968430957126595,-0.06166443202674801,34999,106,45,34999.0
seer_pan_train_tcga_test,Pan-cancer SEER only,HNSC,fold3,seer_n035k_00pct,0.08056075988287892,-0.07817232666312698,34999,105,44,34999.0
seer_pan_train_tcga_test,Pan-cancer SEER only,HNSC,fold4,seer_n035k_00pct,0.0837112449072617,-0.10495711926048384,34999,105,44,34999.0
seer_pan_train_tcga_test,Pan-cancer SEER only,HNSC,fold5,seer_n035k_00pct,0.08563700620172411,-0.1046533112164744,34999,105,45,34999.0
seer_pan_train_tcga_test,Pan-cancer SEER only,KICH,fold1,seer_n035k_00pct,0.033974161019333614,-0.03924928842112587,34999,56,6,34999.0
seer_pan_train_tcga_test,Pan-cancer SEER only,KICH,fold2,seer_n035k_00pct,0.032807742609352535,-0.07838027960299604,34999,56,6,34999.0
seer_pan_train_tcga_test,Pan-cancer SEER only,KIRC,fold1,seer_n035k_00pct,0.06591681303164718,-0.0715862570577448,34999,107,35,34999.0
seer_pan_train_tcga_test,Pan-cancer SEER only,KIRC,fold2,seer_n035k_00pct,0.07084652999144062,-0.05003915166841409,34999,107,35,34999.0
seer_pan_train_tcga_test,Pan-cancer SEER only,KIRC,fold3,seer_n035k_00pct,0.06497819084919812,-0.11168460932150179,34999,107,35,34999.0
seer_pan_train_tcga_test,Pan-cancer SEER only,KIRC,fold4,seer_n035k_00pct,0.06403337429051527,-0.029638904176687034,34999,107,36,34999.0
seer_pan_train_tcga_test,Pan-cancer SEER only,KIRC,fold5,seer_n035k_00pct,0.05656510246384111,-0.05685204595315434,34999,107,36,34999.0
seer_pan_train_tcga_test,Pan-cancer SEER only,KIRP,fold1,seer_n035k_00pct,0.05172770958695403,-0.1559831953099789,34999,58,9,34999.0
seer_pan_train_tcga_test,Pan-cancer SEER only,KIRP,fold2,seer_n035k_00pct,0.03840641789088054,-0.15662446546619466,34999,58,9,34999.0
seer_pan_train_tcga_test,Pan-cancer SEER only,KIRP,fold3,seer_n035k_00pct,0.03230553793246568,-0.09071972362881343,34999,58,9,34999.0
seer_pan_train_tcga_test,Pan-cancer SEER only,KIRP,fold4,seer_n035k_00pct,0.034373097070247494,-0.1168312207457039,34999,57,8,34999.0
seer_pan_train_tcga_test,Pan-cancer SEER only,KIRP,fold5,seer_n035k_00pct,0.02743701968194553,-0.10787637273611098,34999,57,9,34999.0
seer_pan_train_tcga_test,Pan-cancer SEER only,LAML,fold1,seer_n035k_00pct,0.10676546829933364,-0.1318085588923086,34999,35,22,34999.0
seer_pan_train_tcga_test,Pan-cancer SEER only,LAML,fold2,seer_n035k_00pct,0.11299395925855212,-0.07513030261444544,34999,35,22,34999.0
seer_pan_train_tcga_test,Pan-cancer SEER only,LAML,fold3,seer_n035k_00pct,0.09611436790485167,-0.1208359522881918,34999,35,22,34999.0
seer_pan_train_tcga_test,Pan-cancer SEER only,LAML,fold4,seer_n035k_00pct,0.11085811466755201,-0.03732738709580814,34999,34,21,34999.0
seer_pan_train_tcga_test,Pan-cancer SEER only,LAML,fold5,seer_n035k_00pct,0.07723467722494406,-0.17939438530354132,34999,34,21,34999.0
seer_pan_train_tcga_test,Pan-cancer SEER only,LGG,fold1,seer_n035k_00pct,0.05768160042984647,-0.10741680252064598,34999,103,25,34999.0
seer_pan_train_tcga_test,Pan-cancer SEER only,LGG,fold2,seer_n035k_00pct,0.04700251738975077,-0.12743614184129426,34999,102,25,34999.0
seer_pan_train_tcga_test,Pan-cancer SEER only,LGG,fold3,seer_n035k_00pct,0.05627913889507664,-0.20441165085744323,34999,102,25,34999.0
seer_pan_train_tcga_test,Pan-cancer SEER only,LGG,fold4,seer_n035k_00pct,0.04938231222684347,-0.11986747292993494,34999,102,25,34999.0
seer_pan_train_tcga_test,Pan-cancer SEER only,LGG,fold5,seer_n035k_00pct,0.04292066627123703,-0.058039459007676195,34999,102,25,34999.0
seer_pan_train_tcga_test,Pan-cancer SEER only,LIHC,fold1,seer_n035k_00pct,0.034259580268144,-0.10713085848924306,34999,75,27,34999.0
seer_pan_train_tcga_test,Pan-cancer SEER only,LIHC,fold2,seer_n035k_00pct,0.05129172232022221,-0.17842495163529554,34999,74,27,34999.0
seer_pan_train_tcga_test,Pan-cancer SEER only,LIHC,fold3,seer_n035k_00pct,0.041811692737492474,-0.21192213123369824,34999,74,26,34999.0
seer_pan_train_tcga_test,Pan-cancer SEER only,LIHC,fold4,seer_n035k_00pct,0.04144814429629846,-0.15203467033658907,34999,74,26,34999.0
seer_pan_train_tcga_test,Pan-cancer SEER only,LIHC,fold5,seer_n035k_00pct,0.04128777051618647,-0.12475042339582566,34999,74,26,34999.0
seer_pan_train_tcga_test,Pan-cancer SEER only,LUAD,fold1,seer_n035k_00pct,0.05650900106488021,-0.12510551998178543,34999,102,36,34999.0
seer_pan_train_tcga_test,Pan-cancer SEER only,LUAD,fold2,seer_n035k_00pct,0.04707131501280763,-0.10022254316692923,34999,102,37,34999.0
seer_pan_train_tcga_test,Pan-cancer SEER only,LUAD,fold3,seer_n035k_00pct,0.0397587263821349,-0.08835613778303197,34999,102,37,34999.0
seer_pan_train_tcga_test,Pan-cancer SEER only,LUAD,fold4,seer_n035k_00pct,0.06806550722367896,-0.24158452237399416,34999,102,37,34999.0
seer_pan_train_tcga_test,Pan-cancer SEER only,LUAD,fold5,seer_n035k_00pct,0.04925398269185271,-0.06973137432342133,34999,101,36,34999.0
seer_pan_train_tcga_test,Pan-cancer SEER only,LUSC,fold1,seer_n035k_00pct,0.061398943583640175,-0.07630587343114209,34999,100,43,34999.0
seer_pan_train_tcga_test,Pan-cancer SEER only,LUSC,fold2,seer_n035k_00pct,0.0493216704737675,-0.07370191657935879,34999,100,43,34999.0
seer_pan_train_tcga_test,Pan-cancer SEER only,LUSC,fold3,seer_n035k_00pct,0.056501225854046475,-0.06722847299587313,34999,99,43,34999.0
seer_pan_train_tcga_test,Pan-cancer SEER only,LUSC,fold4,seer_n035k_00pct,0.06589044808029013,-0.11466973433682101,34999,99,43,34999.0
seer_pan_train_tcga_test,Pan-cancer SEER only,LUSC,fold5,seer_n035k_00pct,0.09105722734550574,-0.2684110950099749,34999,99,43,34999.0
seer_pan_train_tcga_test,Pan-cancer SEER only,MESO,fold1,seer_n035k_00pct,0.10378846830001694,0.022908422611302437,34999,17,15,34999.0
seer_pan_train_tcga_test,Pan-cancer SEER only,MESO,fold2,seer_n035k_00pct,0.16410609450956995,-0.09575540993812562,34999,17,15,34999.0
seer_pan_train_tcga_test,Pan-cancer SEER only,MESO,fold3,seer_n035k_00pct,0.11373497995545583,-0.0027223516244196666,34999,17,15,34999.0
seer_pan_train_tcga_test,Pan-cancer SEER only,MESO,fold4,seer_n035k_00pct,0.1392698121028796,0.01726590886499975,34999,17,14,34999.0
seer_pan_train_tcga_test,Pan-cancer SEER only,MESO,fold5,seer_n035k_00pct,0.12019646342446405,-0.03641742819980634,34999,17,14,34999.0
seer_pan_train_tcga_test,Pan-cancer SEER only,OV,fold1,seer_n035k_00pct,0.07905809398213011,-0.07598794932816892,34999,117,70,34999.0
seer_pan_train_tcga_test,Pan-cancer SEER only,OV,fold2,seer_n035k_00pct,0.07056936207458228,-0.06385556439723944,34999,117,70,34999.0
seer_pan_train_tcga_test,Pan-cancer SEER only,OV,fold3,seer_n035k_00pct,0.07045692350743983,-0.04458559718700933,34999,116,70,34999.0
seer_pan_train_tcga_test,Pan-cancer SEER only,OV,fold4,seer_n035k_00pct,0.06725659306734712,-0.0634268802436763,34999,116,69,34999.0
seer_pan_train_tcga_test,Pan-cancer SEER only,OV,fold5,seer_n035k_00pct,0.08757842355598662,-0.13945962198511497,34999,116,69,34999.0
seer_pan_train_tcga_test,Pan-cancer SEER only,PAAD,fold1,seer_n035k_00pct,0.02811780558624193,-0.1248313368830286,34999,37,20,34999.0
seer_pan_train_tcga_test,Pan-cancer SEER only,PAAD,fold2,seer_n035k_00pct,0.04944982481753481,-0.399028608966445,34999,37,20,34999.0
seer_pan_train_tcga_test,Pan-cancer SEER only,PAAD,fold3,seer_n035k_00pct,0.02750991892579757,-0.07103998357141773,34999,37,20,34999.0
seer_pan_train_tcga_test,Pan-cancer SEER only,PAAD,fold4,seer_n035k_00pct,0.03330976625665318,-0.10298251622588242,34999,37,20,34999.0
seer_pan_train_tcga_test,Pan-cancer SEER only,PAAD,fold5,seer_n035k_00pct,0.02755919659839478,-0.12790064153088965,34999,36,20,34999.0
seer_pan_train_tcga_test,Pan-cancer SEER only,PCPG,fold1,seer_n035k_00pct,0.021582877875230125,-0.03727311054957536,34999,90,3,34999.0
seer_pan_train_tcga_test,Pan-cancer SEER only,PCPG,fold2,seer_n035k_00pct,0.031211388818621382,0.02124725752478128,34999,89,3,34999.0
seer_pan_train_tcga_test,Pan-cancer SEER only,PRAD,fold1,seer_n035k_00pct,0.010585806218647647,-0.03294804610665973,34999,250,5,34999.0
seer_pan_train_tcga_test,Pan-cancer SEER only,PRAD,fold2,seer_n035k_00pct,0.008837892847014321,-0.019246684941556562,34999,250,5,34999.0
seer_pan_train_tcga_test,Pan-cancer SEER only,READ,fold1,seer_n035k_00pct,0.018503139223790703,-0.11996485110195962,34999,33,5,34999.0
seer_pan_train_tcga_test,Pan-cancer SEER only,READ,fold2,seer_n035k_00pct,0.029539489334845775,-0.15614858064670079,34999,33,5,34999.0
seer_pan_train_tcga_test,Pan-cancer SEER only,READ,fold3,seer_n035k_00pct,0.017468852604886113,-0.09520885030134668,34999,33,5,34999.0
seer_pan_train_tcga_test,Pan-cancer SEER only,READ,fold4,seer_n035k_00pct,0.02316123771854014,-0.1032090471830163,34999,33,6,34999.0
seer_pan_train_tcga_test,Pan-cancer SEER only,READ,fold5,seer_n035k_00pct,0.027917291662338434,-0.12888648148979098,34999,32,5,34999.0
seer_pan_train_tcga_test,Pan-cancer SEER only,SARC,fold1,seer_n035k_00pct,0.09428303667889286,-0.08732834268439003,34999,53,20,34999.0
seer_pan_train_tcga_test,Pan-cancer SEER only,SARC,fold2,seer_n035k_00pct,0.0748737066576198,-0.10567388589306609,34999,52,19,34999.0
seer_pan_train_tcga_test,Pan-cancer SEER only,SARC,fold3,seer_n035k_00pct,0.09396932959699235,-0.11281997516431781,34999,52,20,34999.0
seer_pan_train_tcga_test,Pan-cancer SEER only,SARC,fold4,seer_n035k_00pct,0.09719175178852599,-0.11330472872970165,34999,52,20,34999.0
seer_pan_train_tcga_test,Pan-cancer SEER only,SARC,fold5,seer_n035k_00pct,0.11449985789271387,-0.1157594635447166,34999,52,20,34999.0
seer_pan_train_tcga_test,Pan-cancer SEER only,SKCM,fold1,seer_n035k_00pct,0.1751891491568228,-0.021318722328851236,34999,91,43,34999.0
seer_pan_train_tcga_test,Pan-cancer SEER only,SKCM,fold2,seer_n035k_00pct,0.16160945845694885,0.046290996763726805,34999,91,43,34999.0
seer_pan_train_tcga_test,Pan-cancer SEER only,SKCM,fold3,seer_n035k_00pct,0.16947563657387052,-0.009154067520739134,34999,91,43,34999.0
seer_pan_train_tcga_test,Pan-cancer SEER only,SKCM,fold4,seer_n035k_00pct,0.20489085027970683,-0.006343706365117718,34999,91,43,34999.0
seer_pan_train_tcga_test,Pan-cancer SEER only,SKCM,fold5,seer_n035k_00pct,0.12533691043318812,0.04029364578697421,34999,90,42,34999.0
seer_pan_train_tcga_test,Pan-cancer SEER only,STAD,fold1,seer_n035k_00pct,0.042056166407710475,-0.1318368828956965,34999,84,34,34999.0
seer_pan_train_tcga_test,Pan-cancer SEER only,STAD,fold2,seer_n035k_00pct,0.05029104453541357,-0.1677687648414422,34999,84,34,34999.0
seer_pan_train_tcga_test,Pan-cancer SEER only,STAD,fold3,seer_n035k_00pct,0.03805285242231768,-0.14906126563111735,34999,83,33,34999.0
seer_pan_train_tcga_test,Pan-cancer SEER only,STAD,fold4,seer_n035k_00pct,0.041479588351884124,-0.14843198255785994,34999,83,33,34999.0
seer_pan_train_tcga_test,Pan-cancer SEER only,STAD,fold5,seer_n035k_00pct,0.0404270234496128,-0.1625198716569892,34999,83,34,34999.0
seer_pan_train_tcga_test,Pan-cancer SEER only,TGCT,fold1,seer_n035k_00pct,0.015216559016156764,0.0015770195870398133,34999,67,2,34999.0
seer_pan_train_tcga_test,Pan-cancer SEER only,TGCT,fold2,seer_n035k_00pct,0.02279778669215332,0.00915824726303637,34999,67,2,34999.0
seer_pan_train_tcga_test,Pan-cancer SEER only,THCA,fold1,seer_n035k_00pct,0.01103472858690812,-0.043675069731754015,34999,169,5,34999.0
seer_pan_train_tcga_test,Pan-cancer SEER only,THCA,fold2,seer_n035k_00pct,0.008763406790262078,-0.021776175898220992,34999,169,6,34999.0
seer_pan_train_tcga_test,Pan-cancer SEER only,THCA,fold3,seer_n035k_00pct,0.008210572408659947,-0.03270255155541705,34999,168,5,34999.0
seer_pan_train_tcga_test,Pan-cancer SEER only,THYM,fold1,seer_n035k_00pct,0.02405528469312396,-0.03930994344352144,34999,62,5,34999.0
seer_pan_train_tcga_test,Pan-cancer SEER only,THYM,fold2,seer_n035k_00pct,0.028349576878195296,-0.05960588097379926,34999,61,4,34999.0
seer_pan_train_tcga_test,Pan-cancer SEER only,UCEC,fold1,seer_n035k_00pct,0.03742551509252194,-0.1085741244458669,34999,110,19,34999.0
seer_pan_train_tcga_test,Pan-cancer SEER only,UCEC,fold2,seer_n035k_00pct,0.03233657546506851,-0.051213610191066065,34999,109,18,34999.0
seer_pan_train_tcga_test,Pan-cancer SEER only,UCEC,fold3,seer_n035k_00pct,0.0672910249605743,-0.18777443758595092,34999,109,18,34999.0
seer_pan_train_tcga_test,Pan-cancer SEER only,UCEC,fold4,seer_n035k_00pct,0.032138351921590175,-0.14332243259511676,34999,109,18,34999.0
seer_pan_train_tcga_test,Pan-cancer SEER only,UCEC,fold5,seer_n035k_00pct,0.04063634386869152,-0.08423554522192003,34999,109,18,34999.0
seer_pan_train_tcga_test,Pan-cancer SEER only,UCS,fold1,seer_n035k_00pct,0.07651199014743501,-0.1553890851407495,34999,12,7,34999.0
seer_pan_train_tcga_test,Pan-cancer SEER only,UCS,fold2,seer_n035k_00pct,0.08250958471956754,-0.01996342447500854,34999,11,7,34999.0
seer_pan_train_tcga_test,Pan-cancer SEER only,UCS,fold3,seer_n035k_00pct,0.14780596873216598,-0.09913719356481038,34999,11,7,34999.0
seer_pan_train_tcga_test,Pan-cancer SEER only,UCS,fold4,seer_n035k_00pct,0.07780739039254449,-0.21090599612272365,34999,11,7,34999.0
seer_pan_train_tcga_test,Pan-cancer SEER only,UCS,fold5,seer_n035k_00pct,0.10451296819676661,-0.09123246722160691,34999,11,7,34999.0
seer_pan_train_tcga_test,Pan-cancer SEER only,UVM,fold1,seer_n035k_00pct,0.06294862220719057,-0.06646557916179853,34999,20,6,34999.0
seer_pan_train_tcga_test,Pan-cancer SEER only,UVM,fold2,seer_n035k_00pct,0.0721232577387947,-0.06420043078579392,34999,20,6,34999.0
seer_pan_train_tcga_test,Pan-cancer SEER only,UVM,fold3,seer_n035k_00pct,0.04964194681777853,-0.140406813844055,34999,20,6,34999.0
seer_pan_train_tcga_test,Pan-cancer SEER only,UVM,fold4,seer_n035k_00pct,0.0467275362226572,-0.1772121439980484,34999,20,5,34999.0
within_type_tcga_plus_single_cancer_seer,Single-cancer TCGA + exact-matched SEER,ACC,fold1,seer_01pct,0.10815209155970457,0.018554137012456978,122,19,7,50.0
within_type_tcga_plus_single_cancer_seer,Single-cancer TCGA + exact-matched SEER,ACC,fold2,seer_01pct,0.19789047558187298,-0.024541807212305977,123,18,7,50.0
within_type_tcga_plus_single_cancer_seer,Single-cancer TCGA + exact-matched SEER,ACC,fold3,seer_01pct,0.1632632163852188,0.006952436772239112,123,18,7,50.0
within_type_tcga_plus_single_cancer_seer,Single-cancer TCGA + exact-matched SEER,ACC,fold4,seer_01pct,0.09884458681430575,0.009088776510467578,123,18,6,50.0
within_type_tcga_plus_single_cancer_seer,Single-cancer TCGA + exact-matched SEER,ACC,fold5,seer_01pct,0.16309467423442153,0.07022337817526665,123,18,6,50.0
within_type_tcga_plus_single_cancer_seer,Single-cancer TCGA + exact-matched SEER,BLCA,fold1,seer_01pct,0.05022231882168986,-0.14547922502741795,5548,82,36,5220.0
within_type_tcga_plus_single_cancer_seer,Single-cancer TCGA + exact-matched SEER,BLCA,fold2,seer_01pct,0.055997122935093804,-0.07604261374602865,5548,82,36,5220.0
within_type_tcga_plus_single_cancer_seer,Single-cancer TCGA + exact-matched SEER,BLCA,fold3,seer_01pct,0.04739367908800983,-0.10541484283240672,5548,82,36,5220.0
within_type_tcga_plus_single_cancer_seer,Single-cancer TCGA + exact-matched SEER,BLCA,fold4,seer_01pct,0.05164236217631229,-0.13900565565409445,5548,82,36,5220.0
within_type_tcga_plus_single_cancer_seer,Single-cancer TCGA + exact-matched SEER,BLCA,fold5,seer_01pct,0.06705076483339704,-0.20024007149310352,5548,82,36,5220.0
within_type_tcga_plus_single_cancer_seer,Single-cancer TCGA + exact-matched SEER,BRCA,fold1,seer_01pct,0.04489461841951037,-0.1124856572900306,12174,217,30,11308.0
within_type_tcga_plus_single_cancer_seer,Single-cancer TCGA + exact-matched SEER,BRCA,fold2,seer_01pct,0.04420404683526965,-0.06927311298358013,12174,217,30,11308.0
within_type_tcga_plus_single_cancer_seer,Single-cancer TCGA + exact-matched SEER,BRCA,fold3,seer_01pct,0.037620865828449424,-0.08108298998213546,12174,217,31,11308.0
within_type_tcga_plus_single_cancer_seer,Single-cancer TCGA + exact-matched SEER,BRCA,fold4,seer_01pct,0.050455256361478226,-0.1943794857734133,12175,216,30,11308.0
within_type_tcga_plus_single_cancer_seer,Single-cancer TCGA + exact-matched SEER,BRCA,fold5,seer_01pct,0.04413959807178054,-0.10656491813036069,12175,216,30,11308.0
within_type_tcga_plus_single_cancer_seer,Single-cancer TCGA + exact-matched SEER,CESC,fold1,seer_01pct,0.049228295275362544,-0.10150588152452467,4688,59,14,4453.0
within_type_tcga_plus_single_cancer_seer,Single-cancer TCGA + exact-matched SEER,CESC,fold2,seer_01pct,0.08344963933229689,-0.10118996356617029,4688,59,14,4453.0
within_type_tcga_plus_single_cancer_seer,Single-cancer TCGA + exact-matched SEER,CESC,fold3,seer_01pct,0.04927363878290221,-0.055821226405090255,4688,59,14,4453.0
within_type_tcga_plus_single_cancer_seer,Single-cancer TCGA + exact-matched SEER,CESC,fold4,seer_01pct,0.056619404225948036,-0.2478440516546852,4688,59,15,4453.0
within_type_tcga_plus_single_cancer_seer,Single-cancer TCGA + exact-matched SEER,CESC,fold5,seer_01pct,0.06702110081479987,-0.22969129571599475,4689,58,14,4453.0
within_type_tcga_plus_single_cancer_seer,Single-cancer TCGA + exact-matched SEER,CHOL,fold1,seer_01pct,0.047739072392730064,-0.17449349225230162,1666,12,6,1633.0
within_type_tcga_plus_single_cancer_seer,Single-cancer TCGA + exact-matched SEER,CHOL,fold2,seer_01pct,0.06454200736793714,-0.26375991709499735,1667,11,6,1633.0
within_type_tcga_plus_single_cancer_seer,Single-cancer TCGA + exact-matched SEER,CHOL,fold3,seer_01pct,0.05086449816917304,-0.18011566614584965,1667,11,5,1633.0
within_type_tcga_plus_single_cancer_seer,Single-cancer TCGA + exact-matched SEER,CHOL,fold4,seer_01pct,0.05917143187695825,-0.3490467946266931,1667,11,5,1633.0
within_type_tcga_plus_single_cancer_seer,Single-cancer TCGA + exact-matched SEER,COAD,fold1,seer_01pct,0.03213586972514253,-0.1791391177343522,7078,89,20,6725.0
within_type_tcga_plus_single_cancer_seer,Single-cancer TCGA + exact-matched SEER,COAD,fold2,seer_01pct,0.03626664873286134,-0.16408880783170154,7078,89,20,6725.0
within_type_tcga_plus_single_cancer_seer,Single-cancer TCGA + exact-matched SEER,COAD,fold3,seer_01pct,0.03733189134311914,-0.162559762234106,7079,88,19,6725.0
within_type_tcga_plus_single_cancer_seer,Single-cancer TCGA + exact-matched SEER,COAD,fold4,seer_01pct,0.035039250858693013,-0.2346016230038297,7079,88,19,6725.0
within_type_tcga_plus_single_cancer_seer,Single-cancer TCGA + exact-matched SEER,COAD,fold5,seer_01pct,0.02770781851272637,-0.08058246427739495,7079,88,20,6725.0
within_type_tcga_plus_single_cancer_seer,Single-cancer TCGA + exact-matched SEER,DLBC,fold1,seer_01pct,0.07510247167914659,-0.09493062962481087,3372,24,5,3349.0
within_type_tcga_plus_single_cancer_seer,Single-cancer TCGA + exact-matched SEER,DLBC,fold2,seer_01pct,0.10744101837293718,-0.10168652230432157,3373,23,4,3349.0
within_type_tcga_plus_single_cancer_seer,Single-cancer TCGA + exact-matched SEER,ESCA,fold1,seer_01pct,0.037438960763827564,-0.2085905928575601,2168,37,16,2020.0
within_type_tcga_plus_single_cancer_seer,Single-cancer TCGA + exact-matched SEER,ESCA,fold2,seer_01pct,0.022288034988861685,-0.10970943869964557,2168,37,16,2020.0
within_type_tcga_plus_single_cancer_seer,Single-cancer TCGA + exact-matched SEER,ESCA,fold3,seer_01pct,0.018154891263605717,-0.11653409964937393,2168,37,15,2020.0
within_type_tcga_plus_single_cancer_seer,Single-cancer TCGA + exact-matched SEER,ESCA,fold4,seer_01pct,0.03067405260319259,-0.12554495517461914,2168,37,15,2020.0
within_type_tcga_plus_single_cancer_seer,Single-cancer TCGA + exact-matched SEER,ESCA,fold5,seer_01pct,0.029448820201837825,-0.1595512113968029,2168,37,15,2020.0
within_type_tcga_plus_single_cancer_seer,Single-cancer TCGA + exact-matched SEER,GBM,fold1,seer_01pct,0.027756153813064337,-0.03052882292901373,1486,119,99,1010.0
within_type_tcga_plus_single_cancer_seer,Single-cancer TCGA + exact-matched SEER,GBM,fold2,seer_01pct,0.03194177483330565,-0.05056241040520566,1486,119,98,1010.0
within_type_tcga_plus_single_cancer_seer,Single-cancer TCGA + exact-matched SEER,GBM,fold3,seer_01pct,0.03186155390113392,-0.04458204472374784,1486,119,98,1010.0
within_type_tcga_plus_single_cancer_seer,Single-cancer TCGA + exact-matched SEER,GBM,fold4,seer_01pct,0.027911377827209843,-0.03698582827016211,1486,119,98,1010.0
within_type_tcga_plus_single_cancer_seer,Single-cancer TCGA + exact-matched SEER,GBM,fold5,seer_01pct,0.03370580260312053,-0.0551414502826575,1486,119,98,1010.0
within_type_tcga_plus_single_cancer_seer,Single-cancer TCGA + exact-matched SEER,HNSC,fold1,seer_01pct,0.055002222581346044,-0.15952903934852425,2790,106,45,2369.0
within_type_tcga_plus_single_cancer_seer,Single-cancer TCGA + exact-matched SEER,HNSC,fold2,seer_01pct,0.04430936389230627,-0.08703937770570769,2790,106,45,2369.0
within_type_tcga_plus_single_cancer_seer,Single-cancer TCGA + exact-matched SEER,HNSC,fold3,seer_01pct,0.06080756655163822,-0.09792551999436769,2791,105,44,2369.0
within_type_tcga_plus_single_cancer_seer,Single-cancer TCGA + exact-matched SEER,HNSC,fold4,seer_01pct,0.05820795686470679,-0.13046040730303876,2791,105,44,2369.0
within_type_tcga_plus_single_cancer_seer,Single-cancer TCGA + exact-matched SEER,HNSC,fold5,seer_01pct,0.06789884386504226,-0.12239147355315626,2791,105,45,2369.0
within_type_tcga_plus_single_cancer_seer,Single-cancer TCGA + exact-matched SEER,KICH,fold1,seer_01pct,0.034550892802321806,-0.03867255663813768,5276,56,6,5220.0
within_type_tcga_plus_single_cancer_seer,Single-cancer TCGA + exact-matched SEER,KICH,fold2,seer_01pct,0.03178660835942096,-0.07940141385292761,5276,56,6,5220.0
within_type_tcga_plus_single_cancer_seer,Single-cancer TCGA + exact-matched SEER,KIRC,fold1,seer_01pct,0.04108071391382274,-0.09642235617556924,5648,107,35,5220.0
within_type_tcga_plus_single_cancer_seer,Single-cancer TCGA + exact-matched SEER,KIRC,fold2,seer_01pct,0.04537437364718533,-0.07551130801266938,5648,107,35,5220.0
within_type_tcga_plus_single_cancer_seer,Single-cancer TCGA + exact-matched SEER,KIRC,fold3,seer_01pct,0.04779490628505716,-0.12886789388564274,5648,107,35,5220.0
within_type_tcga_plus_single_cancer_seer,Single-cancer TCGA + exact-matched SEER,KIRC,fold4,seer_01pct,0.040260023927508874,-0.05341225453969343,5648,107,36,5220.0
within_type_tcga_plus_single_cancer_seer,Single-cancer TCGA + exact-matched SEER,KIRC,fold5,seer_01pct,0.03610841705408551,-0.07730873136290994,5648,107,36,5220.0
within_type_tcga_plus_single_cancer_seer,Single-cancer TCGA + exact-matched SEER,KIRP,fold1,seer_01pct,0.05519347726554958,-0.15251742763138335,5450,58,9,5220.0
within_type_tcga_plus_single_cancer_seer,Single-cancer TCGA + exact-matched SEER,KIRP,fold2,seer_01pct,0.031307295097810973,-0.16372358825926422,5450,58,9,5220.0
within_type_tcga_plus_single_cancer_seer,Single-cancer TCGA + exact-matched SEER,KIRP,fold3,seer_01pct,0.02436767627630062,-0.0986575852849785,5450,58,9,5220.0
within_type_tcga_plus_single_cancer_seer,Single-cancer TCGA + exact-matched SEER,KIRP,fold4,seer_01pct,0.025913578428110318,-0.12529073938784108,5451,57,8,5220.0
within_type_tcga_plus_single_cancer_seer,Single-cancer TCGA + exact-matched SEER,KIRP,fold5,seer_01pct,0.022780405322425656,-0.11253298709563085,5451,57,9,5220.0
within_type_tcga_plus_single_cancer_seer,Single-cancer TCGA + exact-matched SEER,LAML,fold1,seer_01pct,0.048522934695625214,-0.19005109249601704,2091,35,22,1953.0
within_type_tcga_plus_single_cancer_seer,Single-cancer TCGA + exact-matched SEER,LAML,fold2,seer_01pct,0.05664944005714708,-0.13147482181585046,2091,35,22,1953.0
within_type_tcga_plus_single_cancer_seer,Single-cancer TCGA + exact-matched SEER,LAML,fold3,seer_01pct,0.03400665155196671,-0.18294366864107675,2091,35,22,1953.0
within_type_tcga_plus_single_cancer_seer,Single-cancer TCGA + exact-matched SEER,LAML,fold4,seer_01pct,0.0445395629311066,-0.10364593883225355,2092,34,21,1953.0
within_type_tcga_plus_single_cancer_seer,Single-cancer TCGA + exact-matched SEER,LAML,fold5,seer_01pct,0.0459980735755037,-0.21063098895298168,2092,34,21,1953.0
within_type_tcga_plus_single_cancer_seer,Single-cancer TCGA + exact-matched SEER,LGG,fold1,seer_01pct,0.049806687892706765,-0.11529171505778568,1418,103,25,1010.0
within_type_tcga_plus_single_cancer_seer,Single-cancer TCGA + exact-matched SEER,LGG,fold2,seer_01pct,0.05455106083359693,-0.11988759839744809,1419,102,25,1010.0
within_type_tcga_plus_single_cancer_seer,Single-cancer TCGA + exact-matched SEER,LGG,fold3,seer_01pct,0.07017389254908138,-0.19051689720343848,1419,102,25,1010.0
within_type_tcga_plus_single_cancer_seer,Single-cancer TCGA + exact-matched SEER,LGG,fold4,seer_01pct,0.04971033122568884,-0.11953945393108957,1419,102,25,1010.0
within_type_tcga_plus_single_cancer_seer,Single-cancer TCGA + exact-matched SEER,LGG,fold5,seer_01pct,0.044559699759904314,-0.05640042551900891,1419,102,25,1010.0
within_type_tcga_plus_single_cancer_seer,Single-cancer TCGA + exact-matched SEER,LIHC,fold1,seer_01pct,0.045331036271026894,-0.09605940248636016,1929,75,27,1633.0
within_type_tcga_plus_single_cancer_seer,Single-cancer TCGA + exact-matched SEER,LIHC,fold2,seer_01pct,0.06530104285493665,-0.16441563110058108,1930,74,27,1633.0
within_type_tcga_plus_single_cancer_seer,Single-cancer TCGA + exact-matched SEER,LIHC,fold3,seer_01pct,0.046275155330335584,-0.20745866864085513,1930,74,26,1633.0
within_type_tcga_plus_single_cancer_seer,Single-cancer TCGA + exact-matched SEER,LIHC,fold4,seer_01pct,0.05590573422029121,-0.1375770804125963,1930,74,26,1633.0
within_type_tcga_plus_single_cancer_seer,Single-cancer TCGA + exact-matched SEER,LIHC,fold5,seer_01pct,0.06411879632583198,-0.10191939758618015,1930,74,26,1633.0
within_type_tcga_plus_single_cancer_seer,Single-cancer TCGA + exact-matched SEER,LUAD,fold1,seer_01pct,0.058804946452170166,-0.12280957459449549,7720,102,36,7313.0
within_type_tcga_plus_single_cancer_seer,Single-cancer TCGA + exact-matched SEER,LUAD,fold2,seer_01pct,0.060759293297067654,-0.08653456488266921,7720,102,37,7313.0
within_type_tcga_plus_single_cancer_seer,Single-cancer TCGA + exact-matched SEER,LUAD,fold3,seer_01pct,0.03925653791521428,-0.0888583262499526,7720,102,37,7313.0
within_type_tcga_plus_single_cancer_seer,Single-cancer TCGA + exact-matched SEER,LUAD,fold4,seer_01pct,0.06980207203777226,-0.23984795755990085,7720,102,37,7313.0
within_type_tcga_plus_single_cancer_seer,Single-cancer TCGA + exact-matched SEER,LUAD,fold5,seer_01pct,0.038959466395587936,-0.0800258906196861,7721,101,36,7313.0
within_type_tcga_plus_single_cancer_seer,Single-cancer TCGA + exact-matched SEER,LUSC,fold1,seer_01pct,0.05184862374869097,-0.0858561932660913,7710,100,43,7313.0
within_type_tcga_plus_single_cancer_seer,Single-cancer TCGA + exact-matched SEER,LUSC,fold2,seer_01pct,0.05225354377854704,-0.07077004327457925,7710,100,43,7313.0
within_type_tcga_plus_single_cancer_seer,Single-cancer TCGA + exact-matched SEER,LUSC,fold3,seer_01pct,0.058251334849426656,-0.06547836400049295,7711,99,43,7313.0
within_type_tcga_plus_single_cancer_seer,Single-cancer TCGA + exact-matched SEER,LUSC,fold4,seer_01pct,0.07528121151341456,-0.10527897090369658,7711,99,43,7313.0
within_type_tcga_plus_single_cancer_seer,Single-cancer TCGA + exact-matched SEER,LUSC,fold5,seer_01pct,0.09026646282434367,-0.26920185953113696,7711,99,43,7313.0
within_type_tcga_plus_single_cancer_seer,Single-cancer TCGA + exact-matched SEER,MESO,fold1,seer_01pct,0.051622807396946746,-0.029257238291767754,190,17,15,122.0
within_type_tcga_plus_single_cancer_seer,Single-cancer TCGA + exact-matched SEER,MESO,fold2,seer_01pct,0.12733823492896046,-0.1325232695187351,190,17,15,122.0
within_type_tcga_plus_single_cancer_seer,Single-cancer TCGA + exact-matched SEER,MESO,fold3,seer_01pct,0.07726820471432456,-0.03918912686555093,190,17,15,122.0
within_type_tcga_plus_single_cancer_seer,Single-cancer TCGA + exact-matched SEER,MESO,fold4,seer_01pct,0.0768074582751196,-0.045196444962760235,190,17,14,122.0
within_type_tcga_plus_single_cancer_seer,Single-cancer TCGA + exact-matched SEER,MESO,fold5,seer_01pct,0.08073416983481851,-0.07587972178945188,190,17,14,122.0
within_type_tcga_plus_single_cancer_seer,Single-cancer TCGA + exact-matched SEER,OV,fold1,seer_01pct,0.06808485491305805,-0.08696118839724098,4918,117,70,4453.0
within_type_tcga_plus_single_cancer_seer,Single-cancer TCGA + exact-matched SEER,OV,fold2,seer_01pct,0.06356704761364369,-0.07085787885817803,4918,117,70,4453.0
within_type_tcga_plus_single_cancer_seer,Single-cancer TCGA + exact-matched SEER,OV,fold3,seer_01pct,0.0571256442039193,-0.05791687649052986,4919,116,70,4453.0
within_type_tcga_plus_single_cancer_seer,Single-cancer TCGA + exact-matched SEER,OV,fold4,seer_01pct,0.062205771653745086,-0.06847770165727834,4919,116,69,4453.0
within_type_tcga_plus_single_cancer_seer,Single-cancer TCGA + exact-matched SEER,OV,fold5,seer_01pct,0.0804378124703329,-0.1466002330707687,4919,116,69,4453.0
within_type_tcga_plus_single_cancer_seer,Single-cancer TCGA + exact-matched SEER,PAAD,fold1,seer_01pct,0.03911854360254635,-0.11383059886672417,1794,37,20,1647.0
within_type_tcga_plus_single_cancer_seer,Single-cancer TCGA + exact-matched SEER,PAAD,fold2,seer_01pct,0.0526121857690704,-0.3958662480149094,1794,37,20,1647.0
within_type_tcga_plus_single_cancer_seer,Single-cancer TCGA + exact-matched SEER,PAAD,fold3,seer_01pct,0.02702557618578414,-0.07152432631143116,1794,37,20,1647.0
within_type_tcga_plus_single_cancer_seer,Single-cancer TCGA + exact-matched SEER,PAAD,fold4,seer_01pct,0.03586946927454662,-0.10042281320798899,1794,37,20,1647.0
within_type_tcga_plus_single_cancer_seer,Single-cancer TCGA + exact-matched SEER,PAAD,fold5,seer_01pct,0.026214541609436443,-0.12924529651984798,1795,36,20,1647.0
within_type_tcga_plus_single_cancer_seer,Single-cancer TCGA + exact-matched SEER,PCPG,fold1,seer_01pct,0.0375245150044796,-0.02133147342032589,117,90,3,28.0
within_type_tcga_plus_single_cancer_seer,Single-cancer TCGA + exact-matched SEER,PCPG,fold2,seer_01pct,0.012796888832134375,0.002832757538294272,118,89,3,28.0
within_type_tcga_plus_single_cancer_seer,Single-cancer TCGA + exact-matched SEER,PRAD,fold1,seer_01pct,0.008206692620324614,-0.035327159704982763,12044,250,5,11794.0
within_type_tcga_plus_single_cancer_seer,Single-cancer TCGA + exact-matched SEER,PRAD,fold2,seer_01pct,0.0074106816384707985,-0.020673896150100082,12044,250,5,11794.0
within_type_tcga_plus_single_cancer_seer,Single-cancer TCGA + exact-matched SEER,READ,fold1,seer_01pct,0.01809558909737154,-0.12037240122837879,6856,33,5,6725.0
within_type_tcga_plus_single_cancer_seer,Single-cancer TCGA + exact-matched SEER,READ,fold2,seer_01pct,0.025942126893923837,-0.15974594308762272,6856,33,5,6725.0
within_type_tcga_plus_single_cancer_seer,Single-cancer TCGA + exact-matched SEER,READ,fold3,seer_01pct,0.01611860544274439,-0.09655909746348841,6856,33,5,6725.0
within_type_tcga_plus_single_cancer_seer,Single-cancer TCGA + exact-matched SEER,READ,fold4,seer_01pct,0.014569512807400632,-0.11180077209415581,6856,33,6,6725.0
within_type_tcga_plus_single_cancer_seer,Single-cancer TCGA + exact-matched SEER,READ,fold5,seer_01pct,0.028698179459084434,-0.128105593693045,6857,32,5,6725.0
within_type_tcga_plus_single_cancer_seer,Single-cancer TCGA + exact-matched SEER,SARC,fold1,seer_01pct,0.06712458549467049,-0.11448679386861241,871,53,20,663.0
within_type_tcga_plus_single_cancer_seer,Single-cancer TCGA + exact-matched SEER,SARC,fold2,seer_01pct,0.05606560669956404,-0.12448198585112186,872,52,19,663.0
within_type_tcga_plus_single_cancer_seer,Single-cancer TCGA + exact-matched SEER,SARC,fold3,seer_01pct,0.0679574999650817,-0.13883180479622848,872,52,20,663.0
within_type_tcga_plus_single_cancer_seer,Single-cancer TCGA + exact-matched SEER,SARC,fold4,seer_01pct,0.08510732738989422,-0.12538915312833343,872,52,20,663.0
within_type_tcga_plus_single_cancer_seer,Single-cancer TCGA + exact-matched SEER,SARC,fold5,seer_01pct,0.07094772089708141,-0.15931160054034904,872,52,20,663.0
within_type_tcga_plus_single_cancer_seer,Single-cancer TCGA + exact-matched SEER,SKCM,fold1,seer_01pct,0.15701316574942586,-0.039494705736248165,4000,91,43,3637.0
within_type_tcga_plus_single_cancer_seer,Single-cancer TCGA + exact-matched SEER,SKCM,fold2,seer_01pct,0.09150926811495963,-0.023809193578262416,4000,91,43,3637.0
within_type_tcga_plus_single_cancer_seer,Single-cancer TCGA + exact-matched SEER,SKCM,fold3,seer_01pct,0.14435517165239395,-0.034274532442215705,4000,91,43,3637.0
within_type_tcga_plus_single_cancer_seer,Single-cancer TCGA + exact-matched SEER,SKCM,fold4,seer_01pct,0.19371842462831712,-0.017516132016507424,4000,91,43,3637.0
within_type_tcga_plus_single_cancer_seer,Single-cancer TCGA + exact-matched SEER,SKCM,fold5,seer_01pct,0.06473037817006745,-0.020312886476146458,4001,90,42,3637.0
within_type_tcga_plus_single_cancer_seer,Single-cancer TCGA + exact-matched SEER,STAD,fold1,seer_01pct,0.03440344166782149,-0.1394896076355855,2353,84,34,2020.0
within_type_tcga_plus_single_cancer_seer,Single-cancer TCGA + exact-matched SEER,STAD,fold2,seer_01pct,0.045925010659799814,-0.17213479871705598,2353,84,34,2020.0
within_type_tcga_plus_single_cancer_seer,Single-cancer TCGA + exact-matched SEER,STAD,fold3,seer_01pct,0.02419155042370933,-0.1629225676297257,2354,83,33,2020.0
within_type_tcga_plus_single_cancer_seer,Single-cancer TCGA + exact-matched SEER,STAD,fold4,seer_01pct,0.033653510091427995,-0.15625806081831606,2354,83,33,2020.0
within_type_tcga_plus_single_cancer_seer,Single-cancer TCGA + exact-matched SEER,STAD,fold5,seer_01pct,0.031243693886632336,-0.17170320121996965,2354,83,34,2020.0
within_type_tcga_plus_single_cancer_seer,Single-cancer TCGA + exact-matched SEER,TGCT,fold1,seer_01pct,0.022247463528047375,0.008607924098930424,11861,67,2,11794.0
within_type_tcga_plus_single_cancer_seer,Single-cancer TCGA + exact-matched SEER,TGCT,fold2,seer_01pct,0.024003796319258426,0.010364256890141475,11861,67,2,11794.0
within_type_tcga_plus_single_cancer_seer,Single-cancer TCGA + exact-matched SEER,THCA,fold1,seer_01pct,0.013888174563673854,-0.04082162375498828,2411,169,5,2074.0
within_type_tcga_plus_single_cancer_seer,Single-cancer TCGA + exact-matched SEER,THCA,fold2,seer_01pct,0.009744280167220521,-0.02079530252126255,2411,169,6,2074.0
within_type_tcga_plus_single_cancer_seer,Single-cancer TCGA + exact-matched SEER,THCA,fold3,seer_01pct,0.009016102056005136,-0.03189702190807186,2412,168,5,2074.0
within_type_tcga_plus_single_cancer_seer,Single-cancer TCGA + exact-matched SEER,THYM,fold1,seer_01pct,0.06508435662133862,0.0017191284846932164,121,62,5,60.0
within_type_tcga_plus_single_cancer_seer,Single-cancer TCGA + exact-matched SEER,THYM,fold2,seer_01pct,0.098891697038704,0.01093623918670944,122,61,4,60.0
within_type_tcga_plus_single_cancer_seer,Single-cancer TCGA + exact-matched SEER,UCEC,fold1,seer_01pct,0.032542840149282874,-0.11345679938910597,4889,110,19,4453.0
within_type_tcga_plus_single_cancer_seer,Single-cancer TCGA + exact-matched SEER,UCEC,fold2,seer_01pct,0.029694217834434246,-0.05385596782170033,4890,109,18,4453.0
within_type_tcga_plus_single_cancer_seer,Single-cancer TCGA + exact-matched SEER,UCEC,fold3,seer_01pct,0.06528848193512322,-0.18977698061140202,4890,109,18,4453.0
within_type_tcga_plus_single_cancer_seer,Single-cancer TCGA + exact-matched SEER,UCEC,fold4,seer_01pct,0.025852364869688928,-0.14960841964701801,4890,109,18,4453.0
within_type_tcga_plus_single_cancer_seer,Single-cancer TCGA + exact-matched SEER,UCEC,fold5,seer_01pct,0.044619476971284204,-0.08025241211932735,4890,109,18,4453.0
within_type_tcga_plus_single_cancer_seer,Single-cancer TCGA + exact-matched SEER,UCS,fold1,seer_01pct,0.03969798734456337,-0.19220308794362115,4497,12,7,4453.0
within_type_tcga_plus_single_cancer_seer,Single-cancer TCGA + exact-matched SEER,UCS,fold2,seer_01pct,0.029817294291291607,-0.07265571490328447,4498,11,7,4453.0
within_type_tcga_plus_single_cancer_seer,Single-cancer TCGA + exact-matched SEER,UCS,fold3,seer_01pct,0.08511394282818426,-0.16182921946879208,4498,11,7,4453.0
within_type_tcga_plus_single_cancer_seer,Single-cancer TCGA + exact-matched SEER,UCS,fold4,seer_01pct,0.06880591657389566,-0.21990746994137245,4498,11,7,4453.0
within_type_tcga_plus_single_cancer_seer,Single-cancer TCGA + exact-matched SEER,UCS,fold5,seer_01pct,0.053918556472917815,-0.1418268789454557,4498,11,7,4453.0
within_type_tcga_plus_single_cancer_seer,Single-cancer TCGA + exact-matched SEER,UVM,fold1,seer_01pct,0.06632148546821016,-0.06309271590077893,159,20,6,99.0
within_type_tcga_plus_single_cancer_seer,Single-cancer TCGA + exact-matched SEER,UVM,fold2,seer_01pct,0.028634249161355006,-0.10768943936323361,159,20,6,99.0
within_type_tcga_plus_single_cancer_seer,Single-cancer TCGA + exact-matched SEER,UVM,fold3,seer_01pct,0.04216192910554381,-0.14788683155628973,159,20,6,99.0
within_type_tcga_plus_single_cancer_seer,Single-cancer TCGA + exact-matched SEER,UVM,fold4,seer_01pct,0.029373707328342904,-0.1945659728923627,159,20,5,99.0
within_type_tcga_plus_single_cancer_seer,Single-cancer TCGA + exact-matched SEER,ACC,fold1,seer_05pct,0.042148472498416086,-0.0474494820488315,323,19,7,251.0
within_type_tcga_plus_single_cancer_seer,Single-cancer TCGA + exact-matched SEER,ACC,fold2,seer_05pct,0.10194028589952532,-0.12049199689465363,324,18,7,251.0
within_type_tcga_plus_single_cancer_seer,Single-cancer TCGA + exact-matched SEER,ACC,fold3,seer_05pct,0.05095464449507605,-0.10535613511790362,324,18,7,251.0
within_type_tcga_plus_single_cancer_seer,Single-cancer TCGA + exact-matched SEER,ACC,fold4,seer_05pct,0.058345919191179395,-0.031409891112658773,324,18,6,251.0
within_type_tcga_plus_single_cancer_seer,Single-cancer TCGA + exact-matched SEER,ACC,fold5,seer_05pct,0.044476990748156475,-0.048394305310998406,324,18,6,251.0
within_type_tcga_plus_single_cancer_seer,Single-cancer TCGA + exact-matched SEER,BLCA,fold1,seer_05pct,0.04712595242305479,-0.14857559142605303,26429,82,36,26101.0
within_type_tcga_plus_single_cancer_seer,Single-cancer TCGA + exact-matched SEER,BLCA,fold2,seer_05pct,0.05517611078551814,-0.07686362589560432,26429,82,36,26101.0
within_type_tcga_plus_single_cancer_seer,Single-cancer TCGA + exact-matched SEER,BLCA,fold3,seer_05pct,0.045156545949470134,-0.10765197597094642,26429,82,36,26101.0
within_type_tcga_plus_single_cancer_seer,Single-cancer TCGA + exact-matched SEER,BLCA,fold4,seer_05pct,0.0515201529415892,-0.13912786488881754,26429,82,36,26101.0
within_type_tcga_plus_single_cancer_seer,Single-cancer TCGA + exact-matched SEER,BLCA,fold5,seer_05pct,0.06078237693872708,-0.2065084593877735,26429,82,36,26101.0
within_type_tcga_plus_single_cancer_seer,Single-cancer TCGA + exact-matched SEER,BRCA,fold1,seer_05pct,0.045302322481625294,-0.11207795322791567,57406,217,30,56540.0
within_type_tcga_plus_single_cancer_seer,Single-cancer TCGA + exact-matched SEER,BRCA,fold2,seer_05pct,0.040684383734673056,-0.07279277608417672,57406,217,30,56540.0
within_type_tcga_plus_single_cancer_seer,Single-cancer TCGA + exact-matched SEER,BRCA,fold3,seer_05pct,0.03739184440489979,-0.0813120114056851,57406,217,31,56540.0
within_type_tcga_plus_single_cancer_seer,Single-cancer TCGA + exact-matched SEER,BRCA,fold4,seer_05pct,0.045889870290757855,-0.19894487184413367,57407,216,30,56540.0
within_type_tcga_plus_single_cancer_seer,Single-cancer TCGA + exact-matched SEER,BRCA,fold5,seer_05pct,0.04569418665754306,-0.10501032954459817,57407,216,30,56540.0
within_type_tcga_plus_single_cancer_seer,Single-cancer TCGA + exact-matched SEER,CESC,fold1,seer_05pct,0.05417862249205893,-0.09655555430782828,22498,59,14,22263.0
within_type_tcga_plus_single_cancer_seer,Single-cancer TCGA + exact-matched SEER,CESC,fold2,seer_05pct,0.08734763646491069,-0.09729196643355649,22498,59,14,22263.0
within_type_tcga_plus_single_cancer_seer,Single-cancer TCGA + exact-matched SEER,CESC,fold3,seer_05pct,0.04679111014061746,-0.058303755047375005,22498,59,14,22263.0
within_type_tcga_plus_single_cancer_seer,Single-cancer TCGA + exact-matched SEER,CESC,fold4,seer_05pct,0.05489260995048724,-0.249570845930146,22498,59,15,22263.0
within_type_tcga_plus_single_cancer_seer,Single-cancer TCGA + exact-matched SEER,CESC,fold5,seer_05pct,0.060717276730517446,-0.23599511980027718,22499,58,14,22263.0
within_type_tcga_plus_single_cancer_seer,Single-cancer TCGA + exact-matched SEER,CHOL,fold1,seer_05pct,0.039901056652002005,-0.1823315079930297,8200,12,6,8167.0
within_type_tcga_plus_single_cancer_seer,Single-cancer TCGA + exact-matched SEER,CHOL,fold2,seer_05pct,0.059944419581067526,-0.26835750488186694,8201,11,6,8167.0
within_type_tcga_plus_single_cancer_seer,Single-cancer TCGA + exact-matched SEER,CHOL,fold3,seer_05pct,0.04622213675262773,-0.18475802756239496,8201,11,5,8167.0
within_type_tcga_plus_single_cancer_seer,Single-cancer TCGA + exact-matched SEER,CHOL,fold4,seer_05pct,0.06434854070800303,-0.34386968579564825,8201,11,5,8167.0
within_type_tcga_plus_single_cancer_seer,Single-cancer TCGA + exact-matched SEER,COAD,fold1,seer_05pct,0.030706787753260238,-0.18056819970623447,33980,89,20,33627.0
within_type_tcga_plus_single_cancer_seer,Single-cancer TCGA + exact-matched SEER,COAD,fold2,seer_05pct,0.03569414435543327,-0.1646613122091296,33980,89,20,33627.0
within_type_tcga_plus_single_cancer_seer,Single-cancer TCGA + exact-matched SEER,COAD,fold3,seer_05pct,0.03603593713983227,-0.16385571643739288,33981,88,19,33627.0
within_type_tcga_plus_single_cancer_seer,Single-cancer TCGA + exact-matched SEER,COAD,fold4,seer_05pct,0.03484756598286952,-0.2347933078796532,33981,88,19,33627.0
within_type_tcga_plus_single_cancer_seer,Single-cancer TCGA + exact-matched SEER,COAD,fold5,seer_05pct,0.023786974473496654,-0.08450330831662467,33981,88,20,33627.0
within_type_tcga_plus_single_cancer_seer,Single-cancer TCGA + exact-matched SEER,DLBC,fold1,seer_05pct,0.07211940082828791,-0.09791370047566955,16767,24,5,16744.0
within_type_tcga_plus_single_cancer_seer,Single-cancer TCGA + exact-matched SEER,DLBC,fold2,seer_05pct,0.09687356123103834,-0.11225397944622041,16768,23,4,16744.0
within_type_tcga_plus_single_cancer_seer,Single-cancer TCGA + exact-matched SEER,ESCA,fold1,seer_05pct,0.03465299468754369,-0.211376558933844,10246,37,16,10098.0
within_type_tcga_plus_single_cancer_seer,Single-cancer TCGA + exact-matched SEER,ESCA,fold2,seer_05pct,0.025066248228151608,-0.10693122546035565,10246,37,16,10098.0
within_type_tcga_plus_single_cancer_seer,Single-cancer TCGA + exact-matched SEER,ESCA,fold3,seer_05pct,0.020776960952522273,-0.11391202996045738,10246,37,15,10098.0
within_type_tcga_plus_single_cancer_seer,Single-cancer TCGA + exact-matched SEER,ESCA,fold4,seer_05pct,0.03180296987105964,-0.12441603790675208,10246,37,15,10098.0
within_type_tcga_plus_single_cancer_seer,Single-cancer TCGA + exact-matched SEER,ESCA,fold5,seer_05pct,0.026746932975469533,-0.1622530986231712,10246,37,15,10098.0
within_type_tcga_plus_single_cancer_seer,Single-cancer TCGA + exact-matched SEER,GBM,fold1,seer_05pct,0.027479336102369745,-0.030805640639708323,5528,119,99,5052.0
within_type_tcga_plus_single_cancer_seer,Single-cancer TCGA + exact-matched SEER,GBM,fold2,seer_05pct,0.031204980721272632,-0.05129920451723868,5528,119,98,5052.0
within_type_tcga_plus_single_cancer_seer,Single-cancer TCGA + exact-matched SEER,GBM,fold3,seer_05pct,0.03211738705777076,-0.044326211567111,5528,119,98,5052.0
within_type_tcga_plus_single_cancer_seer,Single-cancer TCGA + exact-matched SEER,GBM,fold4,seer_05pct,0.024821558290714654,-0.0400756478066573,5528,119,98,5052.0
within_type_tcga_plus_single_cancer_seer,Single-cancer TCGA + exact-matched SEER,GBM,fold5,seer_05pct,0.03537994004726794,-0.0534673128385101,5528,119,98,5052.0
within_type_tcga_plus_single_cancer_seer,Single-cancer TCGA + exact-matched SEER,HNSC,fold1,seer_05pct,0.052675200859248504,-0.16185606107062178,12264,106,45,11843.0
within_type_tcga_plus_single_cancer_seer,Single-cancer TCGA + exact-matched SEER,HNSC,fold2,seer_05pct,0.045715309981823056,-0.08563343161619091,12264,106,45,11843.0
within_type_tcga_plus_single_cancer_seer,Single-cancer TCGA + exact-matched SEER,HNSC,fold3,seer_05pct,0.05983305195127534,-0.09890003459473057,12265,105,44,11843.0
within_type_tcga_plus_single_cancer_seer,Single-cancer TCGA + exact-matched SEER,HNSC,fold4,seer_05pct,0.05796863074176116,-0.1306997334259844,12265,105,44,11843.0
within_type_tcga_plus_single_cancer_seer,Single-cancer TCGA + exact-matched SEER,HNSC,fold5,seer_05pct,0.06151259648005202,-0.1287777209381465,12265,105,45,11843.0
within_type_tcga_plus_single_cancer_seer,Single-cancer TCGA + exact-matched SEER,KICH,fold1,seer_05pct,0.028582955171444484,-0.044640494269015,26157,56,6,26101.0
within_type_tcga_plus_single_cancer_seer,Single-cancer TCGA + exact-matched SEER,KICH,fold2,seer_05pct,0.030123255488328393,-0.08106476672402017,26157,56,6,26101.0
within_type_tcga_plus_single_cancer_seer,Single-cancer TCGA + exact-matched SEER,KIRC,fold1,seer_05pct,0.04299581367174522,-0.09450725641764675,26529,107,35,26101.0
within_type_tcga_plus_single_cancer_seer,Single-cancer TCGA + exact-matched SEER,KIRC,fold2,seer_05pct,0.04666507396992154,-0.07422060768993316,26529,107,35,26101.0
within_type_tcga_plus_single_cancer_seer,Single-cancer TCGA + exact-matched SEER,KIRC,fold3,seer_05pct,0.04625880132606212,-0.1304039988446378,26529,107,35,26101.0
within_type_tcga_plus_single_cancer_seer,Single-cancer TCGA + exact-matched SEER,KIRC,fold4,seer_05pct,0.04097440738944235,-0.05269787107775995,26529,107,36,26101.0
within_type_tcga_plus_single_cancer_seer,Single-cancer TCGA + exact-matched SEER,KIRC,fold5,seer_05pct,0.03480690666597183,-0.07861024175102362,26529,107,36,26101.0
within_type_tcga_plus_single_cancer_seer,Single-cancer TCGA + exact-matched SEER,KIRP,fold1,seer_05pct,0.05356158720487142,-0.1541493176920615,26331,58,9,26101.0
within_type_tcga_plus_single_cancer_seer,Single-cancer TCGA + exact-matched SEER,KIRP,fold2,seer_05pct,0.02917647103601155,-0.16585441232106363,26331,58,9,26101.0
within_type_tcga_plus_single_cancer_seer,Single-cancer TCGA + exact-matched SEER,KIRP,fold3,seer_05pct,0.0235285813142419,-0.09949668024703721,26331,58,9,26101.0
within_type_tcga_plus_single_cancer_seer,Single-cancer TCGA + exact-matched SEER,KIRP,fold4,seer_05pct,0.02708186966314191,-0.12412244815280948,26332,57,8,26101.0
within_type_tcga_plus_single_cancer_seer,Single-cancer TCGA + exact-matched SEER,KIRP,fold5,seer_05pct,0.02679180584025673,-0.10852158657779978,26332,57,9,26101.0
within_type_tcga_plus_single_cancer_seer,Single-cancer TCGA + exact-matched SEER,LAML,fold1,seer_05pct,0.04120345396625354,-0.1973705732253887,9903,35,22,9765.0
within_type_tcga_plus_single_cancer_seer,Single-cancer TCGA + exact-matched SEER,LAML,fold2,seer_05pct,0.04158159272847589,-0.14654266914452166,9903,35,22,9765.0
within_type_tcga_plus_single_cancer_seer,Single-cancer TCGA + exact-matched SEER,LAML,fold3,seer_05pct,0.03873530357401032,-0.17821501661903316,9903,35,22,9765.0
within_type_tcga_plus_single_cancer_seer,Single-cancer TCGA + exact-matched SEER,LAML,fold4,seer_05pct,0.0369058869566648,-0.11127961480669535,9904,34,21,9765.0
within_type_tcga_plus_single_cancer_seer,Single-cancer TCGA + exact-matched SEER,LAML,fold5,seer_05pct,0.04165617289694665,-0.21497288963153874,9904,34,21,9765.0
within_type_tcga_plus_single_cancer_seer,Single-cancer TCGA + exact-matched SEER,LGG,fold1,seer_05pct,0.04095370902708014,-0.12414469392341229,5460,103,25,5052.0
within_type_tcga_plus_single_cancer_seer,Single-cancer TCGA + exact-matched SEER,LGG,fold2,seer_05pct,0.03556546634563152,-0.1388731928854135,5461,102,25,5052.0
within_type_tcga_plus_single_cancer_seer,Single-cancer TCGA + exact-matched SEER,LGG,fold3,seer_05pct,0.0558684618996505,-0.20482232785286936,5461,102,25,5052.0
within_type_tcga_plus_single_cancer_seer,Single-cancer TCGA + exact-matched SEER,LGG,fold4,seer_05pct,0.035130004376509094,-0.13411978078026932,5461,102,25,5052.0
within_type_tcga_plus_single_cancer_seer,Single-cancer TCGA + exact-matched SEER,LGG,fold5,seer_05pct,0.032603088916289026,-0.06835703636262419,5461,102,25,5052.0
within_type_tcga_plus_single_cancer_seer,Single-cancer TCGA + exact-matched SEER,LIHC,fold1,seer_05pct,0.04011654255293265,-0.1012738962044544,8463,75,27,8167.0
within_type_tcga_plus_single_cancer_seer,Single-cancer TCGA + exact-matched SEER,LIHC,fold2,seer_05pct,0.055085605831393915,-0.17463106812412382,8464,74,27,8167.0
within_type_tcga_plus_single_cancer_seer,Single-cancer TCGA + exact-matched SEER,LIHC,fold3,seer_05pct,0.04024378473387646,-0.21349003923731424,8464,74,26,8167.0
within_type_tcga_plus_single_cancer_seer,Single-cancer TCGA + exact-matched SEER,LIHC,fold4,seer_05pct,0.043837232111616956,-0.14964558252127058,8464,74,26,8167.0
within_type_tcga_plus_single_cancer_seer,Single-cancer TCGA + exact-matched SEER,LIHC,fold5,seer_05pct,0.05063954760497539,-0.11539864630703675,8464,74,26,8167.0
within_type_tcga_plus_single_cancer_seer,Single-cancer TCGA + exact-matched SEER,LUAD,fold1,seer_05pct,0.04998532204360649,-0.13162919900305914,36974,102,36,36567.0
within_type_tcga_plus_single_cancer_seer,Single-cancer TCGA + exact-matched SEER,LUAD,fold2,seer_05pct,0.05397902131086518,-0.09331483686887168,36974,102,37,36567.0
within_type_tcga_plus_single_cancer_seer,Single-cancer TCGA + exact-matched SEER,LUAD,fold3,seer_05pct,0.042846533209644384,-0.0852683309555225,36974,102,37,36567.0
within_type_tcga_plus_single_cancer_seer,Single-cancer TCGA + exact-matched SEER,LUAD,fold4,seer_05pct,0.05557774809790563,-0.2540722814997675,36974,102,37,36567.0
within_type_tcga_plus_single_cancer_seer,Single-cancer TCGA + exact-matched SEER,LUAD,fold5,seer_05pct,0.039635692549359995,-0.07934966446591404,36975,101,36,36567.0
within_type_tcga_plus_single_cancer_seer,Single-cancer TCGA + exact-matched SEER,LUSC,fold1,seer_05pct,0.05359520452117085,-0.08410961249361142,36964,100,43,36567.0
within_type_tcga_plus_single_cancer_seer,Single-cancer TCGA + exact-matched SEER,LUSC,fold2,seer_05pct,0.05101074724833774,-0.07201283980478856,36964,100,43,36567.0
within_type_tcga_plus_single_cancer_seer,Single-cancer TCGA + exact-matched SEER,LUSC,fold3,seer_05pct,0.06095763092182744,-0.06277206792809217,36965,99,43,36567.0
within_type_tcga_plus_single_cancer_seer,Single-cancer TCGA + exact-matched SEER,LUSC,fold4,seer_05pct,0.06940050910914258,-0.11115967330796855,36965,99,43,36567.0
within_type_tcga_plus_single_cancer_seer,Single-cancer TCGA + exact-matched SEER,LUSC,fold5,seer_05pct,0.0848256010604947,-0.27464272129498596,36965,99,43,36567.0
within_type_tcga_plus_single_cancer_seer,Single-cancer TCGA + exact-matched SEER,MESO,fold1,seer_05pct,0.03635154608981881,-0.04452849959889569,676,17,15,608.0
within_type_tcga_plus_single_cancer_seer,Single-cancer TCGA + exact-matched SEER,MESO,fold2,seer_05pct,0.09844197074025057,-0.161419533707445,676,17,15,608.0
within_type_tcga_plus_single_cancer_seer,Single-cancer TCGA + exact-matched SEER,MESO,fold3,seer_05pct,0.06372138525246479,-0.0527359463274107,676,17,15,608.0
within_type_tcga_plus_single_cancer_seer,Single-cancer TCGA + exact-matched SEER,MESO,fold4,seer_05pct,0.052995094604491755,-0.06900880863338808,676,17,14,608.0
within_type_tcga_plus_single_cancer_seer,Single-cancer TCGA + exact-matched SEER,MESO,fold5,seer_05pct,0.07152468127716785,-0.08508921034710254,676,17,14,608.0
within_type_tcga_plus_single_cancer_seer,Single-cancer TCGA + exact-matched SEER,OV,fold1,seer_05pct,0.06712475493097803,-0.087921288379321,22728,117,70,22263.0
within_type_tcga_plus_single_cancer_seer,Single-cancer TCGA + exact-matched SEER,OV,fold2,seer_05pct,0.058967077669218035,-0.07545784880260369,22728,117,70,22263.0
within_type_tcga_plus_single_cancer_seer,Single-cancer TCGA + exact-matched SEER,OV,fold3,seer_05pct,0.05583085494879691,-0.05921166574565225,22729,116,70,22263.0
within_type_tcga_plus_single_cancer_seer,Single-cancer TCGA + exact-matched SEER,OV,fold4,seer_05pct,0.05453213839760455,-0.07615133491341888,22729,116,69,22263.0
within_type_tcga_plus_single_cancer_seer,Single-cancer TCGA + exact-matched SEER,OV,fold5,seer_05pct,0.07817318961004784,-0.14886485593105375,22729,116,69,22263.0
within_type_tcga_plus_single_cancer_seer,Single-cancer TCGA + exact-matched SEER,PAAD,fold1,seer_05pct,0.027736450942190512,-0.12521269152708,8380,37,20,8233.0
within_type_tcga_plus_single_cancer_seer,Single-cancer TCGA + exact-matched SEER,PAAD,fold2,seer_05pct,0.051595087999374165,-0.3968833457846056,8380,37,20,8233.0
within_type_tcga_plus_single_cancer_seer,Single-cancer TCGA + exact-matched SEER,PAAD,fold3,seer_05pct,0.021638553586938815,-0.07691134891027648,8380,37,20,8233.0
within_type_tcga_plus_single_cancer_seer,Single-cancer TCGA + exact-matched SEER,PAAD,fold4,seer_05pct,0.026037588240718904,-0.1102546942418167,8380,37,20,8233.0
within_type_tcga_plus_single_cancer_seer,Single-cancer TCGA + exact-matched SEER,PAAD,fold5,seer_05pct,0.022544385500625833,-0.13291545262865861,8381,36,20,8233.0
within_type_tcga_plus_single_cancer_seer,Single-cancer TCGA + exact-matched SEER,PCPG,fold1,seer_05pct,0.03306131466932305,-0.025794673755482438,230,90,3,141.0
within_type_tcga_plus_single_cancer_seer,Single-cancer TCGA + exact-matched SEER,PCPG,fold2,seer_05pct,0.03089482082505375,0.02093068953121365,231,89,3,141.0
within_type_tcga_plus_single_cancer_seer,Single-cancer TCGA + exact-matched SEER,PRAD,fold1,seer_05pct,0.007815123949916878,-0.0357187283753905,59222,250,5,58972.0
within_type_tcga_plus_single_cancer_seer,Single-cancer TCGA + exact-matched SEER,PRAD,fold2,seer_05pct,0.006457691271238645,-0.021626886517332237,59222,250,5,58972.0
within_type_tcga_plus_single_cancer_seer,Single-cancer TCGA + exact-matched SEER,READ,fold1,seer_05pct,0.022528083639090684,-0.11593990668665964,33758,33,5,33627.0
within_type_tcga_plus_single_cancer_seer,Single-cancer TCGA + exact-matched SEER,READ,fold2,seer_05pct,0.025155765944802382,-0.16053230403674418,33758,33,5,33627.0
within_type_tcga_plus_single_cancer_seer,Single-cancer TCGA + exact-matched SEER,READ,fold3,seer_05pct,0.015604961098831895,-0.09707274180740091,33758,33,5,33627.0
within_type_tcga_plus_single_cancer_seer,Single-cancer TCGA + exact-matched SEER,READ,fold4,seer_05pct,0.017074366398653323,-0.10929591850290311,33758,33,6,33627.0
within_type_tcga_plus_single_cancer_seer,Single-cancer TCGA + exact-matched SEER,READ,fold5,seer_05pct,0.030640519275286555,-0.12616325387684288,33759,32,5,33627.0
within_type_tcga_plus_single_cancer_seer,Single-cancer TCGA + exact-matched SEER,SARC,fold1,seer_05pct,0.06521487940500156,-0.11639649995828133,3524,53,20,3316.0
within_type_tcga_plus_single_cancer_seer,Single-cancer TCGA + exact-matched SEER,SARC,fold2,seer_05pct,0.05150452486969417,-0.12904306768099172,3525,52,19,3316.0
within_type_tcga_plus_single_cancer_seer,Single-cancer TCGA + exact-matched SEER,SARC,fold3,seer_05pct,0.06426934850660258,-0.1425199562547076,3525,52,20,3316.0
within_type_tcga_plus_single_cancer_seer,Single-cancer TCGA + exact-matched SEER,SARC,fold4,seer_05pct,0.07779208626572044,-0.13270439425250719,3525,52,20,3316.0
within_type_tcga_plus_single_cancer_seer,Single-cancer TCGA + exact-matched SEER,SARC,fold5,seer_05pct,0.06678441185192821,-0.16347490958550226,3525,52,20,3316.0
within_type_tcga_plus_single_cancer_seer,Single-cancer TCGA + exact-matched SEER,SKCM,fold1,seer_05pct,0.1400586392789932,-0.05644923220668083,18546,91,43,18183.0
within_type_tcga_plus_single_cancer_seer,Single-cancer TCGA + exact-matched SEER,SKCM,fold2,seer_05pct,0.08734655066576986,-0.02797191102745218,18546,91,43,18183.0
within_type_tcga_plus_single_cancer_seer,Single-cancer TCGA + exact-matched SEER,SKCM,fold3,seer_05pct,0.15092178422445557,-0.027707919870154085,18546,91,43,18183.0
within_type_tcga_plus_single_cancer_seer,Single-cancer TCGA + exact-matched SEER,SKCM,fold4,seer_05pct,0.18978746993692408,-0.021447086707900465,18546,91,43,18183.0
within_type_tcga_plus_single_cancer_seer,Single-cancer TCGA + exact-matched SEER,SKCM,fold5,seer_05pct,0.06767766493009088,-0.01736559971612303,18547,90,42,18183.0
within_type_tcga_plus_single_cancer_seer,Single-cancer TCGA + exact-matched SEER,STAD,fold1,seer_05pct,0.029642352055593506,-0.14425069724781348,10431,84,34,10098.0
within_type_tcga_plus_single_cancer_seer,Single-cancer TCGA + exact-matched SEER,STAD,fold2,seer_05pct,0.03772558535392791,-0.18033422402292787,10431,84,34,10098.0
within_type_tcga_plus_single_cancer_seer,Single-cancer TCGA + exact-matched SEER,STAD,fold3,seer_05pct,0.029269981787108313,-0.1578441362663267,10432,83,33,10098.0
within_type_tcga_plus_single_cancer_seer,Single-cancer TCGA + exact-matched SEER,STAD,fold4,seer_05pct,0.03461585767243574,-0.1552957132373083,10432,83,33,10098.0
within_type_tcga_plus_single_cancer_seer,Single-cancer TCGA + exact-matched SEER,STAD,fold5,seer_05pct,0.032304936992469425,-0.17064195811413257,10432,83,34,10098.0
within_type_tcga_plus_single_cancer_seer,Single-cancer TCGA + exact-matched SEER,TGCT,fold1,seer_05pct,0.01632377778711346,0.0026842383579965077,59039,67,2,58972.0
within_type_tcga_plus_single_cancer_seer,Single-cancer TCGA + exact-matched SEER,TGCT,fold2,seer_05pct,0.01967138637460177,0.006031846945484818,59039,67,2,58972.0
within_type_tcga_plus_single_cancer_seer,Single-cancer TCGA + exact-matched SEER,THCA,fold1,seer_05pct,0.010057513191403713,-0.044652285127258426,10707,169,5,10370.0
within_type_tcga_plus_single_cancer_seer,Single-cancer TCGA + exact-matched SEER,THCA,fold2,seer_05pct,0.0090907281322451,-0.021448854556237972,10707,169,6,10370.0
within_type_tcga_plus_single_cancer_seer,Single-cancer TCGA + exact-matched SEER,THCA,fold3,seer_05pct,0.007242793315726432,-0.033670330648350566,10708,168,5,10370.0
within_type_tcga_plus_single_cancer_seer,Single-cancer TCGA + exact-matched SEER,THYM,fold1,seer_05pct,0.044093182178911686,-0.019272045957733713,360,62,5,299.0
within_type_tcga_plus_single_cancer_seer,Single-cancer TCGA + exact-matched SEER,THYM,fold2,seer_05pct,0.042419290034652515,-0.045536167817342044,361,61,4,299.0
within_type_tcga_plus_single_cancer_seer,Single-cancer TCGA + exact-matched SEER,UCEC,fold1,seer_05pct,0.029973358325801044,-0.1160262812125878,22699,110,19,22263.0
within_type_tcga_plus_single_cancer_seer,Single-cancer TCGA + exact-matched SEER,UCEC,fold2,seer_05pct,0.02587245927484555,-0.05767772638128903,22700,109,18,22263.0
within_type_tcga_plus_single_cancer_seer,Single-cancer TCGA + exact-matched SEER,UCEC,fold3,seer_05pct,0.0709698547943603,-0.18409560775216494,22700,109,18,22263.0
within_type_tcga_plus_single_cancer_seer,Single-cancer TCGA + exact-matched SEER,UCEC,fold4,seer_05pct,0.024966981960607083,-0.15049380255609984,22700,109,18,22263.0
within_type_tcga_plus_single_cancer_seer,Single-cancer TCGA + exact-matched SEER,UCEC,fold5,seer_05pct,0.038688734729993866,-0.08618315436061769,22700,109,18,22263.0
within_type_tcga_plus_single_cancer_seer,Single-cancer TCGA + exact-matched SEER,UCS,fold1,seer_05pct,0.04505647193725075,-0.18684460335093378,22307,12,7,22263.0
within_type_tcga_plus_single_cancer_seer,Single-cancer TCGA + exact-matched SEER,UCS,fold2,seer_05pct,0.033985795249719224,-0.06848721394485685,22308,11,7,22263.0
within_type_tcga_plus_single_cancer_seer,Single-cancer TCGA + exact-matched SEER,UCS,fold3,seer_05pct,0.09468003616418766,-0.1522631261327887,22308,11,7,22263.0
within_type_tcga_plus_single_cancer_seer,Single-cancer TCGA + exact-matched SEER,UCS,fold4,seer_05pct,0.06821818034326994,-0.2204952061719982,22308,11,7,22263.0
within_type_tcga_plus_single_cancer_seer,Single-cancer TCGA + exact-matched SEER,UCS,fold5,seer_05pct,0.05367765470303612,-0.1420677807153374,22308,11,7,22263.0
within_type_tcga_plus_single_cancer_seer,Single-cancer TCGA + exact-matched SEER,UVM,fold1,seer_05pct,0.04482147676493661,-0.08459272460405248,556,20,6,496.0
within_type_tcga_plus_single_cancer_seer,Single-cancer TCGA + exact-matched SEER,UVM,fold2,seer_05pct,0.026021641816732027,-0.1103020467078566,556,20,6,496.0
within_type_tcga_plus_single_cancer_seer,Single-cancer TCGA + exact-matched SEER,UVM,fold3,seer_05pct,0.030140956453069776,-0.15990780420876377,556,20,6,496.0
within_type_tcga_plus_single_cancer_seer,Single-cancer TCGA + exact-matched SEER,UVM,fold4,seer_05pct,0.021283326405477258,-0.20265635381522834,556,20,5,496.0
within_type_tcga_plus_single_cancer_seer,Single-cancer TCGA + exact-matched SEER,ACC,fold1,seer_100pct,0.048729754984375956,-0.04086819956287163,5086,19,7,5014.0
within_type_tcga_plus_single_cancer_seer,Single-cancer TCGA + exact-matched SEER,ACC,fold2,seer_100pct,0.10118409505850014,-0.12124818773567882,5087,18,7,5014.0
within_type_tcga_plus_single_cancer_seer,Single-cancer TCGA + exact-matched SEER,ACC,fold3,seer_100pct,0.053735534290605944,-0.10257524532237373,5087,18,7,5014.0
within_type_tcga_plus_single_cancer_seer,Single-cancer TCGA + exact-matched SEER,ACC,fold4,seer_100pct,0.043070684392036165,-0.046685125911802,5087,18,6,5014.0
within_type_tcga_plus_single_cancer_seer,Single-cancer TCGA + exact-matched SEER,ACC,fold5,seer_100pct,0.05406700633241189,-0.03880428972674299,5087,18,6,5014.0
within_type_tcga_plus_single_cancer_seer,Single-cancer TCGA + exact-matched SEER,BLCA,fold1,seer_100pct,0.03904498784960956,-0.15665655599949826,522349,82,36,522021.0
within_type_tcga_plus_single_cancer_seer,Single-cancer TCGA + exact-matched SEER,BLCA,fold2,seer_100pct,0.048192286675525435,-0.08384745000559701,522349,82,36,522021.0
within_type_tcga_plus_single_cancer_seer,Single-cancer TCGA + exact-matched SEER,BLCA,fold3,seer_100pct,0.043610951889607674,-0.10919757003080888,522349,82,36,522021.0
within_type_tcga_plus_single_cancer_seer,Single-cancer TCGA + exact-matched SEER,BLCA,fold4,seer_100pct,0.048434946434743144,-0.1422130713956636,522349,82,36,522021.0
within_type_tcga_plus_single_cancer_seer,Single-cancer TCGA + exact-matched SEER,BLCA,fold5,seer_100pct,0.060663547341074826,-0.20662728898542576,522349,82,36,522021.0
within_type_tcga_plus_single_cancer_seer,Single-cancer TCGA + exact-matched SEER,BRCA,fold1,seer_100pct,0.05302787164177304,-0.10435240406776793,1131665,217,30,1130799.0
within_type_tcga_plus_single_cancer_seer,Single-cancer TCGA + exact-matched SEER,BRCA,fold2,seer_100pct,0.05005068497773094,-0.06342647484111882,1131665,217,30,1130799.0
within_type_tcga_plus_single_cancer_seer,Single-cancer TCGA + exact-matched SEER,BRCA,fold3,seer_100pct,0.043260067479158094,-0.07544378833142679,1131665,217,31,1130799.0
within_type_tcga_plus_single_cancer_seer,Single-cancer TCGA + exact-matched SEER,BRCA,fold4,seer_100pct,0.04838248635609759,-0.19645225577879394,1131666,216,30,1130799.0
within_type_tcga_plus_single_cancer_seer,Single-cancer TCGA + exact-matched SEER,BRCA,fold5,seer_100pct,0.04934727484226356,-0.10135724135987767,1131666,216,30,1130799.0
within_type_tcga_plus_single_cancer_seer,Single-cancer TCGA + exact-matched SEER,CESC,fold1,seer_100pct,0.07448320395784698,-0.07625097284204023,445495,59,14,445260.0
within_type_tcga_plus_single_cancer_seer,Single-cancer TCGA + exact-matched SEER,CESC,fold2,seer_100pct,0.10443921141934853,-0.08020039147911864,445495,59,14,445260.0
within_type_tcga_plus_single_cancer_seer,Single-cancer TCGA + exact-matched SEER,CESC,fold3,seer_100pct,0.058399609219953866,-0.0466952559680386,445495,59,14,445260.0
within_type_tcga_plus_single_cancer_seer,Single-cancer TCGA + exact-matched SEER,CESC,fold4,seer_100pct,0.08045101919806472,-0.2240124366825685,445495,59,15,445260.0
within_type_tcga_plus_single_cancer_seer,Single-cancer TCGA + exact-matched SEER,CESC,fold5,seer_100pct,0.06487006334000259,-0.23184233319079203,445496,58,14,445260.0
within_type_tcga_plus_single_cancer_seer,Single-cancer TCGA + exact-matched SEER,CHOL,fold1,seer_100pct,0.037841963092251935,-0.18439060155277975,163380,12,6,163347.0
within_type_tcga_plus_single_cancer_seer,Single-cancer TCGA + exact-matched SEER,CHOL,fold2,seer_100pct,0.06282128255782726,-0.26548064190510723,163381,11,6,163347.0
within_type_tcga_plus_single_cancer_seer,Single-cancer TCGA + exact-matched SEER,CHOL,fold3,seer_100pct,0.04148984661066435,-0.18949031770435834,163381,11,5,163347.0
within_type_tcga_plus_single_cancer_seer,Single-cancer TCGA + exact-matched SEER,CHOL,fold4,seer_100pct,0.06354319853621472,-0.3446750279674366,163381,11,5,163347.0
within_type_tcga_plus_single_cancer_seer,Single-cancer TCGA + exact-matched SEER,COAD,fold1,seer_100pct,0.03204101600367739,-0.17923397145581732,672901,89,20,672548.0
within_type_tcga_plus_single_cancer_seer,Single-cancer TCGA + exact-matched SEER,COAD,fold2,seer_100pct,0.03856274994355426,-0.16179270662100861,672901,89,20,672548.0
within_type_tcga_plus_single_cancer_seer,Single-cancer TCGA + exact-matched SEER,COAD,fold3,seer_100pct,0.04489925116751157,-0.1549924024097136,672902,88,19,672548.0
within_type_tcga_plus_single_cancer_seer,Single-cancer TCGA + exact-matched SEER,COAD,fold4,seer_100pct,0.03690965992630514,-0.2327312139362176,672902,88,19,672548.0
within_type_tcga_plus_single_cancer_seer,Single-cancer TCGA + exact-matched SEER,COAD,fold5,seer_100pct,0.031629943066787396,-0.07666033972333391,672902,88,20,672548.0
within_type_tcga_plus_single_cancer_seer,Single-cancer TCGA + exact-matched SEER,DLBC,fold1,seer_100pct,0.07600951842514823,-0.09402358287880923,334912,24,5,334889.0
within_type_tcga_plus_single_cancer_seer,Single-cancer TCGA + exact-matched SEER,DLBC,fold2,seer_100pct,0.10152312928070452,-0.10760441139655423,334913,23,4,334889.0
within_type_tcga_plus_single_cancer_seer,Single-cancer TCGA + exact-matched SEER,ESCA,fold1,seer_100pct,0.03629856022966847,-0.2097309933917192,202105,37,16,201957.0
within_type_tcga_plus_single_cancer_seer,Single-cancer TCGA + exact-matched SEER,ESCA,fold2,seer_100pct,0.027415573874933336,-0.10458189981357392,202105,37,16,201957.0
within_type_tcga_plus_single_cancer_seer,Single-cancer TCGA + exact-matched SEER,ESCA,fold3,seer_100pct,0.02130030939202695,-0.11338868152095269,202105,37,15,201957.0
within_type_tcga_plus_single_cancer_seer,Single-cancer TCGA + exact-matched SEER,ESCA,fold4,seer_100pct,0.035987423329759335,-0.12023158444805239,202105,37,15,201957.0
within_type_tcga_plus_single_cancer_seer,Single-cancer TCGA + exact-matched SEER,ESCA,fold5,seer_100pct,0.030676366817902683,-0.15832366478073806,202105,37,15,201957.0
within_type_tcga_plus_single_cancer_seer,Single-cancer TCGA + exact-matched SEER,GBM,fold1,seer_100pct,0.02853479768076215,-0.02975017906131592,101513,119,99,101037.0
within_type_tcga_plus_single_cancer_seer,Single-cancer TCGA + exact-matched SEER,GBM,fold2,seer_100pct,0.034583003588603514,-0.0479211816499078,101513,119,98,101037.0
within_type_tcga_plus_single_cancer_seer,Single-cancer TCGA + exact-matched SEER,GBM,fold3,seer_100pct,0.0332047503473153,-0.04323884827756646,101513,119,98,101037.0
within_type_tcga_plus_single_cancer_seer,Single-cancer TCGA + exact-matched SEER,GBM,fold4,seer_100pct,0.027301494839855646,-0.03759571125751631,101513,119,98,101037.0
within_type_tcga_plus_single_cancer_seer,Single-cancer TCGA + exact-matched SEER,GBM,fold5,seer_100pct,0.03507824858847305,-0.05376900429730499,101513,119,98,101037.0
within_type_tcga_plus_single_cancer_seer,Single-cancer TCGA + exact-matched SEER,HNSC,fold1,seer_100pct,0.052600731211388585,-0.1619305307184817,237273,106,45,236852.0
within_type_tcga_plus_single_cancer_seer,Single-cancer TCGA + exact-matched SEER,HNSC,fold2,seer_100pct,0.051476608110753136,-0.07987213348726083,237273,106,45,236852.0
within_type_tcga_plus_single_cancer_seer,Single-cancer TCGA + exact-matched SEER,HNSC,fold3,seer_100pct,0.06602530191765753,-0.09270778462834837,237274,105,44,236852.0
within_type_tcga_plus_single_cancer_seer,Single-cancer TCGA + exact-matched SEER,HNSC,fold4,seer_100pct,0.06593892037101103,-0.12272944379673452,237274,105,44,236852.0
within_type_tcga_plus_single_cancer_seer,Single-cancer TCGA + exact-matched SEER,HNSC,fold5,seer_100pct,0.06619724806644654,-0.12409306935175198,237274,105,45,236852.0
within_type_tcga_plus_single_cancer_seer,Single-cancer TCGA + exact-matched SEER,KICH,fold1,seer_100pct,0.029632340592391847,-0.04359110884806763,522077,56,6,522021.0
within_type_tcga_plus_single_cancer_seer,Single-cancer TCGA + exact-matched SEER,KICH,fold2,seer_100pct,0.031099354819022564,-0.080088667393326,522077,56,6,522021.0
within_type_tcga_plus_single_cancer_seer,Single-cancer TCGA + exact-matched SEER,KIRC,fold1,seer_100pct,0.058970749322196384,-0.07853232076719559,522449,107,35,522021.0
within_type_tcga_plus_single_cancer_seer,Single-cancer TCGA + exact-matched SEER,KIRC,fold2,seer_100pct,0.0592692026165376,-0.06161647904331711,522449,107,35,522021.0
within_type_tcga_plus_single_cancer_seer,Single-cancer TCGA + exact-matched SEER,KIRC,fold3,seer_100pct,0.05792591937735188,-0.11873688079334803,522449,107,35,522021.0
within_type_tcga_plus_single_cancer_seer,Single-cancer TCGA + exact-matched SEER,KIRC,fold4,seer_100pct,0.05697178338848503,-0.036700495078717275,522449,107,36,522021.0
within_type_tcga_plus_single_cancer_seer,Single-cancer TCGA + exact-matched SEER,KIRC,fold5,seer_100pct,0.04454767012111849,-0.06886947829587696,522449,107,36,522021.0
within_type_tcga_plus_single_cancer_seer,Single-cancer TCGA + exact-matched SEER,KIRP,fold1,seer_100pct,0.048636319639430034,-0.1590745852575029,522251,58,9,522021.0
within_type_tcga_plus_single_cancer_seer,Single-cancer TCGA + exact-matched SEER,KIRP,fold2,seer_100pct,0.02961279337108863,-0.16541808998598656,522251,58,9,522021.0
within_type_tcga_plus_single_cancer_seer,Single-cancer TCGA + exact-matched SEER,KIRP,fold3,seer_100pct,0.026531283849732728,-0.09649397771154639,522251,58,9,522021.0
within_type_tcga_plus_single_cancer_seer,Single-cancer TCGA + exact-matched SEER,KIRP,fold4,seer_100pct,0.026703688184041084,-0.1245006296319103,522252,57,8,522021.0
within_type_tcga_plus_single_cancer_seer,Single-cancer TCGA + exact-matched SEER,KIRP,fold5,seer_100pct,0.023666332909631566,-0.11164705950842495,522252,57,9,522021.0
within_type_tcga_plus_single_cancer_seer,Single-cancer TCGA + exact-matched SEER,LAML,fold1,seer_100pct,0.06097239731425027,-0.17760162987739198,195446,35,22,195308.0
within_type_tcga_plus_single_cancer_seer,Single-cancer TCGA + exact-matched SEER,LAML,fold2,seer_100pct,0.06653177554148539,-0.12159248633151216,195446,35,22,195308.0
within_type_tcga_plus_single_cancer_seer,Single-cancer TCGA + exact-matched SEER,LAML,fold3,seer_100pct,0.06052966215686185,-0.15642065803618163,195446,35,22,195308.0
within_type_tcga_plus_single_cancer_seer,Single-cancer TCGA + exact-matched SEER,LAML,fold4,seer_100pct,0.055004383567939956,-0.09318111819542019,195447,34,21,195308.0
within_type_tcga_plus_single_cancer_seer,Single-cancer TCGA + exact-matched SEER,LAML,fold5,seer_100pct,0.048967759910715725,-0.20766130261776966,195447,34,21,195308.0
within_type_tcga_plus_single_cancer_seer,Single-cancer TCGA + exact-matched SEER,LGG,fold1,seer_100pct,0.04151117486604555,-0.12358722808444689,101445,103,25,101037.0
within_type_tcga_plus_single_cancer_seer,Single-cancer TCGA + exact-matched SEER,LGG,fold2,seer_100pct,0.030071291241671672,-0.14436736798937333,101446,102,25,101037.0
within_type_tcga_plus_single_cancer_seer,Single-cancer TCGA + exact-matched SEER,LGG,fold3,seer_100pct,0.050487077903833145,-0.21020371184868672,101446,102,25,101037.0
within_type_tcga_plus_single_cancer_seer,Single-cancer TCGA + exact-matched SEER,LGG,fold4,seer_100pct,0.03377672823353155,-0.13547305692324685,101446,102,25,101037.0
within_type_tcga_plus_single_cancer_seer,Single-cancer TCGA + exact-matched SEER,LGG,fold5,seer_100pct,0.02796359153108144,-0.07299653374783178,101446,102,25,101037.0
within_type_tcga_plus_single_cancer_seer,Single-cancer TCGA + exact-matched SEER,LIHC,fold1,seer_100pct,0.03633940044048718,-0.10505103831689987,163643,75,27,163347.0
within_type_tcga_plus_single_cancer_seer,Single-cancer TCGA + exact-matched SEER,LIHC,fold2,seer_100pct,0.058562011336634676,-0.17115466261888307,163644,74,27,163347.0
within_type_tcga_plus_single_cancer_seer,Single-cancer TCGA + exact-matched SEER,LIHC,fold3,seer_100pct,0.044699911207744074,-0.20903391276344663,163644,74,26,163347.0
within_type_tcga_plus_single_cancer_seer,Single-cancer TCGA + exact-matched SEER,LIHC,fold4,seer_100pct,0.04569632401987789,-0.14778649061300964,163644,74,26,163347.0
within_type_tcga_plus_single_cancer_seer,Single-cancer TCGA + exact-matched SEER,LIHC,fold5,seer_100pct,0.051907601602076144,-0.114130592309936,163644,74,26,163347.0
within_type_tcga_plus_single_cancer_seer,Single-cancer TCGA + exact-matched SEER,LUAD,fold1,seer_100pct,0.05147406255330231,-0.13014045849336334,731738,102,36,731331.0
within_type_tcga_plus_single_cancer_seer,Single-cancer TCGA + exact-matched SEER,LUAD,fold2,seer_100pct,0.04275991406599329,-0.10453394411374357,731738,102,37,731331.0
within_type_tcga_plus_single_cancer_seer,Single-cancer TCGA + exact-matched SEER,LUAD,fold3,seer_100pct,0.03832905562255008,-0.0897858085426168,731738,102,37,731331.0
within_type_tcga_plus_single_cancer_seer,Single-cancer TCGA + exact-matched SEER,LUAD,fold4,seer_100pct,0.06733715861547164,-0.2423128709822015,731738,102,37,731331.0
within_type_tcga_plus_single_cancer_seer,Single-cancer TCGA + exact-matched SEER,LUAD,fold5,seer_100pct,0.04437675022048628,-0.07460860679478776,731739,101,36,731331.0
within_type_tcga_plus_single_cancer_seer,Single-cancer TCGA + exact-matched SEER,LUSC,fold1,seer_100pct,0.057992924995021365,-0.0797118920197609,731728,100,43,731331.0
within_type_tcga_plus_single_cancer_seer,Single-cancer TCGA + exact-matched SEER,LUSC,fold2,seer_100pct,0.04610544725838292,-0.07691813979474338,731728,100,43,731331.0
within_type_tcga_plus_single_cancer_seer,Single-cancer TCGA + exact-matched SEER,LUSC,fold3,seer_100pct,0.05514399306418908,-0.06858570578573053,731729,99,43,731331.0
within_type_tcga_plus_single_cancer_seer,Single-cancer TCGA + exact-matched SEER,LUSC,fold4,seer_100pct,0.06414496005962574,-0.1164152223574854,731729,99,43,731331.0
within_type_tcga_plus_single_cancer_seer,Single-cancer TCGA + exact-matched SEER,LUSC,fold5,seer_100pct,0.09385233778854862,-0.26561598456693203,731729,99,43,731331.0
within_type_tcga_plus_single_cancer_seer,Single-cancer TCGA + exact-matched SEER,MESO,fold1,seer_100pct,0.027696025627317083,-0.05318402006139741,12231,17,15,12163.0
within_type_tcga_plus_single_cancer_seer,Single-cancer TCGA + exact-matched SEER,MESO,fold2,seer_100pct,0.063662336587125,-0.19619916786057057,12231,17,15,12163.0
within_type_tcga_plus_single_cancer_seer,Single-cancer TCGA + exact-matched SEER,MESO,fold3,seer_100pct,0.045038782976802264,-0.07141854860307323,12231,17,15,12163.0
within_type_tcga_plus_single_cancer_seer,Single-cancer TCGA + exact-matched SEER,MESO,fold4,seer_100pct,0.03509461692827546,-0.08690928630960437,12231,17,14,12163.0
within_type_tcga_plus_single_cancer_seer,Single-cancer TCGA + exact-matched SEER,MESO,fold5,seer_100pct,0.05291725946932283,-0.10369663215494757,12231,17,14,12163.0
within_type_tcga_plus_single_cancer_seer,Single-cancer TCGA + exact-matched SEER,OV,fold1,seer_100pct,0.06850049766966106,-0.08654554564063797,445725,117,70,445260.0
within_type_tcga_plus_single_cancer_seer,Single-cancer TCGA + exact-matched SEER,OV,fold2,seer_100pct,0.058123457648131094,-0.07630146882369063,445725,117,70,445260.0
within_type_tcga_plus_single_cancer_seer,Single-cancer TCGA + exact-matched SEER,OV,fold3,seer_100pct,0.05892536558541765,-0.05611715510903151,445726,116,70,445260.0
within_type_tcga_plus_single_cancer_seer,Single-cancer TCGA + exact-matched SEER,OV,fold4,seer_100pct,0.05519838058272916,-0.07548509272829426,445726,116,69,445260.0
within_type_tcga_plus_single_cancer_seer,Single-cancer TCGA + exact-matched SEER,OV,fold5,seer_100pct,0.0799919602830996,-0.14704608525800197,445726,116,69,445260.0
within_type_tcga_plus_single_cancer_seer,Single-cancer TCGA + exact-matched SEER,PAAD,fold1,seer_100pct,0.030897859086089795,-0.12205128338318072,164805,37,20,164658.0
within_type_tcga_plus_single_cancer_seer,Single-cancer TCGA + exact-matched SEER,PAAD,fold2,seer_100pct,0.04353318600869508,-0.4049452477752847,164805,37,20,164658.0
within_type_tcga_plus_single_cancer_seer,Single-cancer TCGA + exact-matched SEER,PAAD,fold3,seer_100pct,0.021506976834977036,-0.07704292566223828,164805,37,20,164658.0
within_type_tcga_plus_single_cancer_seer,Single-cancer TCGA + exact-matched SEER,PAAD,fold4,seer_100pct,0.024090860983766987,-0.11220142149876862,164805,37,20,164658.0
within_type_tcga_plus_single_cancer_seer,Single-cancer TCGA + exact-matched SEER,PAAD,fold5,seer_100pct,0.022031759873971428,-0.133428078255313,164806,36,20,164658.0
within_type_tcga_plus_single_cancer_seer,Single-cancer TCGA + exact-matched SEER,PCPG,fold1,seer_100pct,0.0208822282425915,-0.03797376018221399,2909,90,3,2820.0
within_type_tcga_plus_single_cancer_seer,Single-cancer TCGA + exact-matched SEER,PCPG,fold2,seer_100pct,0.024040032169912295,0.014075900876072193,2910,89,3,2820.0
within_type_tcga_plus_single_cancer_seer,Single-cancer TCGA + exact-matched SEER,PRAD,fold1,seer_100pct,0.008789501251368093,-0.034744351073939285,1179680,250,5,1179430.0
within_type_tcga_plus_single_cancer_seer,Single-cancer TCGA + exact-matched SEER,PRAD,fold2,seer_100pct,0.008393561521872435,-0.019691016266698447,1179680,250,5,1179430.0
within_type_tcga_plus_single_cancer_seer,Single-cancer TCGA + exact-matched SEER,READ,fold1,seer_100pct,0.027686424056098887,-0.11078156626965144,672679,33,5,672548.0
within_type_tcga_plus_single_cancer_seer,Single-cancer TCGA + exact-matched SEER,READ,fold2,seer_100pct,0.025806171424704497,-0.15988189855684204,672679,33,5,672548.0
within_type_tcga_plus_single_cancer_seer,Single-cancer TCGA + exact-matched SEER,READ,fold3,seer_100pct,0.024236840735632526,-0.08844086217060028,672679,33,5,672548.0
within_type_tcga_plus_single_cancer_seer,Single-cancer TCGA + exact-matched SEER,READ,fold4,seer_100pct,0.02965367662506964,-0.0967166082764868,672679,33,6,672548.0
within_type_tcga_plus_single_cancer_seer,Single-cancer TCGA + exact-matched SEER,READ,fold5,seer_100pct,0.03860920786077552,-0.11819456529135391,672680,32,5,672548.0
within_type_tcga_plus_single_cancer_seer,Single-cancer TCGA + exact-matched SEER,SARC,fold1,seer_100pct,0.06990941081094594,-0.11170196855233695,66521,53,20,66313.0
within_type_tcga_plus_single_cancer_seer,Single-cancer TCGA + exact-matched SEER,SARC,fold2,seer_100pct,0.05380820780191474,-0.12673938474877117,66522,52,19,66313.0
within_type_tcga_plus_single_cancer_seer,Single-cancer TCGA + exact-matched SEER,SARC,fold3,seer_100pct,0.0738538709484527,-0.13293543381285747,66522,52,20,66313.0
within_type_tcga_plus_single_cancer_seer,Single-cancer TCGA + exact-matched SEER,SARC,fold4,seer_100pct,0.08285248345515799,-0.12764399706306967,66522,52,20,66313.0
within_type_tcga_plus_single_cancer_seer,Single-cancer TCGA + exact-matched SEER,SARC,fold5,seer_100pct,0.07722554033505202,-0.15303378110237845,66522,52,20,66313.0
within_type_tcga_plus_single_cancer_seer,Single-cancer TCGA + exact-matched SEER,SKCM,fold1,seer_100pct,0.14132833572226697,-0.05517953576340706,364021,91,43,363658.0
within_type_tcga_plus_single_cancer_seer,Single-cancer TCGA + exact-matched SEER,SKCM,fold2,seer_100pct,0.0873064745760864,-0.02801198711713565,364021,91,43,363658.0
within_type_tcga_plus_single_cancer_seer,Single-cancer TCGA + exact-matched SEER,SKCM,fold3,seer_100pct,0.15764772664073742,-0.02098197745387223,364021,91,43,363658.0
within_type_tcga_plus_single_cancer_seer,Single-cancer TCGA + exact-matched SEER,SKCM,fold4,seer_100pct,0.19008779552174143,-0.021146761123083113,364021,91,43,363658.0
within_type_tcga_plus_single_cancer_seer,Single-cancer TCGA + exact-matched SEER,SKCM,fold5,seer_100pct,0.0824632605296943,-0.0025800041165196103,364022,90,42,363658.0
within_type_tcga_plus_single_cancer_seer,Single-cancer TCGA + exact-matched SEER,STAD,fold1,seer_100pct,0.035330773243829904,-0.13856227605957708,202290,84,34,201957.0
within_type_tcga_plus_single_cancer_seer,Single-cancer TCGA + exact-matched SEER,STAD,fold2,seer_100pct,0.03516529050110098,-0.1828945188757548,202290,84,34,201957.0
within_type_tcga_plus_single_cancer_seer,Single-cancer TCGA + exact-matched SEER,STAD,fold3,seer_100pct,0.03119385514049059,-0.15592026291294445,202291,83,33,201957.0
within_type_tcga_plus_single_cancer_seer,Single-cancer TCGA + exact-matched SEER,STAD,fold4,seer_100pct,0.03820549575766779,-0.15170607515207626,202291,83,33,201957.0
within_type_tcga_plus_single_cancer_seer,Single-cancer TCGA + exact-matched SEER,STAD,fold5,seer_100pct,0.03315694734169566,-0.16978994776490633,202291,83,34,201957.0
within_type_tcga_plus_single_cancer_seer,Single-cancer TCGA + exact-matched SEER,TGCT,fold1,seer_100pct,0.017089391110151512,0.0034498516810345606,1179497,67,2,1179430.0
within_type_tcga_plus_single_cancer_seer,Single-cancer TCGA + exact-matched SEER,TGCT,fold2,seer_100pct,0.01756979501043853,0.00393025558132158,1179497,67,2,1179430.0
within_type_tcga_plus_single_cancer_seer,Single-cancer TCGA + exact-matched SEER,THCA,fold1,seer_100pct,0.009502872991679555,-0.04520692532698258,207741,169,5,207404.0
within_type_tcga_plus_single_cancer_seer,Single-cancer TCGA + exact-matched SEER,THCA,fold2,seer_100pct,0.008151485842441351,-0.02238809684604172,207741,169,6,207404.0
within_type_tcga_plus_single_cancer_seer,Single-cancer TCGA + exact-matched SEER,THCA,fold3,seer_100pct,0.007743431076043119,-0.033169692888033876,207742,168,5,207404.0
within_type_tcga_plus_single_cancer_seer,Single-cancer TCGA + exact-matched SEER,THYM,fold1,seer_100pct,0.027201005918265235,-0.036164222218380164,6034,62,5,5973.0
within_type_tcga_plus_single_cancer_seer,Single-cancer TCGA + exact-matched SEER,THYM,fold2,seer_100pct,0.03380644914415243,-0.05414900870784213,6035,61,4,5973.0
within_type_tcga_plus_single_cancer_seer,Single-cancer TCGA + exact-matched SEER,UCEC,fold1,seer_100pct,0.027267512613320506,-0.11873212692506835,445696,110,19,445260.0
within_type_tcga_plus_single_cancer_seer,Single-cancer TCGA + exact-matched SEER,UCEC,fold2,seer_100pct,0.024042402800096528,-0.05950778285603805,445697,109,18,445260.0
within_type_tcga_plus_single_cancer_seer,Single-cancer TCGA + exact-matched SEER,UCEC,fold3,seer_100pct,0.05631967010093699,-0.19874579244558824,445697,109,18,445260.0
within_type_tcga_plus_single_cancer_seer,Single-cancer TCGA + exact-matched SEER,UCEC,fold4,seer_100pct,0.024550470310199905,-0.15091031420650702,445697,109,18,445260.0
within_type_tcga_plus_single_cancer_seer,Single-cancer TCGA + exact-matched SEER,UCEC,fold5,seer_100pct,0.03694477604924692,-0.08792711304136464,445697,109,18,445260.0
within_type_tcga_plus_single_cancer_seer,Single-cancer TCGA + exact-matched SEER,UCS,fold1,seer_100pct,0.045929359872127,-0.1859717154160575,445304,12,7,445260.0
within_type_tcga_plus_single_cancer_seer,Single-cancer TCGA + exact-matched SEER,UCS,fold2,seer_100pct,0.034871390999332424,-0.06760161819524366,445305,11,7,445260.0
within_type_tcga_plus_single_cancer_seer,Single-cancer TCGA + exact-matched SEER,UCS,fold3,seer_100pct,0.10205717450829173,-0.1448859877886846,445305,11,7,445260.0
within_type_tcga_plus_single_cancer_seer,Single-cancer TCGA + exact-matched SEER,UCS,fold4,seer_100pct,0.06545727803739898,-0.22325610847786914,445305,11,7,445260.0
within_type_tcga_plus_single_cancer_seer,Single-cancer TCGA + exact-matched SEER,UCS,fold5,seer_100pct,0.05455837534392874,-0.1411870600744448,445305,11,7,445260.0
within_type_tcga_plus_single_cancer_seer,Single-cancer TCGA + exact-matched SEER,UVM,fold1,seer_100pct,0.0525532793408367,-0.0768609220281524,9988,20,6,9928.0
within_type_tcga_plus_single_cancer_seer,Single-cancer TCGA + exact-matched SEER,UVM,fold2,seer_100pct,0.023428064176332142,-0.11289562434825648,9988,20,6,9928.0
within_type_tcga_plus_single_cancer_seer,Single-cancer TCGA + exact-matched SEER,UVM,fold3,seer_100pct,0.025649107357328133,-0.1643996533045054,9988,20,6,9928.0
within_type_tcga_plus_single_cancer_seer,Single-cancer TCGA + exact-matched SEER,UVM,fold4,seer_100pct,0.022779785891634444,-0.20115989432907116,9988,20,5,9928.0
within_type_tcga_plus_single_cancer_seer,Single-cancer TCGA + exact-matched SEER,ACC,fold1,seer_20pct,0.034806755681138626,-0.05479119886610896,1075,19,7,1003.0
within_type_tcga_plus_single_cancer_seer,Single-cancer TCGA + exact-matched SEER,ACC,fold2,seer_20pct,0.0817709058370402,-0.14066137695713876,1076,18,7,1003.0
within_type_tcga_plus_single_cancer_seer,Single-cancer TCGA + exact-matched SEER,ACC,fold3,seer_20pct,0.043329719201609565,-0.11298106041137011,1076,18,7,1003.0
within_type_tcga_plus_single_cancer_seer,Single-cancer TCGA + exact-matched SEER,ACC,fold4,seer_20pct,0.03833500708252967,-0.0514208032213085,1076,18,6,1003.0
within_type_tcga_plus_single_cancer_seer,Single-cancer TCGA + exact-matched SEER,ACC,fold5,seer_20pct,0.05597293862290101,-0.03689835743625387,1076,18,6,1003.0
within_type_tcga_plus_single_cancer_seer,Single-cancer TCGA + exact-matched SEER,BLCA,fold1,seer_20pct,0.040051641094009695,-0.15564990275509813,104732,82,36,104404.0
within_type_tcga_plus_single_cancer_seer,Single-cancer TCGA + exact-matched SEER,BLCA,fold2,seer_20pct,0.05039306526407417,-0.08164667141704829,104732,82,36,104404.0
within_type_tcga_plus_single_cancer_seer,Single-cancer TCGA + exact-matched SEER,BLCA,fold3,seer_20pct,0.04408900241508834,-0.10871951950532821,104732,82,36,104404.0
within_type_tcga_plus_single_cancer_seer,Single-cancer TCGA + exact-matched SEER,BLCA,fold4,seer_20pct,0.0491411521005398,-0.14150686572986695,104732,82,36,104404.0
within_type_tcga_plus_single_cancer_seer,Single-cancer TCGA + exact-matched SEER,BLCA,fold5,seer_20pct,0.059070340472983145,-0.20822049585351743,104732,82,36,104404.0
within_type_tcga_plus_single_cancer_seer,Single-cancer TCGA + exact-matched SEER,BRCA,fold1,seer_20pct,0.045370144176333616,-0.11201013153320735,227026,217,30,226160.0
within_type_tcga_plus_single_cancer_seer,Single-cancer TCGA + exact-matched SEER,BRCA,fold2,seer_20pct,0.0461067480351717,-0.06737041178367807,227026,217,30,226160.0
within_type_tcga_plus_single_cancer_seer,Single-cancer TCGA + exact-matched SEER,BRCA,fold3,seer_20pct,0.03893552960242873,-0.07976832620815616,227026,217,31,226160.0
within_type_tcga_plus_single_cancer_seer,Single-cancer TCGA + exact-matched SEER,BRCA,fold4,seer_20pct,0.04390845261675506,-0.20092628951813649,227027,216,30,226160.0
within_type_tcga_plus_single_cancer_seer,Single-cancer TCGA + exact-matched SEER,BRCA,fold5,seer_20pct,0.04768556520277914,-0.10301895099936209,227027,216,30,226160.0
within_type_tcga_plus_single_cancer_seer,Single-cancer TCGA + exact-matched SEER,CESC,fold1,seer_20pct,0.06199307825699007,-0.08874109854289713,89287,59,14,89052.0
within_type_tcga_plus_single_cancer_seer,Single-cancer TCGA + exact-matched SEER,CESC,fold2,seer_20pct,0.09615596607542007,-0.08848363682304711,89287,59,14,89052.0
within_type_tcga_plus_single_cancer_seer,Single-cancer TCGA + exact-matched SEER,CESC,fold3,seer_20pct,0.046398889395471876,-0.05869597579252059,89287,59,14,89052.0
within_type_tcga_plus_single_cancer_seer,Single-cancer TCGA + exact-matched SEER,CESC,fold4,seer_20pct,0.06253900230844714,-0.2419244535721861,89287,59,15,89052.0
within_type_tcga_plus_single_cancer_seer,Single-cancer TCGA + exact-matched SEER,CESC,fold5,seer_20pct,0.053414084951132056,-0.24329831157966256,89288,58,14,89052.0
within_type_tcga_plus_single_cancer_seer,Single-cancer TCGA + exact-matched SEER,CHOL,fold1,seer_20pct,0.035843201197151564,-0.18638936344788012,32702,12,6,32669.0
within_type_tcga_plus_single_cancer_seer,Single-cancer TCGA + exact-matched SEER,CHOL,fold2,seer_20pct,0.06249433374976148,-0.265807590713173,32703,11,6,32669.0
within_type_tcga_plus_single_cancer_seer,Single-cancer TCGA + exact-matched SEER,CHOL,fold3,seer_20pct,0.04476875351897605,-0.18621141079604664,32703,11,5,32669.0
within_type_tcga_plus_single_cancer_seer,Single-cancer TCGA + exact-matched SEER,CHOL,fold4,seer_20pct,0.0658200855050374,-0.3423981409986139,32703,11,5,32669.0
within_type_tcga_plus_single_cancer_seer,Single-cancer TCGA + exact-matched SEER,COAD,fold1,seer_20pct,0.0299169750212156,-0.18135801243827912,134863,89,20,134510.0
within_type_tcga_plus_single_cancer_seer,Single-cancer TCGA + exact-matched SEER,COAD,fold2,seer_20pct,0.03864573465668358,-0.1617097219078793,134863,89,20,134510.0
within_type_tcga_plus_single_cancer_seer,Single-cancer TCGA + exact-matched SEER,COAD,fold3,seer_20pct,0.041635997166414807,-0.15825565641081035,134864,88,19,134510.0
within_type_tcga_plus_single_cancer_seer,Single-cancer TCGA + exact-matched SEER,COAD,fold4,seer_20pct,0.03416507225798359,-0.23547580160453913,134864,88,19,134510.0
within_type_tcga_plus_single_cancer_seer,Single-cancer TCGA + exact-matched SEER,COAD,fold5,seer_20pct,0.028029278269824102,-0.08026100452029722,134864,88,20,134510.0
within_type_tcga_plus_single_cancer_seer,Single-cancer TCGA + exact-matched SEER,DLBC,fold1,seer_20pct,0.06956794762961283,-0.10046515367434464,67001,24,5,66978.0
within_type_tcga_plus_single_cancer_seer,Single-cancer TCGA + exact-matched SEER,DLBC,fold2,seer_20pct,0.1002520921336013,-0.10887544854365745,67002,23,4,66978.0
within_type_tcga_plus_single_cancer_seer,Single-cancer TCGA + exact-matched SEER,ESCA,fold1,seer_20pct,0.0321312021824853,-0.21389835143890237,40539,37,16,40391.0
within_type_tcga_plus_single_cancer_seer,Single-cancer TCGA + exact-matched SEER,ESCA,fold2,seer_20pct,0.025521305358000942,-0.10647616833050631,40539,37,16,40391.0
within_type_tcga_plus_single_cancer_seer,Single-cancer TCGA + exact-matched SEER,ESCA,fold3,seer_20pct,0.02097715580511105,-0.11371183510786859,40539,37,15,40391.0
within_type_tcga_plus_single_cancer_seer,Single-cancer TCGA + exact-matched SEER,ESCA,fold4,seer_20pct,0.03386155392939331,-0.12235745384841842,40539,37,15,40391.0
within_type_tcga_plus_single_cancer_seer,Single-cancer TCGA + exact-matched SEER,ESCA,fold5,seer_20pct,0.02945968656047038,-0.15954034503817036,40539,37,15,40391.0
within_type_tcga_plus_single_cancer_seer,Single-cancer TCGA + exact-matched SEER,GBM,fold1,seer_20pct,0.026927440744053406,-0.03135753599802466,20683,119,99,20207.0
within_type_tcga_plus_single_cancer_seer,Single-cancer TCGA + exact-matched SEER,GBM,fold2,seer_20pct,0.031346114389082476,-0.05115807084942884,20683,119,98,20207.0
within_type_tcga_plus_single_cancer_seer,Single-cancer TCGA + exact-matched SEER,GBM,fold3,seer_20pct,0.03141927321995884,-0.04502432540492292,20683,119,98,20207.0
within_type_tcga_plus_single_cancer_seer,Single-cancer TCGA + exact-matched SEER,GBM,fold4,seer_20pct,0.025211660574559504,-0.03968554552281245,20683,119,98,20207.0
within_type_tcga_plus_single_cancer_seer,Single-cancer TCGA + exact-matched SEER,GBM,fold5,seer_20pct,0.03561261411891897,-0.05323463876685906,20683,119,98,20207.0
within_type_tcga_plus_single_cancer_seer,Single-cancer TCGA + exact-matched SEER,HNSC,fold1,seer_20pct,0.05550857733065128,-0.159022684599219,47791,106,45,47370.0
within_type_tcga_plus_single_cancer_seer,Single-cancer TCGA + exact-matched SEER,HNSC,fold2,seer_20pct,0.04902037132808361,-0.08232837026993035,47791,106,45,47370.0
within_type_tcga_plus_single_cancer_seer,Single-cancer TCGA + exact-matched SEER,HNSC,fold3,seer_20pct,0.06152609585857296,-0.09720699068743294,47792,105,44,47370.0
within_type_tcga_plus_single_cancer_seer,Single-cancer TCGA + exact-matched SEER,HNSC,fold4,seer_20pct,0.06168282469341911,-0.12698553947432645,47792,105,44,47370.0
within_type_tcga_plus_single_cancer_seer,Single-cancer TCGA + exact-matched SEER,HNSC,fold5,seer_20pct,0.06472129660251542,-0.1255690208156831,47792,105,45,47370.0
within_type_tcga_plus_single_cancer_seer,Single-cancer TCGA + exact-matched SEER,KICH,fold1,seer_20pct,0.03135657292091694,-0.041866876519542545,104460,56,6,104404.0
within_type_tcga_plus_single_cancer_seer,Single-cancer TCGA + exact-matched SEER,KICH,fold2,seer_20pct,0.03211182903493287,-0.0790761931774157,104460,56,6,104404.0
within_type_tcga_plus_single_cancer_seer,Single-cancer TCGA + exact-matched SEER,KIRC,fold1,seer_20pct,0.04857646964084852,-0.08892660044854345,104832,107,35,104404.0
within_type_tcga_plus_single_cancer_seer,Single-cancer TCGA + exact-matched SEER,KIRC,fold2,seer_20pct,0.050479479521730194,-0.07040620213812451,104832,107,35,104404.0
within_type_tcga_plus_single_cancer_seer,Single-cancer TCGA + exact-matched SEER,KIRC,fold3,seer_20pct,0.04930017596418778,-0.12736262420651212,104832,107,35,104404.0
within_type_tcga_plus_single_cancer_seer,Single-cancer TCGA + exact-matched SEER,KIRC,fold4,seer_20pct,0.04509756457459889,-0.04857471389260341,104832,107,36,104404.0
within_type_tcga_plus_single_cancer_seer,Single-cancer TCGA + exact-matched SEER,KIRC,fold5,seer_20pct,0.03888285169374893,-0.07453429672324652,104832,107,36,104404.0
within_type_tcga_plus_single_cancer_seer,Single-cancer TCGA + exact-matched SEER,KIRP,fold1,seer_20pct,0.04591035059538742,-0.1618005543015455,104634,58,9,104404.0
within_type_tcga_plus_single_cancer_seer,Single-cancer TCGA + exact-matched SEER,KIRP,fold2,seer_20pct,0.029995828441535016,-0.16503505491554019,104634,58,9,104404.0
within_type_tcga_plus_single_cancer_seer,Single-cancer TCGA + exact-matched SEER,KIRP,fold3,seer_20pct,0.025952796228592617,-0.0970724653326865,104634,58,9,104404.0
within_type_tcga_plus_single_cancer_seer,Single-cancer TCGA + exact-matched SEER,KIRP,fold4,seer_20pct,0.027318853484895975,-0.12388546433105542,104635,57,8,104404.0
within_type_tcga_plus_single_cancer_seer,Single-cancer TCGA + exact-matched SEER,KIRP,fold5,seer_20pct,0.023238617670915618,-0.11207477474714089,104635,57,9,104404.0
within_type_tcga_plus_single_cancer_seer,Single-cancer TCGA + exact-matched SEER,LAML,fold1,seer_20pct,0.04405392831530417,-0.1945200988763381,39200,35,22,39062.0
within_type_tcga_plus_single_cancer_seer,Single-cancer TCGA + exact-matched SEER,LAML,fold2,seer_20pct,0.04556699230229581,-0.14255726957070175,39200,35,22,39062.0
within_type_tcga_plus_single_cancer_seer,Single-cancer TCGA + exact-matched SEER,LAML,fold3,seer_20pct,0.03992602421553954,-0.17702429597750394,39200,35,22,39062.0
within_type_tcga_plus_single_cancer_seer,Single-cancer TCGA + exact-matched SEER,LAML,fold4,seer_20pct,0.037911821552655496,-0.11027368021070466,39201,34,21,39062.0
within_type_tcga_plus_single_cancer_seer,Single-cancer TCGA + exact-matched SEER,LAML,fold5,seer_20pct,0.04279403025981484,-0.21383503226867054,39201,34,21,39062.0
within_type_tcga_plus_single_cancer_seer,Single-cancer TCGA + exact-matched SEER,LGG,fold1,seer_20pct,0.03748684567351319,-0.12761155727697926,20615,103,25,20207.0
within_type_tcga_plus_single_cancer_seer,Single-cancer TCGA + exact-matched SEER,LGG,fold2,seer_20pct,0.0315894292944791,-0.1428492299365659,20616,102,25,20207.0
within_type_tcga_plus_single_cancer_seer,Single-cancer TCGA + exact-matched SEER,LGG,fold3,seer_20pct,0.04458818479387183,-0.21610260495864803,20616,102,25,20207.0
within_type_tcga_plus_single_cancer_seer,Single-cancer TCGA + exact-matched SEER,LGG,fold4,seer_20pct,0.03374040610132595,-0.13550937905545246,20616,102,25,20207.0
within_type_tcga_plus_single_cancer_seer,Single-cancer TCGA + exact-matched SEER,LGG,fold5,seer_20pct,0.03558565717057724,-0.06537446810833598,20616,102,25,20207.0
within_type_tcga_plus_single_cancer_seer,Single-cancer TCGA + exact-matched SEER,LIHC,fold1,seer_20pct,0.03751288072051993,-0.10387755803686713,32965,75,27,32669.0
within_type_tcga_plus_single_cancer_seer,Single-cancer TCGA + exact-matched SEER,LIHC,fold2,seer_20pct,0.05333838207242264,-0.1763782918830951,32966,74,27,32669.0
within_type_tcga_plus_single_cancer_seer,Single-cancer TCGA + exact-matched SEER,LIHC,fold3,seer_20pct,0.042403150884212676,-0.21133067308697803,32966,74,26,32669.0
within_type_tcga_plus_single_cancer_seer,Single-cancer TCGA + exact-matched SEER,LIHC,fold4,seer_20pct,0.04381772655114553,-0.149665088081742,32966,74,26,32669.0
within_type_tcga_plus_single_cancer_seer,Single-cancer TCGA + exact-matched SEER,LIHC,fold5,seer_20pct,0.04805254117972676,-0.11798565273228537,32966,74,26,32669.0
within_type_tcga_plus_single_cancer_seer,Single-cancer TCGA + exact-matched SEER,LUAD,fold1,seer_20pct,0.0534587064072292,-0.12815581463943643,146673,102,36,146266.0
within_type_tcga_plus_single_cancer_seer,Single-cancer TCGA + exact-matched SEER,LUAD,fold2,seer_20pct,0.05214986732126884,-0.09514399085846803,146673,102,37,146266.0
within_type_tcga_plus_single_cancer_seer,Single-cancer TCGA + exact-matched SEER,LUAD,fold3,seer_20pct,0.04226167467618334,-0.08585318948898354,146673,102,37,146266.0
within_type_tcga_plus_single_cancer_seer,Single-cancer TCGA + exact-matched SEER,LUAD,fold4,seer_20pct,0.06078570793031578,-0.24886432166735734,146673,102,37,146266.0
within_type_tcga_plus_single_cancer_seer,Single-cancer TCGA + exact-matched SEER,LUAD,fold5,seer_20pct,0.04418138297591671,-0.07480397403935732,146674,101,36,146266.0
within_type_tcga_plus_single_cancer_seer,Single-cancer TCGA + exact-matched SEER,LUSC,fold1,seer_20pct,0.05467098494560826,-0.083033832069174,146663,100,43,146266.0
within_type_tcga_plus_single_cancer_seer,Single-cancer TCGA + exact-matched SEER,LUSC,fold2,seer_20pct,0.04727001300798892,-0.07575357404513738,146663,100,43,146266.0
within_type_tcga_plus_single_cancer_seer,Single-cancer TCGA + exact-matched SEER,LUSC,fold3,seer_20pct,0.05814695007634723,-0.06558274877357237,146664,99,43,146266.0
within_type_tcga_plus_single_cancer_seer,Single-cancer TCGA + exact-matched SEER,LUSC,fold4,seer_20pct,0.06939446048860036,-0.11116572192851078,146664,99,43,146266.0
within_type_tcga_plus_single_cancer_seer,Single-cancer TCGA + exact-matched SEER,LUSC,fold5,seer_20pct,0.07989750676032095,-0.2795708155951597,146664,99,43,146266.0
within_type_tcga_plus_single_cancer_seer,Single-cancer TCGA + exact-matched SEER,MESO,fold1,seer_20pct,0.03225299698868939,-0.048627048700025106,2501,17,15,2433.0
within_type_tcga_plus_single_cancer_seer,Single-cancer TCGA + exact-matched SEER,MESO,fold2,seer_20pct,0.09302803745737671,-0.16683346699031887,2501,17,15,2433.0
within_type_tcga_plus_single_cancer_seer,Single-cancer TCGA + exact-matched SEER,MESO,fold3,seer_20pct,0.06898345059473834,-0.04747388098513715,2501,17,15,2433.0
within_type_tcga_plus_single_cancer_seer,Single-cancer TCGA + exact-matched SEER,MESO,fold4,seer_20pct,0.058188935511076886,-0.06381496772680295,2501,17,14,2433.0
within_type_tcga_plus_single_cancer_seer,Single-cancer TCGA + exact-matched SEER,MESO,fold5,seer_20pct,0.08109873915343613,-0.07551515247083426,2501,17,14,2433.0
within_type_tcga_plus_single_cancer_seer,Single-cancer TCGA + exact-matched SEER,OV,fold1,seer_20pct,0.06693021829666021,-0.08811582501363882,89517,117,70,89052.0
within_type_tcga_plus_single_cancer_seer,Single-cancer TCGA + exact-matched SEER,OV,fold2,seer_20pct,0.056927874463503066,-0.07749705200831866,89517,117,70,89052.0
within_type_tcga_plus_single_cancer_seer,Single-cancer TCGA + exact-matched SEER,OV,fold3,seer_20pct,0.0569808560503232,-0.05806166464412596,89518,116,70,89052.0
within_type_tcga_plus_single_cancer_seer,Single-cancer TCGA + exact-matched SEER,OV,fold4,seer_20pct,0.05351184099073442,-0.07717163232028901,89518,116,69,89052.0
within_type_tcga_plus_single_cancer_seer,Single-cancer TCGA + exact-matched SEER,OV,fold5,seer_20pct,0.07859615624453252,-0.14844188929656904,89518,116,69,89052.0
within_type_tcga_plus_single_cancer_seer,Single-cancer TCGA + exact-matched SEER,PAAD,fold1,seer_20pct,0.028031573615927615,-0.1249175688533429,33079,37,20,32932.0
within_type_tcga_plus_single_cancer_seer,Single-cancer TCGA + exact-matched SEER,PAAD,fold2,seer_20pct,0.0413200217427993,-0.4071584120411805,33079,37,20,32932.0
within_type_tcga_plus_single_cancer_seer,Single-cancer TCGA + exact-matched SEER,PAAD,fold3,seer_20pct,0.021183116387113843,-0.07736678611010146,33079,37,20,32932.0
within_type_tcga_plus_single_cancer_seer,Single-cancer TCGA + exact-matched SEER,PAAD,fold4,seer_20pct,0.024065034283260414,-0.1122272481992752,33079,37,20,32932.0
within_type_tcga_plus_single_cancer_seer,Single-cancer TCGA + exact-matched SEER,PAAD,fold5,seer_20pct,0.022626074203755134,-0.1328337639255293,33080,36,20,32932.0
within_type_tcga_plus_single_cancer_seer,Single-cancer TCGA + exact-matched SEER,PCPG,fold1,seer_20pct,0.02316468853981045,-0.03569129988499504,653,90,3,564.0
within_type_tcga_plus_single_cancer_seer,Single-cancer TCGA + exact-matched SEER,PCPG,fold2,seer_20pct,0.02324678220636888,0.013282650912528778,654,89,3,564.0
within_type_tcga_plus_single_cancer_seer,Single-cancer TCGA + exact-matched SEER,PRAD,fold1,seer_20pct,0.008850357337258738,-0.03468349498804864,236136,250,5,235886.0
within_type_tcga_plus_single_cancer_seer,Single-cancer TCGA + exact-matched SEER,PRAD,fold2,seer_20pct,0.0071881814258329,-0.020896396362737983,236136,250,5,235886.0
within_type_tcga_plus_single_cancer_seer,Single-cancer TCGA + exact-matched SEER,READ,fold1,seer_20pct,0.024185215696259102,-0.11428277462949123,134641,33,5,134510.0
within_type_tcga_plus_single_cancer_seer,Single-cancer TCGA + exact-matched SEER,READ,fold2,seer_20pct,0.02414205197008452,-0.16154601801146204,134641,33,5,134510.0
within_type_tcga_plus_single_cancer_seer,Single-cancer TCGA + exact-matched SEER,READ,fold3,seer_20pct,0.01848543823086041,-0.0941922646753724,134641,33,5,134510.0
within_type_tcga_plus_single_cancer_seer,Single-cancer TCGA + exact-matched SEER,READ,fold4,seer_20pct,0.020038407866347526,-0.10633187703520891,134641,33,6,134510.0
within_type_tcga_plus_single_cancer_seer,Single-cancer TCGA + exact-matched SEER,READ,fold5,seer_20pct,0.03192266275461366,-0.12488111039751576,134642,32,5,134510.0
within_type_tcga_plus_single_cancer_seer,Single-cancer TCGA + exact-matched SEER,SARC,fold1,seer_20pct,0.06360921246718688,-0.11800216689609601,13471,53,20,13263.0
within_type_tcga_plus_single_cancer_seer,Single-cancer TCGA + exact-matched SEER,SARC,fold2,seer_20pct,0.05253383583946516,-0.12801375671122073,13472,52,19,13263.0
within_type_tcga_plus_single_cancer_seer,Single-cancer TCGA + exact-matched SEER,SARC,fold3,seer_20pct,0.06364978912469184,-0.1431395156366183,13472,52,20,13263.0
within_type_tcga_plus_single_cancer_seer,Single-cancer TCGA + exact-matched SEER,SARC,fold4,seer_20pct,0.08060906231541794,-0.1298874182028097,13472,52,20,13263.0
within_type_tcga_plus_single_cancer_seer,Single-cancer TCGA + exact-matched SEER,SARC,fold5,seer_20pct,0.06750045482874491,-0.16275886660868555,13472,52,20,13263.0
within_type_tcga_plus_single_cancer_seer,Single-cancer TCGA + exact-matched SEER,SKCM,fold1,seer_20pct,0.1392851476815947,-0.057222723804079334,73095,91,43,72732.0
within_type_tcga_plus_single_cancer_seer,Single-cancer TCGA + exact-matched SEER,SKCM,fold2,seer_20pct,0.08846230465605218,-0.02685615703716987,73095,91,43,72732.0
within_type_tcga_plus_single_cancer_seer,Single-cancer TCGA + exact-matched SEER,SKCM,fold3,seer_20pct,0.14283137202661095,-0.035798332067998706,73095,91,43,72732.0
within_type_tcga_plus_single_cancer_seer,Single-cancer TCGA + exact-matched SEER,SKCM,fold4,seer_20pct,0.19335513971213258,-0.01787941693269196,73095,91,43,72732.0
within_type_tcga_plus_single_cancer_seer,Single-cancer TCGA + exact-matched SEER,SKCM,fold5,seer_20pct,0.07589557512889986,-0.009147689517314053,73096,90,42,72732.0
within_type_tcga_plus_single_cancer_seer,Single-cancer TCGA + exact-matched SEER,STAD,fold1,seer_20pct,0.031790035782423634,-0.14210301352098337,40724,84,34,40391.0
within_type_tcga_plus_single_cancer_seer,Single-cancer TCGA + exact-matched SEER,STAD,fold2,seer_20pct,0.0353334603383197,-0.18272634903853607,40724,84,34,40391.0
within_type_tcga_plus_single_cancer_seer,Single-cancer TCGA + exact-matched SEER,STAD,fold3,seer_20pct,0.029685325410556407,-0.15742879264287862,40725,83,33,40391.0
within_type_tcga_plus_single_cancer_seer,Single-cancer TCGA + exact-matched SEER,STAD,fold4,seer_20pct,0.03485780742457758,-0.15505376348516647,40725,83,33,40391.0
within_type_tcga_plus_single_cancer_seer,Single-cancer TCGA + exact-matched SEER,STAD,fold5,seer_20pct,0.0336416856829726,-0.1693052094236294,40725,83,34,40391.0
within_type_tcga_plus_single_cancer_seer,Single-cancer TCGA + exact-matched SEER,TGCT,fold1,seer_20pct,0.029268402218384476,0.015628862789267527,235953,67,2,235886.0
within_type_tcga_plus_single_cancer_seer,Single-cancer TCGA + exact-matched SEER,TGCT,fold2,seer_20pct,0.018719051592776044,0.005079512163659093,235953,67,2,235886.0
within_type_tcga_plus_single_cancer_seer,Single-cancer TCGA + exact-matched SEER,THCA,fold1,seer_20pct,0.011148643562691423,-0.043561154755970714,41818,169,5,41481.0
within_type_tcga_plus_single_cancer_seer,Single-cancer TCGA + exact-matched SEER,THCA,fold2,seer_20pct,0.00894865793903458,-0.021590924749448494,41818,169,6,41481.0
within_type_tcga_plus_single_cancer_seer,Single-cancer TCGA + exact-matched SEER,THCA,fold3,seer_20pct,0.007755732224663361,-0.033157391739413636,41819,168,5,41481.0
within_type_tcga_plus_single_cancer_seer,Single-cancer TCGA + exact-matched SEER,THYM,fold1,seer_20pct,0.03422240013830142,-0.02914282799834398,1256,62,5,1195.0
within_type_tcga_plus_single_cancer_seer,Single-cancer TCGA + exact-matched SEER,THYM,fold2,seer_20pct,0.0424277926499372,-0.04552766520205736,1257,61,4,1195.0
within_type_tcga_plus_single_cancer_seer,Single-cancer TCGA + exact-matched SEER,UCEC,fold1,seer_20pct,0.030245949174107594,-0.11575369036428125,89488,110,19,89052.0
within_type_tcga_plus_single_cancer_seer,Single-cancer TCGA + exact-matched SEER,UCEC,fold2,seer_20pct,0.024111731001965397,-0.05943845465416918,89489,109,18,89052.0
within_type_tcga_plus_single_cancer_seer,Single-cancer TCGA + exact-matched SEER,UCEC,fold3,seer_20pct,0.06094821651981697,-0.19411724602670827,89489,109,18,89052.0
within_type_tcga_plus_single_cancer_seer,Single-cancer TCGA + exact-matched SEER,UCEC,fold4,seer_20pct,0.025151649053213758,-0.15030913546349317,89489,109,18,89052.0
within_type_tcga_plus_single_cancer_seer,Single-cancer TCGA + exact-matched SEER,UCEC,fold5,seer_20pct,0.03647773068523735,-0.0883941584053742,89489,109,18,89052.0
within_type_tcga_plus_single_cancer_seer,Single-cancer TCGA + exact-matched SEER,UCS,fold1,seer_20pct,0.04170049279346356,-0.19020058249472097,89096,12,7,89052.0
within_type_tcga_plus_single_cancer_seer,Single-cancer TCGA + exact-matched SEER,UCS,fold2,seer_20pct,0.035261432412395564,-0.06721157678218051,89097,11,7,89052.0
within_type_tcga_plus_single_cancer_seer,Single-cancer TCGA + exact-matched SEER,UCS,fold3,seer_20pct,0.08646441587727227,-0.16047874641970408,89097,11,7,89052.0
within_type_tcga_plus_single_cancer_seer,Single-cancer TCGA + exact-matched SEER,UCS,fold4,seer_20pct,0.06703440128262617,-0.22167898523264196,89097,11,7,89052.0
within_type_tcga_plus_single_cancer_seer,Single-cancer TCGA + exact-matched SEER,UCS,fold5,seer_20pct,0.05770946462825969,-0.13803597079011384,89097,11,7,89052.0
within_type_tcga_plus_single_cancer_seer,Single-cancer TCGA + exact-matched SEER,UVM,fold1,seer_20pct,0.04398490887366584,-0.08542929249532326,2046,20,6,1986.0
within_type_tcga_plus_single_cancer_seer,Single-cancer TCGA + exact-matched SEER,UVM,fold2,seer_20pct,0.02237522403985469,-0.11394846448473393,2046,20,6,1986.0
within_type_tcga_plus_single_cancer_seer,Single-cancer TCGA + exact-matched SEER,UVM,fold3,seer_20pct,0.023859693456556173,-0.16618906720527737,2046,20,6,1986.0
within_type_tcga_plus_single_cancer_seer,Single-cancer TCGA + exact-matched SEER,UVM,fold4,seer_20pct,0.024759170871324714,-0.1991805093493809,2046,20,5,1986.0
within_type_tcga_plus_single_cancer_seer,Single-cancer TCGA + exact-matched SEER,ACC,fold1,seer_50pct,0.0324169885319832,-0.05718096601526439,2579,19,7,2507.0
within_type_tcga_plus_single_cancer_seer,Single-cancer TCGA + exact-matched SEER,ACC,fold2,seer_50pct,0.0910260787546885,-0.13140620403949044,2580,18,7,2507.0
within_type_tcga_plus_single_cancer_seer,Single-cancer TCGA + exact-matched SEER,ACC,fold3,seer_50pct,0.052253128294970586,-0.10405765131800909,2580,18,7,2507.0
within_type_tcga_plus_single_cancer_seer,Single-cancer TCGA + exact-matched SEER,ACC,fold4,seer_50pct,0.03822621088507833,-0.05152959941875984,2580,18,6,2507.0
within_type_tcga_plus_single_cancer_seer,Single-cancer TCGA + exact-matched SEER,ACC,fold5,seer_50pct,0.04656265721280055,-0.04630863884635433,2580,18,6,2507.0
within_type_tcga_plus_single_cancer_seer,Single-cancer TCGA + exact-matched SEER,BLCA,fold1,seer_50pct,0.040803934791784416,-0.15489760905732342,261338,82,36,261010.0
within_type_tcga_plus_single_cancer_seer,Single-cancer TCGA + exact-matched SEER,BLCA,fold2,seer_50pct,0.0494961492247515,-0.08254358745637096,261338,82,36,261010.0
within_type_tcga_plus_single_cancer_seer,Single-cancer TCGA + exact-matched SEER,BLCA,fold3,seer_50pct,0.04406985092730544,-0.1087386709931111,261338,82,36,261010.0
within_type_tcga_plus_single_cancer_seer,Single-cancer TCGA + exact-matched SEER,BLCA,fold4,seer_50pct,0.049911460538320775,-0.14073655729208598,261338,82,36,261010.0
within_type_tcga_plus_single_cancer_seer,Single-cancer TCGA + exact-matched SEER,BLCA,fold5,seer_50pct,0.058225567081399525,-0.20906526924510105,261338,82,36,261010.0
within_type_tcga_plus_single_cancer_seer,Single-cancer TCGA + exact-matched SEER,BRCA,fold1,seer_50pct,0.04957341458339308,-0.10780686112614789,566266,217,30,565400.0
within_type_tcga_plus_single_cancer_seer,Single-cancer TCGA + exact-matched SEER,BRCA,fold2,seer_50pct,0.04812079644778462,-0.06535636337106515,566266,217,30,565400.0
within_type_tcga_plus_single_cancer_seer,Single-cancer TCGA + exact-matched SEER,BRCA,fold3,seer_50pct,0.04229506313069968,-0.0764087926798852,566266,217,31,565400.0
within_type_tcga_plus_single_cancer_seer,Single-cancer TCGA + exact-matched SEER,BRCA,fold4,seer_50pct,0.049670417013780735,-0.19516432512111082,566267,216,30,565400.0
within_type_tcga_plus_single_cancer_seer,Single-cancer TCGA + exact-matched SEER,BRCA,fold5,seer_50pct,0.04899773804170274,-0.1017067781604385,566267,216,30,565400.0
within_type_tcga_plus_single_cancer_seer,Single-cancer TCGA + exact-matched SEER,CESC,fold1,seer_50pct,0.06776714315553442,-0.08296703364435279,222865,59,14,222630.0
within_type_tcga_plus_single_cancer_seer,Single-cancer TCGA + exact-matched SEER,CESC,fold2,seer_50pct,0.1057301448974506,-0.07890945800101658,222865,59,14,222630.0
within_type_tcga_plus_single_cancer_seer,Single-cancer TCGA + exact-matched SEER,CESC,fold3,seer_50pct,0.05640730294470349,-0.048687562243288976,222865,59,14,222630.0
within_type_tcga_plus_single_cancer_seer,Single-cancer TCGA + exact-matched SEER,CESC,fold4,seer_50pct,0.06940353519007766,-0.23505992069055556,222865,59,15,222630.0
within_type_tcga_plus_single_cancer_seer,Single-cancer TCGA + exact-matched SEER,CESC,fold5,seer_50pct,0.06175783867355053,-0.2349545578572441,222866,58,14,222630.0
within_type_tcga_plus_single_cancer_seer,Single-cancer TCGA + exact-matched SEER,CHOL,fold1,seer_50pct,0.03594719778839087,-0.18628536685664082,81707,12,6,81674.0
within_type_tcga_plus_single_cancer_seer,Single-cancer TCGA + exact-matched SEER,CHOL,fold2,seer_50pct,0.06009722532992348,-0.26820469913301104,81708,11,6,81674.0
within_type_tcga_plus_single_cancer_seer,Single-cancer TCGA + exact-matched SEER,CHOL,fold3,seer_50pct,0.04208971431541192,-0.18889044999961077,81708,11,5,81674.0
within_type_tcga_plus_single_cancer_seer,Single-cancer TCGA + exact-matched SEER,CHOL,fold4,seer_50pct,0.059495993389431394,-0.3487222331142199,81708,11,5,81674.0
within_type_tcga_plus_single_cancer_seer,Single-cancer TCGA + exact-matched SEER,COAD,fold1,seer_50pct,0.032056616838535626,-0.17921837062095908,336627,89,20,336274.0
within_type_tcga_plus_single_cancer_seer,Single-cancer TCGA + exact-matched SEER,COAD,fold2,seer_50pct,0.03874242983418782,-0.16161302673037506,336627,89,20,336274.0
within_type_tcga_plus_single_cancer_seer,Single-cancer TCGA + exact-matched SEER,COAD,fold3,seer_50pct,0.04451209868572577,-0.1553795548914994,336628,88,19,336274.0
within_type_tcga_plus_single_cancer_seer,Single-cancer TCGA + exact-matched SEER,COAD,fold4,seer_50pct,0.034679037482654204,-0.2349618363798685,336628,88,19,336274.0
within_type_tcga_plus_single_cancer_seer,Single-cancer TCGA + exact-matched SEER,COAD,fold5,seer_50pct,0.030425618356818222,-0.07786466443330309,336628,88,20,336274.0
within_type_tcga_plus_single_cancer_seer,Single-cancer TCGA + exact-matched SEER,DLBC,fold1,seer_50pct,0.07430759448657207,-0.0957255068173854,167467,24,5,167444.0
within_type_tcga_plus_single_cancer_seer,Single-cancer TCGA + exact-matched SEER,DLBC,fold2,seer_50pct,0.09979822847831511,-0.10932931219894364,167468,23,4,167444.0
within_type_tcga_plus_single_cancer_seer,Single-cancer TCGA + exact-matched SEER,ESCA,fold1,seer_50pct,0.03376735421432126,-0.21226219940706642,101126,37,16,100978.0
within_type_tcga_plus_single_cancer_seer,Single-cancer TCGA + exact-matched SEER,ESCA,fold2,seer_50pct,0.026517602251013305,-0.10547987143749395,101126,37,16,100978.0
within_type_tcga_plus_single_cancer_seer,Single-cancer TCGA + exact-matched SEER,ESCA,fold3,seer_50pct,0.02097377936710198,-0.11371521154587766,101126,37,15,100978.0
within_type_tcga_plus_single_cancer_seer,Single-cancer TCGA + exact-matched SEER,ESCA,fold4,seer_50pct,0.03629771029924871,-0.119921297478563,101126,37,15,100978.0
within_type_tcga_plus_single_cancer_seer,Single-cancer TCGA + exact-matched SEER,ESCA,fold5,seer_50pct,0.03075017603646006,-0.15824985556218069,101126,37,15,100978.0
within_type_tcga_plus_single_cancer_seer,Single-cancer TCGA + exact-matched SEER,GBM,fold1,seer_50pct,0.027623004428102553,-0.030661972313975515,50994,119,99,50518.0
within_type_tcga_plus_single_cancer_seer,Single-cancer TCGA + exact-matched SEER,GBM,fold2,seer_50pct,0.03338892504996482,-0.0491152601885465,50994,119,98,50518.0
within_type_tcga_plus_single_cancer_seer,Single-cancer TCGA + exact-matched SEER,GBM,fold3,seer_50pct,0.0320931203513869,-0.04435047827349486,50994,119,98,50518.0
within_type_tcga_plus_single_cancer_seer,Single-cancer TCGA + exact-matched SEER,GBM,fold4,seer_50pct,0.025678282235364707,-0.039218923862007246,50994,119,98,50518.0
within_type_tcga_plus_single_cancer_seer,Single-cancer TCGA + exact-matched SEER,GBM,fold5,seer_50pct,0.0353064385057666,-0.05354081438001144,50994,119,98,50518.0
within_type_tcga_plus_single_cancer_seer,Single-cancer TCGA + exact-matched SEER,HNSC,fold1,seer_50pct,0.053501912312990126,-0.16102934961688017,118847,106,45,118426.0
within_type_tcga_plus_single_cancer_seer,Single-cancer TCGA + exact-matched SEER,HNSC,fold2,seer_50pct,0.049650386687022666,-0.0816983549109913,118847,106,45,118426.0
within_type_tcga_plus_single_cancer_seer,Single-cancer TCGA + exact-matched SEER,HNSC,fold3,seer_50pct,0.06478892074320317,-0.09394416580280274,118848,105,44,118426.0
within_type_tcga_plus_single_cancer_seer,Single-cancer TCGA + exact-matched SEER,HNSC,fold4,seer_50pct,0.0637506772328272,-0.12491768693491835,118848,105,44,118426.0
within_type_tcga_plus_single_cancer_seer,Single-cancer TCGA + exact-matched SEER,HNSC,fold5,seer_50pct,0.07039867186549145,-0.11989164555270707,118848,105,45,118426.0
within_type_tcga_plus_single_cancer_seer,Single-cancer TCGA + exact-matched SEER,KICH,fold1,seer_50pct,0.029015023752071642,-0.04420842568838784,261066,56,6,261010.0
within_type_tcga_plus_single_cancer_seer,Single-cancer TCGA + exact-matched SEER,KICH,fold2,seer_50pct,0.03060481011144926,-0.0805832121008993,261066,56,6,261010.0
within_type_tcga_plus_single_cancer_seer,Single-cancer TCGA + exact-matched SEER,KIRC,fold1,seer_50pct,0.054887547707568325,-0.08261552238182365,261438,107,35,261010.0
within_type_tcga_plus_single_cancer_seer,Single-cancer TCGA + exact-matched SEER,KIRC,fold2,seer_50pct,0.05865713425383037,-0.062228547406024334,261438,107,35,261010.0
within_type_tcga_plus_single_cancer_seer,Single-cancer TCGA + exact-matched SEER,KIRC,fold3,seer_50pct,0.05324553677069362,-0.12341726340000628,261438,107,35,261010.0
within_type_tcga_plus_single_cancer_seer,Single-cancer TCGA + exact-matched SEER,KIRC,fold4,seer_50pct,0.050819714056861066,-0.042852564410341236,261438,107,36,261010.0
within_type_tcga_plus_single_cancer_seer,Single-cancer TCGA + exact-matched SEER,KIRC,fold5,seer_50pct,0.043235429745486914,-0.07018171867150853,261438,107,36,261010.0
within_type_tcga_plus_single_cancer_seer,Single-cancer TCGA + exact-matched SEER,KIRP,fold1,seer_50pct,0.049954172303412994,-0.1577567325935199,261240,58,9,261010.0
within_type_tcga_plus_single_cancer_seer,Single-cancer TCGA + exact-matched SEER,KIRP,fold2,seer_50pct,0.030520902292013957,-0.16450998106506123,261240,58,9,261010.0
within_type_tcga_plus_single_cancer_seer,Single-cancer TCGA + exact-matched SEER,KIRP,fold3,seer_50pct,0.02645806921398016,-0.09656719234729896,261240,58,9,261010.0
within_type_tcga_plus_single_cancer_seer,Single-cancer TCGA + exact-matched SEER,KIRP,fold4,seer_50pct,0.028918360235516156,-0.12228595758043524,261241,57,8,261010.0
within_type_tcga_plus_single_cancer_seer,Single-cancer TCGA + exact-matched SEER,KIRP,fold5,seer_50pct,0.02312087560494274,-0.11219251681311376,261241,57,9,261010.0
within_type_tcga_plus_single_cancer_seer,Single-cancer TCGA + exact-matched SEER,LAML,fold1,seer_50pct,0.046718360651706654,-0.1918556665399356,97792,35,22,97654.0
within_type_tcga_plus_single_cancer_seer,Single-cancer TCGA + exact-matched SEER,LAML,fold2,seer_50pct,0.05001717626482392,-0.13810708560817364,97792,35,22,97654.0
within_type_tcga_plus_single_cancer_seer,Single-cancer TCGA + exact-matched SEER,LAML,fold3,seer_50pct,0.04481480291379309,-0.1721355172792504,97792,35,22,97654.0
within_type_tcga_plus_single_cancer_seer,Single-cancer TCGA + exact-matched SEER,LAML,fold4,seer_50pct,0.04252368486711116,-0.10566181689624898,97793,34,21,97654.0
within_type_tcga_plus_single_cancer_seer,Single-cancer TCGA + exact-matched SEER,LAML,fold5,seer_50pct,0.04615439758215302,-0.21047466494633238,97793,34,21,97654.0
within_type_tcga_plus_single_cancer_seer,Single-cancer TCGA + exact-matched SEER,LGG,fold1,seer_50pct,0.03879090616581764,-0.1263074967846748,50926,103,25,50518.0
within_type_tcga_plus_single_cancer_seer,Single-cancer TCGA + exact-matched SEER,LGG,fold2,seer_50pct,0.031468188650668846,-0.14297047058037615,50927,102,25,50518.0
within_type_tcga_plus_single_cancer_seer,Single-cancer TCGA + exact-matched SEER,LGG,fold3,seer_50pct,0.04993243017242626,-0.2107583595800936,50927,102,25,50518.0
within_type_tcga_plus_single_cancer_seer,Single-cancer TCGA + exact-matched SEER,LGG,fold4,seer_50pct,0.03436257719531484,-0.13488720796146358,50927,102,25,50518.0
within_type_tcga_plus_single_cancer_seer,Single-cancer TCGA + exact-matched SEER,LGG,fold5,seer_50pct,0.028383255832467504,-0.07257686944644572,50927,102,25,50518.0
within_type_tcga_plus_single_cancer_seer,Single-cancer TCGA + exact-matched SEER,LIHC,fold1,seer_50pct,0.03529880112861089,-0.10609163762877616,81970,75,27,81674.0
within_type_tcga_plus_single_cancer_seer,Single-cancer TCGA + exact-matched SEER,LIHC,fold2,seer_50pct,0.055287700739433,-0.17442897321608472,81971,74,27,81674.0
within_type_tcga_plus_single_cancer_seer,Single-cancer TCGA + exact-matched SEER,LIHC,fold3,seer_50pct,0.04163688958063627,-0.21209693439055444,81971,74,26,81674.0
within_type_tcga_plus_single_cancer_seer,Single-cancer TCGA + exact-matched SEER,LIHC,fold4,seer_50pct,0.04320631483939188,-0.15027649979349564,81971,74,26,81674.0
within_type_tcga_plus_single_cancer_seer,Single-cancer TCGA + exact-matched SEER,LIHC,fold5,seer_50pct,0.04828376977655617,-0.11775442413545596,81971,74,26,81674.0
within_type_tcga_plus_single_cancer_seer,Single-cancer TCGA + exact-matched SEER,LUAD,fold1,seer_50pct,0.04934479265620557,-0.13226972839046008,366073,102,36,365666.0
within_type_tcga_plus_single_cancer_seer,Single-cancer TCGA + exact-matched SEER,LUAD,fold2,seer_50pct,0.04508721383271082,-0.10220664434702605,366073,102,37,365666.0
within_type_tcga_plus_single_cancer_seer,Single-cancer TCGA + exact-matched SEER,LUAD,fold3,seer_50pct,0.03905459488223154,-0.08906026928293534,366073,102,37,365666.0
within_type_tcga_plus_single_cancer_seer,Single-cancer TCGA + exact-matched SEER,LUAD,fold4,seer_50pct,0.06470167950758958,-0.24494835009008353,366073,102,37,365666.0
within_type_tcga_plus_single_cancer_seer,Single-cancer TCGA + exact-matched SEER,LUAD,fold5,seer_50pct,0.04223849422055012,-0.07674686279472391,366074,101,36,365666.0
within_type_tcga_plus_single_cancer_seer,Single-cancer TCGA + exact-matched SEER,LUSC,fold1,seer_50pct,0.05519971900264562,-0.08250509801213665,366063,100,43,365666.0
within_type_tcga_plus_single_cancer_seer,Single-cancer TCGA + exact-matched SEER,LUSC,fold2,seer_50pct,0.045432087845941306,-0.077591499207185,366063,100,43,365666.0
within_type_tcga_plus_single_cancer_seer,Single-cancer TCGA + exact-matched SEER,LUSC,fold3,seer_50pct,0.05492982144159534,-0.06879987740832427,366064,99,43,365666.0
within_type_tcga_plus_single_cancer_seer,Single-cancer TCGA + exact-matched SEER,LUSC,fold4,seer_50pct,0.06307039243617563,-0.11748978998093551,366064,99,43,365666.0
within_type_tcga_plus_single_cancer_seer,Single-cancer TCGA + exact-matched SEER,LUSC,fold5,seer_50pct,0.08764227229633281,-0.27182605005914784,366064,99,43,365666.0
within_type_tcga_plus_single_cancer_seer,Single-cancer TCGA + exact-matched SEER,MESO,fold1,seer_50pct,0.022943733620329924,-0.05793631206838458,6150,17,15,6082.0
within_type_tcga_plus_single_cancer_seer,Single-cancer TCGA + exact-matched SEER,MESO,fold2,seer_50pct,0.06573738970068509,-0.19412411474701047,6150,17,15,6082.0
within_type_tcga_plus_single_cancer_seer,Single-cancer TCGA + exact-matched SEER,MESO,fold3,seer_50pct,0.04307366759816355,-0.07338366398171195,6150,17,15,6082.0
within_type_tcga_plus_single_cancer_seer,Single-cancer TCGA + exact-matched SEER,MESO,fold4,seer_50pct,0.0412031342140115,-0.08080076902386835,6150,17,14,6082.0
within_type_tcga_plus_single_cancer_seer,Single-cancer TCGA + exact-matched SEER,MESO,fold5,seer_50pct,0.053162841120362674,-0.10345105050390771,6150,17,14,6082.0
within_type_tcga_plus_single_cancer_seer,Single-cancer TCGA + exact-matched SEER,OV,fold1,seer_50pct,0.06813476881320682,-0.08691127449709221,223095,117,70,222630.0
within_type_tcga_plus_single_cancer_seer,Single-cancer TCGA + exact-matched SEER,OV,fold2,seer_50pct,0.05977743623802423,-0.07464749023379749,223095,117,70,222630.0
within_type_tcga_plus_single_cancer_seer,Single-cancer TCGA + exact-matched SEER,OV,fold3,seer_50pct,0.05947052317938157,-0.05557199751506759,223096,116,70,222630.0
within_type_tcga_plus_single_cancer_seer,Single-cancer TCGA + exact-matched SEER,OV,fold4,seer_50pct,0.055148926871678654,-0.07553454643934476,223096,116,69,222630.0
within_type_tcga_plus_single_cancer_seer,Single-cancer TCGA + exact-matched SEER,OV,fold5,seer_50pct,0.07951057173786064,-0.14752747380324094,223096,116,69,222630.0
within_type_tcga_plus_single_cancer_seer,Single-cancer TCGA + exact-matched SEER,PAAD,fold1,seer_50pct,0.031050129195251366,-0.12189901327401916,82476,37,20,82329.0
within_type_tcga_plus_single_cancer_seer,Single-cancer TCGA + exact-matched SEER,PAAD,fold2,seer_50pct,0.04780146564896918,-0.4006769681350106,82476,37,20,82329.0
within_type_tcga_plus_single_cancer_seer,Single-cancer TCGA + exact-matched SEER,PAAD,fold3,seer_50pct,0.021849631297175817,-0.07670027120003949,82476,37,20,82329.0
within_type_tcga_plus_single_cancer_seer,Single-cancer TCGA + exact-matched SEER,PAAD,fold4,seer_50pct,0.023361597818328424,-0.11293068466420719,82476,37,20,82329.0
within_type_tcga_plus_single_cancer_seer,Single-cancer TCGA + exact-matched SEER,PAAD,fold5,seer_50pct,0.0235138877326579,-0.13194595039662654,82477,36,20,82329.0
within_type_tcga_plus_single_cancer_seer,Single-cancer TCGA + exact-matched SEER,PCPG,fold1,seer_50pct,0.01995659823516662,-0.038899390189638866,1499,90,3,1410.0
within_type_tcga_plus_single_cancer_seer,Single-cancer TCGA + exact-matched SEER,PCPG,fold2,seer_50pct,0.026809271554951077,0.016845140261110975,1500,89,3,1410.0
within_type_tcga_plus_single_cancer_seer,Single-cancer TCGA + exact-matched SEER,PRAD,fold1,seer_50pct,0.008536791640826037,-0.03499706068448134,589965,250,5,589715.0
within_type_tcga_plus_single_cancer_seer,Single-cancer TCGA + exact-matched SEER,PRAD,fold2,seer_50pct,0.007833180032796216,-0.020251397755774666,589965,250,5,589715.0
within_type_tcga_plus_single_cancer_seer,Single-cancer TCGA + exact-matched SEER,READ,fold1,seer_50pct,0.026666747464634818,-0.11180124286111551,336405,33,5,336274.0
within_type_tcga_plus_single_cancer_seer,Single-cancer TCGA + exact-matched SEER,READ,fold2,seer_50pct,0.023853192048397323,-0.1618348779331492,336405,33,5,336274.0
within_type_tcga_plus_single_cancer_seer,Single-cancer TCGA + exact-matched SEER,READ,fold3,seer_50pct,0.018588577558354673,-0.09408912534787812,336405,33,5,336274.0
within_type_tcga_plus_single_cancer_seer,Single-cancer TCGA + exact-matched SEER,READ,fold4,seer_50pct,0.02341681626901653,-0.1029534686325399,336405,33,6,336274.0
within_type_tcga_plus_single_cancer_seer,Single-cancer TCGA + exact-matched SEER,READ,fold5,seer_50pct,0.036762521056228716,-0.12004125209590072,336406,32,5,336274.0
within_type_tcga_plus_single_cancer_seer,Single-cancer TCGA + exact-matched SEER,SARC,fold1,seer_50pct,0.06710173958808406,-0.11450963977519883,33364,53,20,33156.0
within_type_tcga_plus_single_cancer_seer,Single-cancer TCGA + exact-matched SEER,SARC,fold2,seer_50pct,0.05072102589048625,-0.12982656666019965,33365,52,19,33156.0
within_type_tcga_plus_single_cancer_seer,Single-cancer TCGA + exact-matched SEER,SARC,fold3,seer_50pct,0.06988218539992762,-0.13690711936138256,33365,52,20,33156.0
within_type_tcga_plus_single_cancer_seer,Single-cancer TCGA + exact-matched SEER,SARC,fold4,seer_50pct,0.07903012412523382,-0.1314663563929938,33365,52,20,33156.0
within_type_tcga_plus_single_cancer_seer,Single-cancer TCGA + exact-matched SEER,SARC,fold5,seer_50pct,0.072660964544072,-0.15759835689335847,33365,52,20,33156.0
within_type_tcga_plus_single_cancer_seer,Single-cancer TCGA + exact-matched SEER,SKCM,fold1,seer_50pct,0.14328503514121055,-0.05322283634446348,182192,91,43,181829.0
within_type_tcga_plus_single_cancer_seer,Single-cancer TCGA + exact-matched SEER,SKCM,fold2,seer_50pct,0.0861191179910302,-0.02919934370219185,182192,91,43,181829.0
within_type_tcga_plus_single_cancer_seer,Single-cancer TCGA + exact-matched SEER,SKCM,fold3,seer_50pct,0.1546130651859232,-0.024016638908686466,182192,91,43,181829.0
within_type_tcga_plus_single_cancer_seer,Single-cancer TCGA + exact-matched SEER,SKCM,fold4,seer_50pct,0.19458989623662437,-0.016644660408200174,182192,91,43,181829.0
within_type_tcga_plus_single_cancer_seer,Single-cancer TCGA + exact-matched SEER,SKCM,fold5,seer_50pct,0.07946715509334026,-0.005576109552873645,182193,90,42,181829.0
within_type_tcga_plus_single_cancer_seer,Single-cancer TCGA + exact-matched SEER,STAD,fold1,seer_50pct,0.03404239137887802,-0.13985065792452897,101311,84,34,100978.0
within_type_tcga_plus_single_cancer_seer,Single-cancer TCGA + exact-matched SEER,STAD,fold2,seer_50pct,0.035587400454101054,-0.18247240892275474,101311,84,34,100978.0
within_type_tcga_plus_single_cancer_seer,Single-cancer TCGA + exact-matched SEER,STAD,fold3,seer_50pct,0.031736787826492044,-0.155377330226943,101312,83,33,100978.0
within_type_tcga_plus_single_cancer_seer,Single-cancer TCGA + exact-matched SEER,STAD,fold4,seer_50pct,0.037094367408907064,-0.152817203500837,101312,83,33,100978.0
within_type_tcga_plus_single_cancer_seer,Single-cancer TCGA + exact-matched SEER,STAD,fold5,seer_50pct,0.03475411217358315,-0.16819278293301884,101312,83,34,100978.0
within_type_tcga_plus_single_cancer_seer,Single-cancer TCGA + exact-matched SEER,TGCT,fold1,seer_50pct,0.031106349024579972,0.01746680959546302,589782,67,2,589715.0
within_type_tcga_plus_single_cancer_seer,Single-cancer TCGA + exact-matched SEER,TGCT,fold2,seer_50pct,0.017669993312238334,0.004030453883121383,589782,67,2,589715.0
within_type_tcga_plus_single_cancer_seer,Single-cancer TCGA + exact-matched SEER,THCA,fold1,seer_50pct,0.00974191683101107,-0.04496788148765107,104039,169,5,103702.0
within_type_tcga_plus_single_cancer_seer,Single-cancer TCGA + exact-matched SEER,THCA,fold2,seer_50pct,0.009053984978725386,-0.021485597709757685,104039,169,6,103702.0
within_type_tcga_plus_single_cancer_seer,Single-cancer TCGA + exact-matched SEER,THCA,fold3,seer_50pct,0.006801510799522374,-0.03411161316455462,104040,168,5,103702.0
within_type_tcga_plus_single_cancer_seer,Single-cancer TCGA + exact-matched SEER,THYM,fold1,seer_50pct,0.029744094790768526,-0.03362113334587687,3047,62,5,2986.0
within_type_tcga_plus_single_cancer_seer,Single-cancer TCGA + exact-matched SEER,THYM,fold2,seer_50pct,0.03717353832533141,-0.05078191952666315,3048,61,4,2986.0
within_type_tcga_plus_single_cancer_seer,Single-cancer TCGA + exact-matched SEER,UCEC,fold1,seer_50pct,0.026742374659123293,-0.11925726487926555,223066,110,19,222630.0
within_type_tcga_plus_single_cancer_seer,Single-cancer TCGA + exact-matched SEER,UCEC,fold2,seer_50pct,0.024181858544957628,-0.05936832711117695,223067,109,18,222630.0
within_type_tcga_plus_single_cancer_seer,Single-cancer TCGA + exact-matched SEER,UCEC,fold3,seer_50pct,0.05734685923474514,-0.1977186033117801,223067,109,18,222630.0
within_type_tcga_plus_single_cancer_seer,Single-cancer TCGA + exact-matched SEER,UCEC,fold4,seer_50pct,0.024067887275657927,-0.151392897241049,223067,109,18,222630.0
within_type_tcga_plus_single_cancer_seer,Single-cancer TCGA + exact-matched SEER,UCEC,fold5,seer_50pct,0.03753401398501141,-0.08733787510560015,223067,109,18,222630.0
within_type_tcga_plus_single_cancer_seer,Single-cancer TCGA + exact-matched SEER,UCS,fold1,seer_50pct,0.04073250982181808,-0.19116856546636643,222674,12,7,222630.0
within_type_tcga_plus_single_cancer_seer,Single-cancer TCGA + exact-matched SEER,UCS,fold2,seer_50pct,0.03926432983199668,-0.0632086793625794,222675,11,7,222630.0
within_type_tcga_plus_single_cancer_seer,Single-cancer TCGA + exact-matched SEER,UCS,fold3,seer_50pct,0.10635747516155455,-0.1405856871354218,222675,11,7,222630.0
within_type_tcga_plus_single_cancer_seer,Single-cancer TCGA + exact-matched SEER,UCS,fold4,seer_50pct,0.06422123935383679,-0.22449214716143134,222675,11,7,222630.0
within_type_tcga_plus_single_cancer_seer,Single-cancer TCGA + exact-matched SEER,UCS,fold5,seer_50pct,0.057161341384075554,-0.13858409403429797,222675,11,7,222630.0
within_type_tcga_plus_single_cancer_seer,Single-cancer TCGA + exact-matched SEER,UVM,fold1,seer_50pct,0.04973786555107688,-0.07967633581791222,5024,20,6,4964.0
within_type_tcga_plus_single_cancer_seer,Single-cancer TCGA + exact-matched SEER,UVM,fold2,seer_50pct,0.02782921209298505,-0.10849447643160356,5024,20,6,4964.0
within_type_tcga_plus_single_cancer_seer,Single-cancer TCGA + exact-matched SEER,UVM,fold3,seer_50pct,0.02843266930772985,-0.1616160913541037,5024,20,6,4964.0
within_type_tcga_plus_single_cancer_seer,Single-cancer TCGA + exact-matched SEER,UVM,fold4,seer_50pct,0.023321908018628962,-0.20061777220207663,5024,20,5,4964.0
within_type_tcga_plus_single_cancer_seer,Single-cancer TCGA + exact-matched SEER,ACC,fold1,seer_n001k_00pct,0.058135517316041385,-0.0314624372312062,1071,19,7,999.0
within_type_tcga_plus_single_cancer_seer,Single-cancer TCGA + exact-matched SEER,ACC,fold2,seer_n001k_00pct,0.08646844615380746,-0.13596383664037148,1072,18,7,999.0
within_type_tcga_plus_single_cancer_seer,Single-cancer TCGA + exact-matched SEER,ACC,fold3,seer_n001k_00pct,0.045614648770768866,-0.1106961308422108,1072,18,7,999.0
within_type_tcga_plus_single_cancer_seer,Single-cancer TCGA + exact-matched SEER,ACC,fold4,seer_n001k_00pct,0.04091114117338089,-0.04884466913045728,1072,18,6,999.0
within_type_tcga_plus_single_cancer_seer,Single-cancer TCGA + exact-matched SEER,ACC,fold5,seer_n001k_00pct,0.06126128046686498,-0.0316100155922899,1072,18,6,999.0
within_type_tcga_plus_single_cancer_seer,Single-cancer TCGA + exact-matched SEER,BLCA,fold1,seer_n001k_00pct,0.0495511729911703,-0.14615037085793753,1327,82,36,999.0
within_type_tcga_plus_single_cancer_seer,Single-cancer TCGA + exact-matched SEER,BLCA,fold2,seer_n001k_00pct,0.05224502700424642,-0.07979470967687603,1327,82,36,999.0
within_type_tcga_plus_single_cancer_seer,Single-cancer TCGA + exact-matched SEER,BLCA,fold3,seer_n001k_00pct,0.050374922615787375,-0.10243359930462917,1327,82,36,999.0
within_type_tcga_plus_single_cancer_seer,Single-cancer TCGA + exact-matched SEER,BLCA,fold4,seer_n001k_00pct,0.053887668669286265,-0.13676034916112048,1327,82,36,999.0
within_type_tcga_plus_single_cancer_seer,Single-cancer TCGA + exact-matched SEER,BLCA,fold5,seer_n001k_00pct,0.06365861355701374,-0.20363222276948684,1327,82,36,999.0
within_type_tcga_plus_single_cancer_seer,Single-cancer TCGA + exact-matched SEER,BRCA,fold1,seer_n001k_00pct,0.06929231778613967,-0.0880879579234013,1865,217,30,999.0
within_type_tcga_plus_single_cancer_seer,Single-cancer TCGA + exact-matched SEER,BRCA,fold2,seer_n001k_00pct,0.06330423264059548,-0.05017292717825429,1865,217,30,999.0
within_type_tcga_plus_single_cancer_seer,Single-cancer TCGA + exact-matched SEER,BRCA,fold3,seer_n001k_00pct,0.05310105231483979,-0.0656028034957451,1865,217,31,999.0
within_type_tcga_plus_single_cancer_seer,Single-cancer TCGA + exact-matched SEER,BRCA,fold4,seer_n001k_00pct,0.058143582358762325,-0.1866911597761292,1866,216,30,999.0
within_type_tcga_plus_single_cancer_seer,Single-cancer TCGA + exact-matched SEER,BRCA,fold5,seer_n001k_00pct,0.06172721519103572,-0.08897730101110551,1866,216,30,999.0
within_type_tcga_plus_single_cancer_seer,Single-cancer TCGA + exact-matched SEER,CESC,fold1,seer_n001k_00pct,0.0492952749741689,-0.10143890182571831,1234,59,14,999.0
within_type_tcga_plus_single_cancer_seer,Single-cancer TCGA + exact-matched SEER,CESC,fold2,seer_n001k_00pct,0.07665870459016991,-0.10798089830829727,1234,59,14,999.0
within_type_tcga_plus_single_cancer_seer,Single-cancer TCGA + exact-matched SEER,CESC,fold3,seer_n001k_00pct,0.04007422816296126,-0.0650206370250312,1234,59,14,999.0
within_type_tcga_plus_single_cancer_seer,Single-cancer TCGA + exact-matched SEER,CESC,fold4,seer_n001k_00pct,0.0643260639558386,-0.2401373919247946,1234,59,15,999.0
within_type_tcga_plus_single_cancer_seer,Single-cancer TCGA + exact-matched SEER,CESC,fold5,seer_n001k_00pct,0.08678778099628597,-0.20992461553450864,1235,58,14,999.0
within_type_tcga_plus_single_cancer_seer,Single-cancer TCGA + exact-matched SEER,CHOL,fold1,seer_n001k_00pct,0.03804242565262783,-0.18419013899240386,1032,12,6,999.0
within_type_tcga_plus_single_cancer_seer,Single-cancer TCGA + exact-matched SEER,CHOL,fold2,seer_n001k_00pct,0.045602190758105926,-0.2826997337048286,1033,11,6,999.0
within_type_tcga_plus_single_cancer_seer,Single-cancer TCGA + exact-matched SEER,CHOL,fold3,seer_n001k_00pct,0.03520135680296682,-0.19577880751205587,1033,11,5,999.0
within_type_tcga_plus_single_cancer_seer,Single-cancer TCGA + exact-matched SEER,CHOL,fold4,seer_n001k_00pct,0.05038915374279056,-0.35782907276086073,1033,11,5,999.0
within_type_tcga_plus_single_cancer_seer,Single-cancer TCGA + exact-matched SEER,COAD,fold1,seer_n001k_00pct,0.03956989934491677,-0.17170508811457796,1352,89,20,999.0
within_type_tcga_plus_single_cancer_seer,Single-cancer TCGA + exact-matched SEER,COAD,fold2,seer_n001k_00pct,0.035379696479825265,-0.16497576008473763,1352,89,20,999.0
within_type_tcga_plus_single_cancer_seer,Single-cancer TCGA + exact-matched SEER,COAD,fold3,seer_n001k_00pct,0.045865976604031605,-0.15402567697319355,1353,88,19,999.0
within_type_tcga_plus_single_cancer_seer,Single-cancer TCGA + exact-matched SEER,COAD,fold4,seer_n001k_00pct,0.04211782047784011,-0.22752305338468262,1353,88,19,999.0
within_type_tcga_plus_single_cancer_seer,Single-cancer TCGA + exact-matched SEER,COAD,fold5,seer_n001k_00pct,0.02834158593002885,-0.07994869686009247,1353,88,20,999.0
within_type_tcga_plus_single_cancer_seer,Single-cancer TCGA + exact-matched SEER,DLBC,fold1,seer_n001k_00pct,0.09444959663938264,-0.07558350466457482,1022,24,5,999.0
within_type_tcga_plus_single_cancer_seer,Single-cancer TCGA + exact-matched SEER,DLBC,fold2,seer_n001k_00pct,0.11527120538800503,-0.09385633528925372,1023,23,4,999.0
within_type_tcga_plus_single_cancer_seer,Single-cancer TCGA + exact-matched SEER,ESCA,fold1,seer_n001k_00pct,0.03199406719911059,-0.2140354864222771,1147,37,16,999.0
within_type_tcga_plus_single_cancer_seer,Single-cancer TCGA + exact-matched SEER,ESCA,fold2,seer_n001k_00pct,0.018304706145917803,-0.11369276754258945,1147,37,16,999.0
within_type_tcga_plus_single_cancer_seer,Single-cancer TCGA + exact-matched SEER,ESCA,fold3,seer_n001k_00pct,0.01665848002448195,-0.1180305108884977,1147,37,15,999.0
within_type_tcga_plus_single_cancer_seer,Single-cancer TCGA + exact-matched SEER,ESCA,fold4,seer_n001k_00pct,0.026258739031197804,-0.12996026874661393,1147,37,15,999.0
within_type_tcga_plus_single_cancer_seer,Single-cancer TCGA + exact-matched SEER,ESCA,fold5,seer_n001k_00pct,0.024780210150893444,-0.1642198214477473,1147,37,15,999.0
within_type_tcga_plus_single_cancer_seer,Single-cancer TCGA + exact-matched SEER,GBM,fold1,seer_n001k_00pct,0.025575448999172506,-0.03270952774290556,1475,119,99,999.0
within_type_tcga_plus_single_cancer_seer,Single-cancer TCGA + exact-matched SEER,GBM,fold2,seer_n001k_00pct,0.03162726090413298,-0.050876924334378335,1475,119,98,999.0
within_type_tcga_plus_single_cancer_seer,Single-cancer TCGA + exact-matched SEER,GBM,fold3,seer_n001k_00pct,0.030849760907114634,-0.04559383771776712,1475,119,98,999.0
within_type_tcga_plus_single_cancer_seer,Single-cancer TCGA + exact-matched SEER,GBM,fold4,seer_n001k_00pct,0.025711546147016654,-0.039185659950355306,1475,119,98,999.0
within_type_tcga_plus_single_cancer_seer,Single-cancer TCGA + exact-matched SEER,GBM,fold5,seer_n001k_00pct,0.03397255649935723,-0.054874696386420806,1475,119,98,999.0
within_type_tcga_plus_single_cancer_seer,Single-cancer TCGA + exact-matched SEER,HNSC,fold1,seer_n001k_00pct,0.06065249271450197,-0.15387876921536833,1420,106,45,999.0
within_type_tcga_plus_single_cancer_seer,Single-cancer TCGA + exact-matched SEER,HNSC,fold2,seer_n001k_00pct,0.04670750638625712,-0.08464123521175684,1420,106,45,999.0
within_type_tcga_plus_single_cancer_seer,Single-cancer TCGA + exact-matched SEER,HNSC,fold3,seer_n001k_00pct,0.060340234986838534,-0.09839285155916737,1421,105,44,999.0
within_type_tcga_plus_single_cancer_seer,Single-cancer TCGA + exact-matched SEER,HNSC,fold4,seer_n001k_00pct,0.05143593809552143,-0.1372324260722241,1421,105,44,999.0
within_type_tcga_plus_single_cancer_seer,Single-cancer TCGA + exact-matched SEER,HNSC,fold5,seer_n001k_00pct,0.06653575721259873,-0.12375456020559979,1421,105,45,999.0
within_type_tcga_plus_single_cancer_seer,Single-cancer TCGA + exact-matched SEER,KICH,fold1,seer_n001k_00pct,0.03517320907572352,-0.03805024036473596,1055,56,6,999.0
within_type_tcga_plus_single_cancer_seer,Single-cancer TCGA + exact-matched SEER,KICH,fold2,seer_n001k_00pct,0.04244614504437197,-0.0687418771679766,1055,56,6,999.0
within_type_tcga_plus_single_cancer_seer,Single-cancer TCGA + exact-matched SEER,KIRC,fold1,seer_n001k_00pct,0.039260726147176676,-0.09824234394221529,1427,107,35,999.0
within_type_tcga_plus_single_cancer_seer,Single-cancer TCGA + exact-matched SEER,KIRC,fold2,seer_n001k_00pct,0.04245876461774978,-0.07842691704210493,1427,107,35,999.0
within_type_tcga_plus_single_cancer_seer,Single-cancer TCGA + exact-matched SEER,KIRC,fold3,seer_n001k_00pct,0.05054740834229711,-0.1261153918284028,1427,107,35,999.0
within_type_tcga_plus_single_cancer_seer,Single-cancer TCGA + exact-matched SEER,KIRC,fold4,seer_n001k_00pct,0.03900994084511289,-0.05466233762208941,1427,107,36,999.0
within_type_tcga_plus_single_cancer_seer,Single-cancer TCGA + exact-matched SEER,KIRC,fold5,seer_n001k_00pct,0.03222227337057564,-0.08119487504641981,1427,107,36,999.0
within_type_tcga_plus_single_cancer_seer,Single-cancer TCGA + exact-matched SEER,KIRP,fold1,seer_n001k_00pct,0.07065891457191555,-0.13705199032501736,1229,58,9,999.0
within_type_tcga_plus_single_cancer_seer,Single-cancer TCGA + exact-matched SEER,KIRP,fold2,seer_n001k_00pct,0.036839398706586965,-0.1581914846504882,1229,58,9,999.0
within_type_tcga_plus_single_cancer_seer,Single-cancer TCGA + exact-matched SEER,KIRP,fold3,seer_n001k_00pct,0.02345007526714936,-0.09957518629412976,1229,58,9,999.0
within_type_tcga_plus_single_cancer_seer,Single-cancer TCGA + exact-matched SEER,KIRP,fold4,seer_n001k_00pct,0.030073936353090965,-0.12113038146286043,1230,57,8,999.0
within_type_tcga_plus_single_cancer_seer,Single-cancer TCGA + exact-matched SEER,KIRP,fold5,seer_n001k_00pct,0.01919706537500721,-0.1161163270430493,1230,57,9,999.0
within_type_tcga_plus_single_cancer_seer,Single-cancer TCGA + exact-matched SEER,LAML,fold1,seer_n001k_00pct,0.040915551890215986,-0.19765847530142627,1137,35,22,999.0
within_type_tcga_plus_single_cancer_seer,Single-cancer TCGA + exact-matched SEER,LAML,fold2,seer_n001k_00pct,0.04568597459580072,-0.14243828727719682,1137,35,22,999.0
within_type_tcga_plus_single_cancer_seer,Single-cancer TCGA + exact-matched SEER,LAML,fold3,seer_n001k_00pct,0.031274231440929876,-0.1856760887521136,1137,35,22,999.0
within_type_tcga_plus_single_cancer_seer,Single-cancer TCGA + exact-matched SEER,LAML,fold4,seer_n001k_00pct,0.032340070969696974,-0.11584543079366318,1138,34,21,999.0
within_type_tcga_plus_single_cancer_seer,Single-cancer TCGA + exact-matched SEER,LAML,fold5,seer_n001k_00pct,0.04003168988826932,-0.21659737264021606,1138,34,21,999.0
within_type_tcga_plus_single_cancer_seer,Single-cancer TCGA + exact-matched SEER,LGG,fold1,seer_n001k_00pct,0.04255795081465048,-0.12254045213584196,1407,103,25,999.0
within_type_tcga_plus_single_cancer_seer,Single-cancer TCGA + exact-matched SEER,LGG,fold2,seer_n001k_00pct,0.04266604137566501,-0.13177261785538,1408,102,25,999.0
within_type_tcga_plus_single_cancer_seer,Single-cancer TCGA + exact-matched SEER,LGG,fold3,seer_n001k_00pct,0.05994054064346405,-0.2007502491090558,1408,102,25,999.0
within_type_tcga_plus_single_cancer_seer,Single-cancer TCGA + exact-matched SEER,LGG,fold4,seer_n001k_00pct,0.03928608508358003,-0.12996370007319838,1408,102,25,999.0
within_type_tcga_plus_single_cancer_seer,Single-cancer TCGA + exact-matched SEER,LGG,fold5,seer_n001k_00pct,0.03923827232541459,-0.061721852953498635,1408,102,25,999.0
within_type_tcga_plus_single_cancer_seer,Single-cancer TCGA + exact-matched SEER,LIHC,fold1,seer_n001k_00pct,0.03575478183251742,-0.10563565692486962,1295,75,27,999.0
within_type_tcga_plus_single_cancer_seer,Single-cancer TCGA + exact-matched SEER,LIHC,fold2,seer_n001k_00pct,0.04747796891358605,-0.18223870504193168,1296,74,27,999.0
within_type_tcga_plus_single_cancer_seer,Single-cancer TCGA + exact-matched SEER,LIHC,fold3,seer_n001k_00pct,0.03780226746902907,-0.21593155650216164,1296,74,26,999.0
within_type_tcga_plus_single_cancer_seer,Single-cancer TCGA + exact-matched SEER,LIHC,fold4,seer_n001k_00pct,0.042260725072958284,-0.15122208955992925,1296,74,26,999.0
within_type_tcga_plus_single_cancer_seer,Single-cancer TCGA + exact-matched SEER,LIHC,fold5,seer_n001k_00pct,0.04050186377773746,-0.12553633013427468,1296,74,26,999.0
within_type_tcga_plus_single_cancer_seer,Single-cancer TCGA + exact-matched SEER,LUAD,fold1,seer_n001k_00pct,0.07026766797413384,-0.11134685307253181,1406,102,36,999.0
within_type_tcga_plus_single_cancer_seer,Single-cancer TCGA + exact-matched SEER,LUAD,fold2,seer_n001k_00pct,0.05864636863714876,-0.08864748954258811,1406,102,37,999.0
within_type_tcga_plus_single_cancer_seer,Single-cancer TCGA + exact-matched SEER,LUAD,fold3,seer_n001k_00pct,0.03985322723153846,-0.08826163693362842,1406,102,37,999.0
within_type_tcga_plus_single_cancer_seer,Single-cancer TCGA + exact-matched SEER,LUAD,fold4,seer_n001k_00pct,0.07220337567562747,-0.23744665392204567,1406,102,37,999.0
within_type_tcga_plus_single_cancer_seer,Single-cancer TCGA + exact-matched SEER,LUAD,fold5,seer_n001k_00pct,0.04564258308702521,-0.07334277392824883,1407,101,36,999.0
within_type_tcga_plus_single_cancer_seer,Single-cancer TCGA + exact-matched SEER,LUSC,fold1,seer_n001k_00pct,0.06024883640659758,-0.07745598060818468,1396,100,43,999.0
within_type_tcga_plus_single_cancer_seer,Single-cancer TCGA + exact-matched SEER,LUSC,fold2,seer_n001k_00pct,0.048825155077435234,-0.07419843197569106,1396,100,43,999.0
within_type_tcga_plus_single_cancer_seer,Single-cancer TCGA + exact-matched SEER,LUSC,fold3,seer_n001k_00pct,0.059616486971923933,-0.06411321187799568,1397,99,43,999.0
within_type_tcga_plus_single_cancer_seer,Single-cancer TCGA + exact-matched SEER,LUSC,fold4,seer_n001k_00pct,0.07357742856436834,-0.10698275385274279,1397,99,43,999.0
within_type_tcga_plus_single_cancer_seer,Single-cancer TCGA + exact-matched SEER,LUSC,fold5,seer_n001k_00pct,0.09119570930454124,-0.2682726130509394,1397,99,43,999.0
within_type_tcga_plus_single_cancer_seer,Single-cancer TCGA + exact-matched SEER,MESO,fold1,seer_n001k_00pct,0.023922482281029007,-0.05695756340768549,1067,17,15,999.0
within_type_tcga_plus_single_cancer_seer,Single-cancer TCGA + exact-matched SEER,MESO,fold2,seer_n001k_00pct,0.0612477533684595,-0.19861375107923607,1067,17,15,999.0
within_type_tcga_plus_single_cancer_seer,Single-cancer TCGA + exact-matched SEER,MESO,fold3,seer_n001k_00pct,0.03947111871207758,-0.07698621286779792,1067,17,15,999.0
within_type_tcga_plus_single_cancer_seer,Single-cancer TCGA + exact-matched SEER,MESO,fold4,seer_n001k_00pct,0.03184009320328316,-0.09016381003459667,1067,17,14,999.0
within_type_tcga_plus_single_cancer_seer,Single-cancer TCGA + exact-matched SEER,MESO,fold5,seer_n001k_00pct,0.044809937906653906,-0.11180395371761648,1067,17,14,999.0
within_type_tcga_plus_single_cancer_seer,Single-cancer TCGA + exact-matched SEER,OV,fold1,seer_n001k_00pct,0.06793664379837962,-0.08710939951191941,1464,117,70,999.0
within_type_tcga_plus_single_cancer_seer,Single-cancer TCGA + exact-matched SEER,OV,fold2,seer_n001k_00pct,0.06282438935285183,-0.0716005371189699,1464,117,70,999.0
within_type_tcga_plus_single_cancer_seer,Single-cancer TCGA + exact-matched SEER,OV,fold3,seer_n001k_00pct,0.05725627325683222,-0.05778624743761694,1465,116,70,999.0
within_type_tcga_plus_single_cancer_seer,Single-cancer TCGA + exact-matched SEER,OV,fold4,seer_n001k_00pct,0.06196054156974065,-0.06872293174128277,1465,116,69,999.0
within_type_tcga_plus_single_cancer_seer,Single-cancer TCGA + exact-matched SEER,OV,fold5,seer_n001k_00pct,0.08367346179537877,-0.1433645837457228,1465,116,69,999.0
within_type_tcga_plus_single_cancer_seer,Single-cancer TCGA + exact-matched SEER,PAAD,fold1,seer_n001k_00pct,0.024953089186011898,-0.12799605328325864,1146,37,20,999.0
within_type_tcga_plus_single_cancer_seer,Single-cancer TCGA + exact-matched SEER,PAAD,fold2,seer_n001k_00pct,0.03483441393780876,-0.413644019846171,1146,37,20,999.0
within_type_tcga_plus_single_cancer_seer,Single-cancer TCGA + exact-matched SEER,PAAD,fold3,seer_n001k_00pct,0.017198588684253807,-0.0813513138129615,1146,37,20,999.0
within_type_tcga_plus_single_cancer_seer,Single-cancer TCGA + exact-matched SEER,PAAD,fold4,seer_n001k_00pct,0.027422237817690424,-0.10887004466484518,1146,37,20,999.0
within_type_tcga_plus_single_cancer_seer,Single-cancer TCGA + exact-matched SEER,PAAD,fold5,seer_n001k_00pct,0.016049544994731962,-0.13941029313455247,1147,36,20,999.0
within_type_tcga_plus_single_cancer_seer,Single-cancer TCGA + exact-matched SEER,PCPG,fold1,seer_n001k_00pct,0.020335641198245824,-0.03852034722655966,1088,90,3,999.0
within_type_tcga_plus_single_cancer_seer,Single-cancer TCGA + exact-matched SEER,PCPG,fold2,seer_n001k_00pct,0.02968377896432577,0.019719647670485667,1089,89,3,999.0
within_type_tcga_plus_single_cancer_seer,Single-cancer TCGA + exact-matched SEER,PRAD,fold1,seer_n001k_00pct,0.008806664644767351,-0.03472718768054003,1249,250,5,999.0
within_type_tcga_plus_single_cancer_seer,Single-cancer TCGA + exact-matched SEER,PRAD,fold2,seer_n001k_00pct,0.007272312080814131,-0.020812265707756752,1249,250,5,999.0
within_type_tcga_plus_single_cancer_seer,Single-cancer TCGA + exact-matched SEER,READ,fold1,seer_n001k_00pct,0.014959289123378867,-0.12350870120237147,1130,33,5,999.0
within_type_tcga_plus_single_cancer_seer,Single-cancer TCGA + exact-matched SEER,READ,fold2,seer_n001k_00pct,0.03227009764524467,-0.1534179723363019,1130,33,5,999.0
within_type_tcga_plus_single_cancer_seer,Single-cancer TCGA + exact-matched SEER,READ,fold3,seer_n001k_00pct,0.0150151304073594,-0.0976625724988734,1130,33,5,999.0
within_type_tcga_plus_single_cancer_seer,Single-cancer TCGA + exact-matched SEER,READ,fold4,seer_n001k_00pct,0.015336908021734845,-0.1110333768798216,1130,33,6,999.0
within_type_tcga_plus_single_cancer_seer,Single-cancer TCGA + exact-matched SEER,READ,fold5,seer_n001k_00pct,0.022311395204980232,-0.1344923779471492,1131,32,5,999.0
within_type_tcga_plus_single_cancer_seer,Single-cancer TCGA + exact-matched SEER,SARC,fold1,seer_n001k_00pct,0.06938231025758812,-0.11222906910569477,1207,53,20,999.0
within_type_tcga_plus_single_cancer_seer,Single-cancer TCGA + exact-matched SEER,SARC,fold2,seer_n001k_00pct,0.04693135953585122,-0.13361623301483466,1208,52,19,999.0
within_type_tcga_plus_single_cancer_seer,Single-cancer TCGA + exact-matched SEER,SARC,fold3,seer_n001k_00pct,0.06983665106076352,-0.13695265370054666,1208,52,20,999.0
within_type_tcga_plus_single_cancer_seer,Single-cancer TCGA + exact-matched SEER,SARC,fold4,seer_n001k_00pct,0.09696714707151509,-0.11352933344671255,1208,52,20,999.0
within_type_tcga_plus_single_cancer_seer,Single-cancer TCGA + exact-matched SEER,SARC,fold5,seer_n001k_00pct,0.0655246258700694,-0.1647346955673611,1208,52,20,999.0
within_type_tcga_plus_single_cancer_seer,Single-cancer TCGA + exact-matched SEER,SKCM,fold1,seer_n001k_00pct,0.14770312303378882,-0.048804748451885205,1362,91,43,999.0
within_type_tcga_plus_single_cancer_seer,Single-cancer TCGA + exact-matched SEER,SKCM,fold2,seer_n001k_00pct,0.1092650912088975,-0.006053370484324541,1362,91,43,999.0
within_type_tcga_plus_single_cancer_seer,Single-cancer TCGA + exact-matched SEER,SKCM,fold3,seer_n001k_00pct,0.17957773624309076,0.0009480321484811038,1362,91,43,999.0
within_type_tcga_plus_single_cancer_seer,Single-cancer TCGA + exact-matched SEER,SKCM,fold4,seer_n001k_00pct,0.19379159582292693,-0.017442960821897613,1362,91,43,999.0
within_type_tcga_plus_single_cancer_seer,Single-cancer TCGA + exact-matched SEER,SKCM,fold5,seer_n001k_00pct,0.07585203585532743,-0.009191228790886477,1363,90,42,999.0
within_type_tcga_plus_single_cancer_seer,Single-cancer TCGA + exact-matched SEER,STAD,fold1,seer_n001k_00pct,0.024475200962581663,-0.14941784834082533,1332,84,34,999.0
within_type_tcga_plus_single_cancer_seer,Single-cancer TCGA + exact-matched SEER,STAD,fold2,seer_n001k_00pct,0.042120357276524995,-0.1759394521003308,1332,84,34,999.0
within_type_tcga_plus_single_cancer_seer,Single-cancer TCGA + exact-matched SEER,STAD,fold3,seer_n001k_00pct,0.02396175781301982,-0.1631523602404152,1333,83,33,999.0
within_type_tcga_plus_single_cancer_seer,Single-cancer TCGA + exact-matched SEER,STAD,fold4,seer_n001k_00pct,0.028769583481795587,-0.16114198742794847,1333,83,33,999.0
within_type_tcga_plus_single_cancer_seer,Single-cancer TCGA + exact-matched SEER,STAD,fold5,seer_n001k_00pct,0.02670253179132974,-0.17624436331527227,1333,83,34,999.0
within_type_tcga_plus_single_cancer_seer,Single-cancer TCGA + exact-matched SEER,TGCT,fold1,seer_n001k_00pct,0.0215592550140741,0.007919715584957148,1066,67,2,999.0
within_type_tcga_plus_single_cancer_seer,Single-cancer TCGA + exact-matched SEER,TGCT,fold2,seer_n001k_00pct,0.02722075061603042,0.013581211186913468,1066,67,2,999.0
within_type_tcga_plus_single_cancer_seer,Single-cancer TCGA + exact-matched SEER,THCA,fold1,seer_n001k_00pct,0.013842348286180667,-0.04086745003248147,1336,169,5,999.0
within_type_tcga_plus_single_cancer_seer,Single-cancer TCGA + exact-matched SEER,THCA,fold2,seer_n001k_00pct,0.010159740091294594,-0.020379842597188478,1336,169,6,999.0
within_type_tcga_plus_single_cancer_seer,Single-cancer TCGA + exact-matched SEER,THCA,fold3,seer_n001k_00pct,0.011579534096399483,-0.029333589867677513,1337,168,5,999.0
within_type_tcga_plus_single_cancer_seer,Single-cancer TCGA + exact-matched SEER,THYM,fold1,seer_n001k_00pct,0.02862541956368008,-0.03473980857296532,1060,62,5,999.0
within_type_tcga_plus_single_cancer_seer,Single-cancer TCGA + exact-matched SEER,THYM,fold2,seer_n001k_00pct,0.0273309087053089,-0.06062454914668566,1061,61,4,999.0
within_type_tcga_plus_single_cancer_seer,Single-cancer TCGA + exact-matched SEER,UCEC,fold1,seer_n001k_00pct,0.03868852708668643,-0.10731111245170241,1435,110,19,999.0
within_type_tcga_plus_single_cancer_seer,Single-cancer TCGA + exact-matched SEER,UCEC,fold2,seer_n001k_00pct,0.04056508848475907,-0.042985097171375504,1436,109,18,999.0
within_type_tcga_plus_single_cancer_seer,Single-cancer TCGA + exact-matched SEER,UCEC,fold3,seer_n001k_00pct,0.07047927795608813,-0.1845861845904371,1436,109,18,999.0
within_type_tcga_plus_single_cancer_seer,Single-cancer TCGA + exact-matched SEER,UCEC,fold4,seer_n001k_00pct,0.028266755211901883,-0.14719402930480505,1436,109,18,999.0
within_type_tcga_plus_single_cancer_seer,Single-cancer TCGA + exact-matched SEER,UCEC,fold5,seer_n001k_00pct,0.04910346647082765,-0.0757684226197839,1436,109,18,999.0
within_type_tcga_plus_single_cancer_seer,Single-cancer TCGA + exact-matched SEER,UCS,fold1,seer_n001k_00pct,0.04217405360309588,-0.18972702168508865,1043,12,7,999.0
within_type_tcga_plus_single_cancer_seer,Single-cancer TCGA + exact-matched SEER,UCS,fold2,seer_n001k_00pct,0.02948522755125843,-0.07298778164331765,1044,11,7,999.0
within_type_tcga_plus_single_cancer_seer,Single-cancer TCGA + exact-matched SEER,UCS,fold3,seer_n001k_00pct,0.09204802862203024,-0.15489513367494612,1044,11,7,999.0
within_type_tcga_plus_single_cancer_seer,Single-cancer TCGA + exact-matched SEER,UCS,fold4,seer_n001k_00pct,0.06736570959531063,-0.2213476769199575,1044,11,7,999.0
within_type_tcga_plus_single_cancer_seer,Single-cancer TCGA + exact-matched SEER,UCS,fold5,seer_n001k_00pct,0.04832353561659125,-0.14742189980178227,1044,11,7,999.0
within_type_tcga_plus_single_cancer_seer,Single-cancer TCGA + exact-matched SEER,UVM,fold1,seer_n001k_00pct,0.035727706677513245,-0.09368649469147586,1059,20,6,999.0
within_type_tcga_plus_single_cancer_seer,Single-cancer TCGA + exact-matched SEER,UVM,fold2,seer_n001k_00pct,0.021536633187327046,-0.11478705533726158,1059,20,6,999.0
within_type_tcga_plus_single_cancer_seer,Single-cancer TCGA + exact-matched SEER,UVM,fold3,seer_n001k_00pct,0.019378623641244926,-0.1706701370205886,1059,20,6,999.0
within_type_tcga_plus_single_cancer_seer,Single-cancer TCGA + exact-matched SEER,UVM,fold4,seer_n001k_00pct,0.02257238246042268,-0.20136729776028292,1059,20,5,999.0
within_type_tcga_plus_single_cancer_seer,Single-cancer TCGA + exact-matched SEER,ACC,fold1,seer_n003k_00pct,0.04102946341279848,-0.04856849113444911,3073,19,7,3001.0
within_type_tcga_plus_single_cancer_seer,Single-cancer TCGA + exact-matched SEER,ACC,fold2,seer_n003k_00pct,0.07934639269644653,-0.14308589009773243,3074,18,7,3001.0
within_type_tcga_plus_single_cancer_seer,Single-cancer TCGA + exact-matched SEER,ACC,fold3,seer_n003k_00pct,0.04088862256033618,-0.1154221570526435,3074,18,7,3001.0
within_type_tcga_plus_single_cancer_seer,Single-cancer TCGA + exact-matched SEER,ACC,fold4,seer_n003k_00pct,0.04010908145453082,-0.04964672884930735,3074,18,6,3001.0
within_type_tcga_plus_single_cancer_seer,Single-cancer TCGA + exact-matched SEER,ACC,fold5,seer_n003k_00pct,0.04849245409905988,-0.044378841960095,3074,18,6,3001.0
within_type_tcga_plus_single_cancer_seer,Single-cancer TCGA + exact-matched SEER,BLCA,fold1,seer_n003k_00pct,0.04716408274722973,-0.1485374611018781,3329,82,36,3001.0
within_type_tcga_plus_single_cancer_seer,Single-cancer TCGA + exact-matched SEER,BLCA,fold2,seer_n003k_00pct,0.057230317135086896,-0.07480941954603557,3329,82,36,3001.0
within_type_tcga_plus_single_cancer_seer,Single-cancer TCGA + exact-matched SEER,BLCA,fold3,seer_n003k_00pct,0.048382443066628665,-0.10442607885378788,3329,82,36,3001.0
within_type_tcga_plus_single_cancer_seer,Single-cancer TCGA + exact-matched SEER,BLCA,fold4,seer_n003k_00pct,0.0475147647770138,-0.14313325305339294,3329,82,36,3001.0
within_type_tcga_plus_single_cancer_seer,Single-cancer TCGA + exact-matched SEER,BLCA,fold5,seer_n003k_00pct,0.06454437882689959,-0.202746457499601,3329,82,36,3001.0
within_type_tcga_plus_single_cancer_seer,Single-cancer TCGA + exact-matched SEER,BRCA,fold1,seer_n003k_00pct,0.05201125185470238,-0.1053690238548386,3867,217,30,3001.0
within_type_tcga_plus_single_cancer_seer,Single-cancer TCGA + exact-matched SEER,BRCA,fold2,seer_n003k_00pct,0.056390246258144185,-0.05708691356070559,3867,217,30,3001.0
within_type_tcga_plus_single_cancer_seer,Single-cancer TCGA + exact-matched SEER,BRCA,fold3,seer_n003k_00pct,0.0422037889689896,-0.07650006684159529,3867,217,31,3001.0
within_type_tcga_plus_single_cancer_seer,Single-cancer TCGA + exact-matched SEER,BRCA,fold4,seer_n003k_00pct,0.056925525828668826,-0.1879092163062227,3868,216,30,3001.0
within_type_tcga_plus_single_cancer_seer,Single-cancer TCGA + exact-matched SEER,BRCA,fold5,seer_n003k_00pct,0.048017387826058175,-0.10268712837608306,3868,216,30,3001.0
within_type_tcga_plus_single_cancer_seer,Single-cancer TCGA + exact-matched SEER,CESC,fold1,seer_n003k_00pct,0.05180637374900579,-0.09892780305088142,3236,59,14,3001.0
within_type_tcga_plus_single_cancer_seer,Single-cancer TCGA + exact-matched SEER,CESC,fold2,seer_n003k_00pct,0.07831113601869069,-0.10632846687977648,3236,59,14,3001.0
within_type_tcga_plus_single_cancer_seer,Single-cancer TCGA + exact-matched SEER,CESC,fold3,seer_n003k_00pct,0.04288263747413324,-0.062212227713859224,3236,59,14,3001.0
within_type_tcga_plus_single_cancer_seer,Single-cancer TCGA + exact-matched SEER,CESC,fold4,seer_n003k_00pct,0.051776188071440334,-0.2526872678091929,3236,59,15,3001.0
within_type_tcga_plus_single_cancer_seer,Single-cancer TCGA + exact-matched SEER,CESC,fold5,seer_n003k_00pct,0.06852346309605956,-0.22818893343473506,3237,58,14,3001.0
within_type_tcga_plus_single_cancer_seer,Single-cancer TCGA + exact-matched SEER,CHOL,fold1,seer_n003k_00pct,0.03745294422127374,-0.18477962042375795,3034,12,6,3001.0
within_type_tcga_plus_single_cancer_seer,Single-cancer TCGA + exact-matched SEER,CHOL,fold2,seer_n003k_00pct,0.045249549540941486,-0.283052374921993,3035,11,6,3001.0
within_type_tcga_plus_single_cancer_seer,Single-cancer TCGA + exact-matched SEER,CHOL,fold3,seer_n003k_00pct,0.034293077859346544,-0.19668708645567615,3035,11,5,3001.0
within_type_tcga_plus_single_cancer_seer,Single-cancer TCGA + exact-matched SEER,CHOL,fold4,seer_n003k_00pct,0.05260712274556421,-0.3556111037580871,3035,11,5,3001.0
within_type_tcga_plus_single_cancer_seer,Single-cancer TCGA + exact-matched SEER,COAD,fold1,seer_n003k_00pct,0.03589576371529363,-0.1753792237442011,3354,89,20,3001.0
within_type_tcga_plus_single_cancer_seer,Single-cancer TCGA + exact-matched SEER,COAD,fold2,seer_n003k_00pct,0.032493407559666315,-0.16786204900489657,3354,89,20,3001.0
within_type_tcga_plus_single_cancer_seer,Single-cancer TCGA + exact-matched SEER,COAD,fold3,seer_n003k_00pct,0.038108997556337156,-0.161782656020888,3355,88,19,3001.0
within_type_tcga_plus_single_cancer_seer,Single-cancer TCGA + exact-matched SEER,COAD,fold4,seer_n003k_00pct,0.034990234375616526,-0.2346506394869062,3355,88,19,3001.0
within_type_tcga_plus_single_cancer_seer,Single-cancer TCGA + exact-matched SEER,COAD,fold5,seer_n003k_00pct,0.02636453241240391,-0.0819257503777174,3355,88,20,3001.0
within_type_tcga_plus_single_cancer_seer,Single-cancer TCGA + exact-matched SEER,DLBC,fold1,seer_n003k_00pct,0.07165347066840648,-0.09837963063555098,3024,24,5,3001.0
within_type_tcga_plus_single_cancer_seer,Single-cancer TCGA + exact-matched SEER,DLBC,fold2,seer_n003k_00pct,0.07267352645368622,-0.13645401422357253,3025,23,4,3001.0
within_type_tcga_plus_single_cancer_seer,Single-cancer TCGA + exact-matched SEER,ESCA,fold1,seer_n003k_00pct,0.03258658382300858,-0.2134429697983791,3149,37,16,3001.0
within_type_tcga_plus_single_cancer_seer,Single-cancer TCGA + exact-matched SEER,ESCA,fold2,seer_n003k_00pct,0.020141750844366355,-0.1118557228441409,3149,37,16,3001.0
within_type_tcga_plus_single_cancer_seer,Single-cancer TCGA + exact-matched SEER,ESCA,fold3,seer_n003k_00pct,0.01825847299455096,-0.11643051791842868,3149,37,15,3001.0
within_type_tcga_plus_single_cancer_seer,Single-cancer TCGA + exact-matched SEER,ESCA,fold4,seer_n003k_00pct,0.026327675444042943,-0.1298913323337688,3149,37,15,3001.0
within_type_tcga_plus_single_cancer_seer,Single-cancer TCGA + exact-matched SEER,ESCA,fold5,seer_n003k_00pct,0.0242049675220156,-0.16479506407662514,3149,37,15,3001.0
within_type_tcga_plus_single_cancer_seer,Single-cancer TCGA + exact-matched SEER,GBM,fold1,seer_n003k_00pct,0.025796255164757892,-0.032488721577320176,3477,119,99,3001.0
within_type_tcga_plus_single_cancer_seer,Single-cancer TCGA + exact-matched SEER,GBM,fold2,seer_n003k_00pct,0.031734125051243976,-0.05077006018726734,3477,119,98,3001.0
within_type_tcga_plus_single_cancer_seer,Single-cancer TCGA + exact-matched SEER,GBM,fold3,seer_n003k_00pct,0.03117588297509015,-0.04526771564979161,3477,119,98,3001.0
within_type_tcga_plus_single_cancer_seer,Single-cancer TCGA + exact-matched SEER,GBM,fold4,seer_n003k_00pct,0.024200952061869133,-0.040696254035502824,3477,119,98,3001.0
within_type_tcga_plus_single_cancer_seer,Single-cancer TCGA + exact-matched SEER,GBM,fold5,seer_n003k_00pct,0.03490168865483314,-0.0539455642309449,3477,119,98,3001.0
within_type_tcga_plus_single_cancer_seer,Single-cancer TCGA + exact-matched SEER,HNSC,fold1,seer_n003k_00pct,0.05115113356971105,-0.16338012836015925,3422,106,45,3001.0
within_type_tcga_plus_single_cancer_seer,Single-cancer TCGA + exact-matched SEER,HNSC,fold2,seer_n003k_00pct,0.04348366017331304,-0.08786508142470092,3422,106,45,3001.0
within_type_tcga_plus_single_cancer_seer,Single-cancer TCGA + exact-matched SEER,HNSC,fold3,seer_n003k_00pct,0.05838322855277086,-0.10034985799323504,3423,105,44,3001.0
within_type_tcga_plus_single_cancer_seer,Single-cancer TCGA + exact-matched SEER,HNSC,fold4,seer_n003k_00pct,0.05560508958560739,-0.13306327458213815,3423,105,44,3001.0
within_type_tcga_plus_single_cancer_seer,Single-cancer TCGA + exact-matched SEER,HNSC,fold5,seer_n003k_00pct,0.05985103938235408,-0.13043927803584443,3423,105,45,3001.0
within_type_tcga_plus_single_cancer_seer,Single-cancer TCGA + exact-matched SEER,KICH,fold1,seer_n003k_00pct,0.03080148161816783,-0.042421967822291656,3057,56,6,3001.0
within_type_tcga_plus_single_cancer_seer,Single-cancer TCGA + exact-matched SEER,KICH,fold2,seer_n003k_00pct,0.03791698480087995,-0.07327103741146862,3057,56,6,3001.0
within_type_tcga_plus_single_cancer_seer,Single-cancer TCGA + exact-matched SEER,KIRC,fold1,seer_n003k_00pct,0.03826646653146966,-0.09923660355792231,3429,107,35,3001.0
within_type_tcga_plus_single_cancer_seer,Single-cancer TCGA + exact-matched SEER,KIRC,fold2,seer_n003k_00pct,0.043234166096225754,-0.07765151556362895,3429,107,35,3001.0
within_type_tcga_plus_single_cancer_seer,Single-cancer TCGA + exact-matched SEER,KIRC,fold3,seer_n003k_00pct,0.04613203609685947,-0.13053076407384043,3429,107,35,3001.0
within_type_tcga_plus_single_cancer_seer,Single-cancer TCGA + exact-matched SEER,KIRC,fold4,seer_n003k_00pct,0.039053360764071975,-0.05461891770313033,3429,107,36,3001.0
within_type_tcga_plus_single_cancer_seer,Single-cancer TCGA + exact-matched SEER,KIRC,fold5,seer_n003k_00pct,0.03285721846409467,-0.08055992995290077,3429,107,36,3001.0
within_type_tcga_plus_single_cancer_seer,Single-cancer TCGA + exact-matched SEER,KIRP,fold1,seer_n003k_00pct,0.05080568716140991,-0.15690521773552302,3231,58,9,3001.0
within_type_tcga_plus_single_cancer_seer,Single-cancer TCGA + exact-matched SEER,KIRP,fold2,seer_n003k_00pct,0.029089124059152482,-0.1659417592979227,3231,58,9,3001.0
within_type_tcga_plus_single_cancer_seer,Single-cancer TCGA + exact-matched SEER,KIRP,fold3,seer_n003k_00pct,0.02193284900790752,-0.10109241255337159,3231,58,9,3001.0
within_type_tcga_plus_single_cancer_seer,Single-cancer TCGA + exact-matched SEER,KIRP,fold4,seer_n003k_00pct,0.030633182852776313,-0.12057113496317508,3232,57,8,3001.0
within_type_tcga_plus_single_cancer_seer,Single-cancer TCGA + exact-matched SEER,KIRP,fold5,seer_n003k_00pct,0.020614299679484617,-0.1146990927385719,3232,57,9,3001.0
within_type_tcga_plus_single_cancer_seer,Single-cancer TCGA + exact-matched SEER,LAML,fold1,seer_n003k_00pct,0.038161438150219516,-0.20041258904142273,3139,35,22,3001.0
within_type_tcga_plus_single_cancer_seer,Single-cancer TCGA + exact-matched SEER,LAML,fold2,seer_n003k_00pct,0.04311804997959776,-0.1450062118933998,3139,35,22,3001.0
within_type_tcga_plus_single_cancer_seer,Single-cancer TCGA + exact-matched SEER,LAML,fold3,seer_n003k_00pct,0.03507702238145748,-0.18187329781158598,3139,35,22,3001.0
within_type_tcga_plus_single_cancer_seer,Single-cancer TCGA + exact-matched SEER,LAML,fold4,seer_n003k_00pct,0.034837456441482804,-0.11334804532187734,3140,34,21,3001.0
within_type_tcga_plus_single_cancer_seer,Single-cancer TCGA + exact-matched SEER,LAML,fold5,seer_n003k_00pct,0.03783601512320026,-0.21879304740528513,3140,34,21,3001.0
within_type_tcga_plus_single_cancer_seer,Single-cancer TCGA + exact-matched SEER,LGG,fold1,seer_n003k_00pct,0.03379595441779339,-0.13130244853269904,3409,103,25,3001.0
within_type_tcga_plus_single_cancer_seer,Single-cancer TCGA + exact-matched SEER,LGG,fold2,seer_n003k_00pct,0.03630279489986794,-0.13813586433117708,3410,102,25,3001.0
within_type_tcga_plus_single_cancer_seer,Single-cancer TCGA + exact-matched SEER,LGG,fold3,seer_n003k_00pct,0.05343635341931601,-0.20725443633320384,3410,102,25,3001.0
within_type_tcga_plus_single_cancer_seer,Single-cancer TCGA + exact-matched SEER,LGG,fold4,seer_n003k_00pct,0.03234968339684766,-0.13690010175993075,3410,102,25,3001.0
within_type_tcga_plus_single_cancer_seer,Single-cancer TCGA + exact-matched SEER,LGG,fold5,seer_n003k_00pct,0.03400343642216372,-0.0669566888567495,3410,102,25,3001.0
within_type_tcga_plus_single_cancer_seer,Single-cancer TCGA + exact-matched SEER,LIHC,fold1,seer_n003k_00pct,0.03660401411412432,-0.10478642464326274,3297,75,27,3001.0
within_type_tcga_plus_single_cancer_seer,Single-cancer TCGA + exact-matched SEER,LIHC,fold2,seer_n003k_00pct,0.04615829687910625,-0.18355837707641148,3298,74,27,3001.0
within_type_tcga_plus_single_cancer_seer,Single-cancer TCGA + exact-matched SEER,LIHC,fold3,seer_n003k_00pct,0.035840308664010556,-0.21789351530718015,3298,74,26,3001.0
within_type_tcga_plus_single_cancer_seer,Single-cancer TCGA + exact-matched SEER,LIHC,fold4,seer_n003k_00pct,0.03799378326467719,-0.15548903136821032,3298,74,26,3001.0
within_type_tcga_plus_single_cancer_seer,Single-cancer TCGA + exact-matched SEER,LIHC,fold5,seer_n003k_00pct,0.04212641361332134,-0.1239117802986908,3298,74,26,3001.0
within_type_tcga_plus_single_cancer_seer,Single-cancer TCGA + exact-matched SEER,LUAD,fold1,seer_n003k_00pct,0.06278903982578472,-0.11882548122088092,3408,102,36,3001.0
within_type_tcga_plus_single_cancer_seer,Single-cancer TCGA + exact-matched SEER,LUAD,fold2,seer_n003k_00pct,0.05414110000262355,-0.09315275817711331,3408,102,37,3001.0
within_type_tcga_plus_single_cancer_seer,Single-cancer TCGA + exact-matched SEER,LUAD,fold3,seer_n003k_00pct,0.037666274771762494,-0.09044858939340439,3408,102,37,3001.0
within_type_tcga_plus_single_cancer_seer,Single-cancer TCGA + exact-matched SEER,LUAD,fold4,seer_n003k_00pct,0.07038974292460601,-0.23926028667306712,3408,102,37,3001.0
within_type_tcga_plus_single_cancer_seer,Single-cancer TCGA + exact-matched SEER,LUAD,fold5,seer_n003k_00pct,0.04212011998281357,-0.07686523703246045,3409,101,36,3001.0
within_type_tcga_plus_single_cancer_seer,Single-cancer TCGA + exact-matched SEER,LUSC,fold1,seer_n003k_00pct,0.053276895544029125,-0.08442792147075315,3398,100,43,3001.0
within_type_tcga_plus_single_cancer_seer,Single-cancer TCGA + exact-matched SEER,LUSC,fold2,seer_n003k_00pct,0.045445182960717576,-0.07757840409240872,3398,100,43,3001.0
within_type_tcga_plus_single_cancer_seer,Single-cancer TCGA + exact-matched SEER,LUSC,fold3,seer_n003k_00pct,0.055503723274845256,-0.06822597557507434,3399,99,43,3001.0
within_type_tcga_plus_single_cancer_seer,Single-cancer TCGA + exact-matched SEER,LUSC,fold4,seer_n003k_00pct,0.06493845027564127,-0.11562173214146987,3399,99,43,3001.0
within_type_tcga_plus_single_cancer_seer,Single-cancer TCGA + exact-matched SEER,LUSC,fold5,seer_n003k_00pct,0.08221421512297379,-0.2772541072325069,3399,99,43,3001.0
within_type_tcga_plus_single_cancer_seer,Single-cancer TCGA + exact-matched SEER,MESO,fold1,seer_n003k_00pct,0.023443748684593573,-0.05743629700412092,3069,17,15,3001.0
within_type_tcga_plus_single_cancer_seer,Single-cancer TCGA + exact-matched SEER,MESO,fold2,seer_n003k_00pct,0.05535520866318206,-0.20450629578451351,3069,17,15,3001.0
within_type_tcga_plus_single_cancer_seer,Single-cancer TCGA + exact-matched SEER,MESO,fold3,seer_n003k_00pct,0.04237070036132962,-0.07408663121854586,3069,17,15,3001.0
within_type_tcga_plus_single_cancer_seer,Single-cancer TCGA + exact-matched SEER,MESO,fold4,seer_n003k_00pct,0.033957389437386194,-0.08804651380049364,3069,17,14,3001.0
within_type_tcga_plus_single_cancer_seer,Single-cancer TCGA + exact-matched SEER,MESO,fold5,seer_n003k_00pct,0.05046328829853125,-0.10615060332573914,3069,17,14,3001.0
within_type_tcga_plus_single_cancer_seer,Single-cancer TCGA + exact-matched SEER,OV,fold1,seer_n003k_00pct,0.06380463812948182,-0.0912414051808172,3466,117,70,3001.0
within_type_tcga_plus_single_cancer_seer,Single-cancer TCGA + exact-matched SEER,OV,fold2,seer_n003k_00pct,0.05793449868388601,-0.07649042778793572,3466,117,70,3001.0
within_type_tcga_plus_single_cancer_seer,Single-cancer TCGA + exact-matched SEER,OV,fold3,seer_n003k_00pct,0.056429060598243735,-0.058613460096205425,3467,116,70,3001.0
within_type_tcga_plus_single_cancer_seer,Single-cancer TCGA + exact-matched SEER,OV,fold4,seer_n003k_00pct,0.05304324252154924,-0.07764023078947418,3467,116,69,3001.0
within_type_tcga_plus_single_cancer_seer,Single-cancer TCGA + exact-matched SEER,OV,fold5,seer_n003k_00pct,0.07547269919199875,-0.15156534634910282,3467,116,69,3001.0
within_type_tcga_plus_single_cancer_seer,Single-cancer TCGA + exact-matched SEER,PAAD,fold1,seer_n003k_00pct,0.024107413582440184,-0.12884172888683035,3148,37,20,3001.0
within_type_tcga_plus_single_cancer_seer,Single-cancer TCGA + exact-matched SEER,PAAD,fold2,seer_n003k_00pct,0.03297403891727316,-0.41550439486670665,3148,37,20,3001.0
within_type_tcga_plus_single_cancer_seer,Single-cancer TCGA + exact-matched SEER,PAAD,fold3,seer_n003k_00pct,0.017304926285167766,-0.08124497621204754,3148,37,20,3001.0
within_type_tcga_plus_single_cancer_seer,Single-cancer TCGA + exact-matched SEER,PAAD,fold4,seer_n003k_00pct,0.02538044196144329,-0.11091184052109232,3148,37,20,3001.0
within_type_tcga_plus_single_cancer_seer,Single-cancer TCGA + exact-matched SEER,PAAD,fold5,seer_n003k_00pct,0.018872306982856715,-0.13658753114642772,3149,36,20,3001.0
within_type_tcga_plus_single_cancer_seer,Single-cancer TCGA + exact-matched SEER,PCPG,fold1,seer_n003k_00pct,0.021067132779136816,-0.03778885564566867,3090,90,3,3001.0
within_type_tcga_plus_single_cancer_seer,Single-cancer TCGA + exact-matched SEER,PCPG,fold2,seer_n003k_00pct,0.030834682222127503,0.0208705509282874,3091,89,3,3001.0
within_type_tcga_plus_single_cancer_seer,Single-cancer TCGA + exact-matched SEER,PRAD,fold1,seer_n003k_00pct,0.0077303295122943694,-0.03580352281301301,3251,250,5,3001.0
within_type_tcga_plus_single_cancer_seer,Single-cancer TCGA + exact-matched SEER,PRAD,fold2,seer_n003k_00pct,0.006152606843941534,-0.02193197094462935,3251,250,5,3001.0
within_type_tcga_plus_single_cancer_seer,Single-cancer TCGA + exact-matched SEER,READ,fold1,seer_n003k_00pct,0.01689582133427552,-0.12157216899147481,3132,33,5,3001.0
within_type_tcga_plus_single_cancer_seer,Single-cancer TCGA + exact-matched SEER,READ,fold2,seer_n003k_00pct,0.029846801629933445,-0.1558412683516131,3132,33,5,3001.0
within_type_tcga_plus_single_cancer_seer,Single-cancer TCGA + exact-matched SEER,READ,fold3,seer_n003k_00pct,0.016281192091033427,-0.09639651081519937,3132,33,5,3001.0
within_type_tcga_plus_single_cancer_seer,Single-cancer TCGA + exact-matched SEER,READ,fold4,seer_n003k_00pct,0.016235995232906066,-0.11013428966865038,3132,33,6,3001.0
within_type_tcga_plus_single_cancer_seer,Single-cancer TCGA + exact-matched SEER,READ,fold5,seer_n003k_00pct,0.03458647258757187,-0.12221730056455755,3133,32,5,3001.0
within_type_tcga_plus_single_cancer_seer,Single-cancer TCGA + exact-matched SEER,SARC,fold1,seer_n003k_00pct,0.05989310228380006,-0.12171827707948282,3209,53,20,3001.0
within_type_tcga_plus_single_cancer_seer,Single-cancer TCGA + exact-matched SEER,SARC,fold2,seer_n003k_00pct,0.04947888380808958,-0.1310687087425963,3210,52,19,3001.0
within_type_tcga_plus_single_cancer_seer,Single-cancer TCGA + exact-matched SEER,SARC,fold3,seer_n003k_00pct,0.06609525903450453,-0.14069404572680563,3210,52,20,3001.0
within_type_tcga_plus_single_cancer_seer,Single-cancer TCGA + exact-matched SEER,SARC,fold4,seer_n003k_00pct,0.07568041804485996,-0.1348160624733677,3210,52,20,3001.0
within_type_tcga_plus_single_cancer_seer,Single-cancer TCGA + exact-matched SEER,SARC,fold5,seer_n003k_00pct,0.06892469375253557,-0.1613346276848949,3210,52,20,3001.0
within_type_tcga_plus_single_cancer_seer,Single-cancer TCGA + exact-matched SEER,SKCM,fold1,seer_n003k_00pct,0.15626899084710275,-0.040238880638571284,3364,91,43,3001.0
within_type_tcga_plus_single_cancer_seer,Single-cancer TCGA + exact-matched SEER,SKCM,fold2,seer_n003k_00pct,0.10340867799329144,-0.011909783699930607,3364,91,43,3001.0
within_type_tcga_plus_single_cancer_seer,Single-cancer TCGA + exact-matched SEER,SKCM,fold3,seer_n003k_00pct,0.170341302213071,-0.008288401881538648,3364,91,43,3001.0
within_type_tcga_plus_single_cancer_seer,Single-cancer TCGA + exact-matched SEER,SKCM,fold4,seer_n003k_00pct,0.18451431528142911,-0.02672024136339543,3364,91,43,3001.0
within_type_tcga_plus_single_cancer_seer,Single-cancer TCGA + exact-matched SEER,SKCM,fold5,seer_n003k_00pct,0.0609097263744545,-0.02413353827175941,3365,90,42,3001.0
within_type_tcga_plus_single_cancer_seer,Single-cancer TCGA + exact-matched SEER,STAD,fold1,seer_n003k_00pct,0.026238166590541283,-0.1476548827128657,3334,84,34,3001.0
within_type_tcga_plus_single_cancer_seer,Single-cancer TCGA + exact-matched SEER,STAD,fold2,seer_n003k_00pct,0.03664795396139542,-0.18141185541546037,3334,84,34,3001.0
within_type_tcga_plus_single_cancer_seer,Single-cancer TCGA + exact-matched SEER,STAD,fold3,seer_n003k_00pct,0.020588113653921984,-0.16652600439951304,3335,83,33,3001.0
within_type_tcga_plus_single_cancer_seer,Single-cancer TCGA + exact-matched SEER,STAD,fold4,seer_n003k_00pct,0.029372756698570847,-0.16053881421117322,3335,83,33,3001.0
within_type_tcga_plus_single_cancer_seer,Single-cancer TCGA + exact-matched SEER,STAD,fold5,seer_n003k_00pct,0.026125144698761614,-0.17682175040784037,3335,83,34,3001.0
within_type_tcga_plus_single_cancer_seer,Single-cancer TCGA + exact-matched SEER,TGCT,fold1,seer_n003k_00pct,0.016350687877289546,0.0027111484481725946,3068,67,2,3001.0
within_type_tcga_plus_single_cancer_seer,Single-cancer TCGA + exact-matched SEER,TGCT,fold2,seer_n003k_00pct,0.02499267249968121,0.011353133070564259,3068,67,2,3001.0
within_type_tcga_plus_single_cancer_seer,Single-cancer TCGA + exact-matched SEER,THCA,fold1,seer_n003k_00pct,0.010996403989005024,-0.04371339432965711,3338,169,5,3001.0
within_type_tcga_plus_single_cancer_seer,Single-cancer TCGA + exact-matched SEER,THCA,fold2,seer_n003k_00pct,0.010092372806258635,-0.020447209882224437,3338,169,6,3001.0
within_type_tcga_plus_single_cancer_seer,Single-cancer TCGA + exact-matched SEER,THCA,fold3,seer_n003k_00pct,0.007225547626242383,-0.03368757633783461,3339,168,5,3001.0
within_type_tcga_plus_single_cancer_seer,Single-cancer TCGA + exact-matched SEER,THYM,fold1,seer_n003k_00pct,0.024955703186328507,-0.038409524950316895,3062,62,5,3001.0
within_type_tcga_plus_single_cancer_seer,Single-cancer TCGA + exact-matched SEER,THYM,fold2,seer_n003k_00pct,0.027910434990967337,-0.060045022861027225,3063,61,4,3001.0
within_type_tcga_plus_single_cancer_seer,Single-cancer TCGA + exact-matched SEER,UCEC,fold1,seer_n003k_00pct,0.03246563521171614,-0.11353400432667271,3437,110,19,3001.0
within_type_tcga_plus_single_cancer_seer,Single-cancer TCGA + exact-matched SEER,UCEC,fold2,seer_n003k_00pct,0.0269296529316187,-0.05662053272451588,3438,109,18,3001.0
within_type_tcga_plus_single_cancer_seer,Single-cancer TCGA + exact-matched SEER,UCEC,fold3,seer_n003k_00pct,0.0690528811665851,-0.18601258137994015,3438,109,18,3001.0
within_type_tcga_plus_single_cancer_seer,Single-cancer TCGA + exact-matched SEER,UCEC,fold4,seer_n003k_00pct,0.02346296139667187,-0.15199782312003507,3438,109,18,3001.0
within_type_tcga_plus_single_cancer_seer,Single-cancer TCGA + exact-matched SEER,UCEC,fold5,seer_n003k_00pct,0.042844337755204326,-0.08202755133540723,3438,109,18,3001.0
within_type_tcga_plus_single_cancer_seer,Single-cancer TCGA + exact-matched SEER,UCS,fold1,seer_n003k_00pct,0.04144770954574557,-0.19045336574243893,3045,12,7,3001.0
within_type_tcga_plus_single_cancer_seer,Single-cancer TCGA + exact-matched SEER,UCS,fold2,seer_n003k_00pct,0.03189818510222065,-0.07057482409235544,3046,11,7,3001.0
within_type_tcga_plus_single_cancer_seer,Single-cancer TCGA + exact-matched SEER,UCS,fold3,seer_n003k_00pct,0.08759307070544314,-0.1593500915915332,3046,11,7,3001.0
within_type_tcga_plus_single_cancer_seer,Single-cancer TCGA + exact-matched SEER,UCS,fold4,seer_n003k_00pct,0.06410449506561172,-0.2246088914496564,3046,11,7,3001.0
within_type_tcga_plus_single_cancer_seer,Single-cancer TCGA + exact-matched SEER,UCS,fold5,seer_n003k_00pct,0.04912569871016725,-0.14661973670820627,3046,11,7,3001.0
within_type_tcga_plus_single_cancer_seer,Single-cancer TCGA + exact-matched SEER,UVM,fold1,seer_n003k_00pct,0.034652616843705755,-0.09476158452528334,3061,20,6,3001.0
within_type_tcga_plus_single_cancer_seer,Single-cancer TCGA + exact-matched SEER,UVM,fold2,seer_n003k_00pct,0.020290678391868724,-0.1160330101327199,3061,20,6,3001.0
within_type_tcga_plus_single_cancer_seer,Single-cancer TCGA + exact-matched SEER,UVM,fold3,seer_n003k_00pct,0.022890818729590107,-0.16715794193224343,3061,20,6,3001.0
within_type_tcga_plus_single_cancer_seer,Single-cancer TCGA + exact-matched SEER,UVM,fold4,seer_n003k_00pct,0.018623533710144396,-0.2053161465105612,3061,20,5,3001.0
within_type_tcga_plus_single_cancer_seer,Single-cancer TCGA + exact-matched SEER,ACC,fold1,seer_n010k_00pct,0.039581508554759275,-0.05001644599248831,10071,19,7,9999.0
within_type_tcga_plus_single_cancer_seer,Single-cancer TCGA + exact-matched SEER,ACC,fold2,seer_n010k_00pct,0.08982817082774566,-0.1326041119664333,10072,18,7,9999.0
within_type_tcga_plus_single_cancer_seer,Single-cancer TCGA + exact-matched SEER,ACC,fold3,seer_n010k_00pct,0.049211718604747406,-0.10709906100823227,10072,18,7,9999.0
within_type_tcga_plus_single_cancer_seer,Single-cancer TCGA + exact-matched SEER,ACC,fold4,seer_n010k_00pct,0.05514915821529904,-0.03460665208853913,10072,18,6,9999.0
within_type_tcga_plus_single_cancer_seer,Single-cancer TCGA + exact-matched SEER,ACC,fold5,seer_n010k_00pct,0.046642846924132314,-0.04622844913502257,10072,18,6,9999.0
within_type_tcga_plus_single_cancer_seer,Single-cancer TCGA + exact-matched SEER,BLCA,fold1,seer_n010k_00pct,0.04479957610072396,-0.15090196774838385,10327,82,36,9999.0
within_type_tcga_plus_single_cancer_seer,Single-cancer TCGA + exact-matched SEER,BLCA,fold2,seer_n010k_00pct,0.052076276990916326,-0.07996345969020613,10327,82,36,9999.0
within_type_tcga_plus_single_cancer_seer,Single-cancer TCGA + exact-matched SEER,BLCA,fold3,seer_n010k_00pct,0.047990088481369396,-0.10481843343904715,10327,82,36,9999.0
within_type_tcga_plus_single_cancer_seer,Single-cancer TCGA + exact-matched SEER,BLCA,fold4,seer_n010k_00pct,0.04874146558174071,-0.14190655224866605,10327,82,36,9999.0
within_type_tcga_plus_single_cancer_seer,Single-cancer TCGA + exact-matched SEER,BLCA,fold5,seer_n010k_00pct,0.05975973829034237,-0.2075310980361582,10327,82,36,9999.0
within_type_tcga_plus_single_cancer_seer,Single-cancer TCGA + exact-matched SEER,BRCA,fold1,seer_n010k_00pct,0.0439562719908273,-0.11342400371871367,10865,217,30,9999.0
within_type_tcga_plus_single_cancer_seer,Single-cancer TCGA + exact-matched SEER,BRCA,fold2,seer_n010k_00pct,0.048643902329585535,-0.06483325748926425,10865,217,30,9999.0
within_type_tcga_plus_single_cancer_seer,Single-cancer TCGA + exact-matched SEER,BRCA,fold3,seer_n010k_00pct,0.037824059791337246,-0.08087979601924764,10865,217,31,9999.0
within_type_tcga_plus_single_cancer_seer,Single-cancer TCGA + exact-matched SEER,BRCA,fold4,seer_n010k_00pct,0.044689882728632065,-0.20014485940625948,10866,216,30,9999.0
within_type_tcga_plus_single_cancer_seer,Single-cancer TCGA + exact-matched SEER,BRCA,fold5,seer_n010k_00pct,0.04375635742720248,-0.10694815877493875,10866,216,30,9999.0
within_type_tcga_plus_single_cancer_seer,Single-cancer TCGA + exact-matched SEER,CESC,fold1,seer_n010k_00pct,0.046335342413006166,-0.10439883438688105,10234,59,14,9999.0
within_type_tcga_plus_single_cancer_seer,Single-cancer TCGA + exact-matched SEER,CESC,fold2,seer_n010k_00pct,0.08146245292942847,-0.1031771499690387,10234,59,14,9999.0
within_type_tcga_plus_single_cancer_seer,Single-cancer TCGA + exact-matched SEER,CESC,fold3,seer_n010k_00pct,0.04611105059860306,-0.05898381458938941,10234,59,14,9999.0
within_type_tcga_plus_single_cancer_seer,Single-cancer TCGA + exact-matched SEER,CESC,fold4,seer_n010k_00pct,0.05577925756584016,-0.24868419831479308,10234,59,15,9999.0
within_type_tcga_plus_single_cancer_seer,Single-cancer TCGA + exact-matched SEER,CESC,fold5,seer_n010k_00pct,0.06762879024594322,-0.22908360628485142,10235,58,14,9999.0
within_type_tcga_plus_single_cancer_seer,Single-cancer TCGA + exact-matched SEER,CHOL,fold1,seer_n010k_00pct,0.04029139013085226,-0.18194117451417943,10032,12,6,9999.0
within_type_tcga_plus_single_cancer_seer,Single-cancer TCGA + exact-matched SEER,CHOL,fold2,seer_n010k_00pct,0.048755233685382475,-0.279546690777552,10033,11,6,9999.0
within_type_tcga_plus_single_cancer_seer,Single-cancer TCGA + exact-matched SEER,CHOL,fold3,seer_n010k_00pct,0.04562747386718618,-0.1853526904478365,10033,11,5,9999.0
within_type_tcga_plus_single_cancer_seer,Single-cancer TCGA + exact-matched SEER,CHOL,fold4,seer_n010k_00pct,0.05804175156842504,-0.35017647493522625,10033,11,5,9999.0
within_type_tcga_plus_single_cancer_seer,Single-cancer TCGA + exact-matched SEER,COAD,fold1,seer_n010k_00pct,0.03508190931680831,-0.17619307814268642,10352,89,20,9999.0
within_type_tcga_plus_single_cancer_seer,Single-cancer TCGA + exact-matched SEER,COAD,fold2,seer_n010k_00pct,0.032306067705577604,-0.1680493888589853,10352,89,20,9999.0
within_type_tcga_plus_single_cancer_seer,Single-cancer TCGA + exact-matched SEER,COAD,fold3,seer_n010k_00pct,0.040013382442311715,-0.15987827113491343,10353,88,19,9999.0
within_type_tcga_plus_single_cancer_seer,Single-cancer TCGA + exact-matched SEER,COAD,fold4,seer_n010k_00pct,0.03489195369370418,-0.23474892016881854,10353,88,19,9999.0
within_type_tcga_plus_single_cancer_seer,Single-cancer TCGA + exact-matched SEER,COAD,fold5,seer_n010k_00pct,0.02807821962628366,-0.08021206316383767,10353,88,20,9999.0
within_type_tcga_plus_single_cancer_seer,Single-cancer TCGA + exact-matched SEER,DLBC,fold1,seer_n010k_00pct,0.07474283215976688,-0.09529026914419059,10022,24,5,9999.0
within_type_tcga_plus_single_cancer_seer,Single-cancer TCGA + exact-matched SEER,DLBC,fold2,seer_n010k_00pct,0.08518370154891576,-0.12394383912834299,10023,23,4,9999.0
within_type_tcga_plus_single_cancer_seer,Single-cancer TCGA + exact-matched SEER,ESCA,fold1,seer_n010k_00pct,0.03218511992363809,-0.21384443369774958,10147,37,16,9999.0
within_type_tcga_plus_single_cancer_seer,Single-cancer TCGA + exact-matched SEER,ESCA,fold2,seer_n010k_00pct,0.022232834106848624,-0.10976463958165864,10147,37,16,9999.0
within_type_tcga_plus_single_cancer_seer,Single-cancer TCGA + exact-matched SEER,ESCA,fold3,seer_n010k_00pct,0.017515395726258022,-0.11717359518672163,10147,37,15,9999.0
within_type_tcga_plus_single_cancer_seer,Single-cancer TCGA + exact-matched SEER,ESCA,fold4,seer_n010k_00pct,0.02565079952983735,-0.13056820824797438,10147,37,15,9999.0
within_type_tcga_plus_single_cancer_seer,Single-cancer TCGA + exact-matched SEER,ESCA,fold5,seer_n010k_00pct,0.024598894548787623,-0.1644011370498531,10147,37,15,9999.0
within_type_tcga_plus_single_cancer_seer,Single-cancer TCGA + exact-matched SEER,GBM,fold1,seer_n010k_00pct,0.02602784192774427,-0.0322571348143338,10475,119,99,9999.0
within_type_tcga_plus_single_cancer_seer,Single-cancer TCGA + exact-matched SEER,GBM,fold2,seer_n010k_00pct,0.032187326524779465,-0.05031685871373185,10475,119,98,9999.0
within_type_tcga_plus_single_cancer_seer,Single-cancer TCGA + exact-matched SEER,GBM,fold3,seer_n010k_00pct,0.031009803124109142,-0.04543379550077262,10475,119,98,9999.0
within_type_tcga_plus_single_cancer_seer,Single-cancer TCGA + exact-matched SEER,GBM,fold4,seer_n010k_00pct,0.025171798290700216,-0.03972540780667174,10475,119,98,9999.0
within_type_tcga_plus_single_cancer_seer,Single-cancer TCGA + exact-matched SEER,GBM,fold5,seer_n010k_00pct,0.03509472128466121,-0.05375253160111683,10475,119,98,9999.0
within_type_tcga_plus_single_cancer_seer,Single-cancer TCGA + exact-matched SEER,HNSC,fold1,seer_n010k_00pct,0.05089184968661614,-0.16363941224325415,10420,106,45,9999.0
within_type_tcga_plus_single_cancer_seer,Single-cancer TCGA + exact-matched SEER,HNSC,fold2,seer_n010k_00pct,0.04475852740033964,-0.08659021419767432,10420,106,45,9999.0
within_type_tcga_plus_single_cancer_seer,Single-cancer TCGA + exact-matched SEER,HNSC,fold3,seer_n010k_00pct,0.05946237341680597,-0.09927071312919994,10421,105,44,9999.0
within_type_tcga_plus_single_cancer_seer,Single-cancer TCGA + exact-matched SEER,HNSC,fold4,seer_n010k_00pct,0.05430932421139514,-0.1343590399563504,10421,105,44,9999.0
within_type_tcga_plus_single_cancer_seer,Single-cancer TCGA + exact-matched SEER,HNSC,fold5,seer_n010k_00pct,0.05876867632401894,-0.13152164109417958,10421,105,45,9999.0
within_type_tcga_plus_single_cancer_seer,Single-cancer TCGA + exact-matched SEER,KICH,fold1,seer_n010k_00pct,0.03435313575269887,-0.038870313687760616,10055,56,6,9999.0
within_type_tcga_plus_single_cancer_seer,Single-cancer TCGA + exact-matched SEER,KICH,fold2,seer_n010k_00pct,0.041002822128141006,-0.07018520008420756,10055,56,6,9999.0
within_type_tcga_plus_single_cancer_seer,Single-cancer TCGA + exact-matched SEER,KIRC,fold1,seer_n010k_00pct,0.039578358950176994,-0.09792471113921497,10427,107,35,9999.0
within_type_tcga_plus_single_cancer_seer,Single-cancer TCGA + exact-matched SEER,KIRC,fold2,seer_n010k_00pct,0.043380187704456695,-0.07750549395539802,10427,107,35,9999.0
within_type_tcga_plus_single_cancer_seer,Single-cancer TCGA + exact-matched SEER,KIRC,fold3,seer_n010k_00pct,0.04604476467743116,-0.13061803549326875,10427,107,35,9999.0
within_type_tcga_plus_single_cancer_seer,Single-cancer TCGA + exact-matched SEER,KIRC,fold4,seer_n010k_00pct,0.04174737642030003,-0.051924902046902276,10427,107,36,9999.0
within_type_tcga_plus_single_cancer_seer,Single-cancer TCGA + exact-matched SEER,KIRC,fold5,seer_n010k_00pct,0.035283589635875925,-0.07813355878111952,10427,107,36,9999.0
within_type_tcga_plus_single_cancer_seer,Single-cancer TCGA + exact-matched SEER,KIRP,fold1,seer_n010k_00pct,0.04585711304101777,-0.16185379185591514,10229,58,9,9999.0
within_type_tcga_plus_single_cancer_seer,Single-cancer TCGA + exact-matched SEER,KIRP,fold2,seer_n010k_00pct,0.028286671402414348,-0.16674421195466085,10229,58,9,9999.0
within_type_tcga_plus_single_cancer_seer,Single-cancer TCGA + exact-matched SEER,KIRP,fold3,seer_n010k_00pct,0.02483212877964745,-0.09819313278163166,10229,58,9,9999.0
within_type_tcga_plus_single_cancer_seer,Single-cancer TCGA + exact-matched SEER,KIRP,fold4,seer_n010k_00pct,0.03331479367317311,-0.11788952414277828,10230,57,8,9999.0
within_type_tcga_plus_single_cancer_seer,Single-cancer TCGA + exact-matched SEER,KIRP,fold5,seer_n010k_00pct,0.022206596151414442,-0.11310679626664207,10230,57,9,9999.0
within_type_tcga_plus_single_cancer_seer,Single-cancer TCGA + exact-matched SEER,LAML,fold1,seer_n010k_00pct,0.03820283260564249,-0.20037119458599978,10137,35,22,9999.0
within_type_tcga_plus_single_cancer_seer,Single-cancer TCGA + exact-matched SEER,LAML,fold2,seer_n010k_00pct,0.040525100364994814,-0.14759916150800273,10137,35,22,9999.0
within_type_tcga_plus_single_cancer_seer,Single-cancer TCGA + exact-matched SEER,LAML,fold3,seer_n010k_00pct,0.035643794887671075,-0.1813065253053724,10137,35,22,9999.0
within_type_tcga_plus_single_cancer_seer,Single-cancer TCGA + exact-matched SEER,LAML,fold4,seer_n010k_00pct,0.028957462636003246,-0.11922803912735691,10138,34,21,9999.0
within_type_tcga_plus_single_cancer_seer,Single-cancer TCGA + exact-matched SEER,LAML,fold5,seer_n010k_00pct,0.03859832059538674,-0.21803074193309865,10138,34,21,9999.0
within_type_tcga_plus_single_cancer_seer,Single-cancer TCGA + exact-matched SEER,LGG,fold1,seer_n010k_00pct,0.03136286780568662,-0.13373553514480582,10407,103,25,9999.0
within_type_tcga_plus_single_cancer_seer,Single-cancer TCGA + exact-matched SEER,LGG,fold2,seer_n010k_00pct,0.036304361471869585,-0.13813429775917543,10408,102,25,9999.0
within_type_tcga_plus_single_cancer_seer,Single-cancer TCGA + exact-matched SEER,LGG,fold3,seer_n010k_00pct,0.049396611100935656,-0.2112941786515842,10408,102,25,9999.0
within_type_tcga_plus_single_cancer_seer,Single-cancer TCGA + exact-matched SEER,LGG,fold4,seer_n010k_00pct,0.032321674789549615,-0.1369281103672288,10408,102,25,9999.0
within_type_tcga_plus_single_cancer_seer,Single-cancer TCGA + exact-matched SEER,LGG,fold5,seer_n010k_00pct,0.0337272608308805,-0.06723286444803273,10408,102,25,9999.0
within_type_tcga_plus_single_cancer_seer,Single-cancer TCGA + exact-matched SEER,LIHC,fold1,seer_n010k_00pct,0.036888264611915786,-0.10450217414547126,10295,75,27,9999.0
within_type_tcga_plus_single_cancer_seer,Single-cancer TCGA + exact-matched SEER,LIHC,fold2,seer_n010k_00pct,0.04434793660989517,-0.18536873734562256,10296,74,27,9999.0
within_type_tcga_plus_single_cancer_seer,Single-cancer TCGA + exact-matched SEER,LIHC,fold3,seer_n010k_00pct,0.03382439129297833,-0.2199094326782124,10296,74,26,9999.0
within_type_tcga_plus_single_cancer_seer,Single-cancer TCGA + exact-matched SEER,LIHC,fold4,seer_n010k_00pct,0.04045656951565831,-0.1530262451172292,10296,74,26,9999.0
within_type_tcga_plus_single_cancer_seer,Single-cancer TCGA + exact-matched SEER,LIHC,fold5,seer_n010k_00pct,0.04176066438109108,-0.12427752953092105,10296,74,26,9999.0
within_type_tcga_plus_single_cancer_seer,Single-cancer TCGA + exact-matched SEER,LUAD,fold1,seer_n010k_00pct,0.0586039869706086,-0.12301053407605705,10406,102,36,9999.0
within_type_tcga_plus_single_cancer_seer,Single-cancer TCGA + exact-matched SEER,LUAD,fold2,seer_n010k_00pct,0.05411048852083,-0.09318336965890686,10406,102,37,9999.0
within_type_tcga_plus_single_cancer_seer,Single-cancer TCGA + exact-matched SEER,LUAD,fold3,seer_n010k_00pct,0.038692512275462415,-0.08942235188970446,10406,102,37,9999.0
within_type_tcga_plus_single_cancer_seer,Single-cancer TCGA + exact-matched SEER,LUAD,fold4,seer_n010k_00pct,0.060002202377602065,-0.24964782722007106,10406,102,37,9999.0
within_type_tcga_plus_single_cancer_seer,Single-cancer TCGA + exact-matched SEER,LUAD,fold5,seer_n010k_00pct,0.0409017134707445,-0.07808364354452954,10407,101,36,9999.0
within_type_tcga_plus_single_cancer_seer,Single-cancer TCGA + exact-matched SEER,LUSC,fold1,seer_n010k_00pct,0.05308459258588848,-0.08462022442889378,10396,100,43,9999.0
within_type_tcga_plus_single_cancer_seer,Single-cancer TCGA + exact-matched SEER,LUSC,fold2,seer_n010k_00pct,0.048911344450150544,-0.07411224260297575,10396,100,43,9999.0
within_type_tcga_plus_single_cancer_seer,Single-cancer TCGA + exact-matched SEER,LUSC,fold3,seer_n010k_00pct,0.056473658359750455,-0.06725604049016914,10397,99,43,9999.0
within_type_tcga_plus_single_cancer_seer,Single-cancer TCGA + exact-matched SEER,LUSC,fold4,seer_n010k_00pct,0.06926900249587152,-0.11129117992123962,10397,99,43,9999.0
within_type_tcga_plus_single_cancer_seer,Single-cancer TCGA + exact-matched SEER,LUSC,fold5,seer_n010k_00pct,0.07597699635761218,-0.28349132599786847,10397,99,43,9999.0
within_type_tcga_plus_single_cancer_seer,Single-cancer TCGA + exact-matched SEER,MESO,fold1,seer_n010k_00pct,0.02447577546724403,-0.05640427022147047,10067,17,15,9999.0
within_type_tcga_plus_single_cancer_seer,Single-cancer TCGA + exact-matched SEER,MESO,fold2,seer_n010k_00pct,0.05669815565332664,-0.20316334879436893,10067,17,15,9999.0
within_type_tcga_plus_single_cancer_seer,Single-cancer TCGA + exact-matched SEER,MESO,fold3,seer_n010k_00pct,0.04341834341126704,-0.07303898816860846,10067,17,15,9999.0
within_type_tcga_plus_single_cancer_seer,Single-cancer TCGA + exact-matched SEER,MESO,fold4,seer_n010k_00pct,0.03394211182231296,-0.08806179141556689,10067,17,14,9999.0
within_type_tcga_plus_single_cancer_seer,Single-cancer TCGA + exact-matched SEER,MESO,fold5,seer_n010k_00pct,0.0506029280819526,-0.10601096354231779,10067,17,14,9999.0
within_type_tcga_plus_single_cancer_seer,Single-cancer TCGA + exact-matched SEER,OV,fold1,seer_n010k_00pct,0.06463603554928987,-0.09041000776100916,10464,117,70,9999.0
within_type_tcga_plus_single_cancer_seer,Single-cancer TCGA + exact-matched SEER,OV,fold2,seer_n010k_00pct,0.05679933944175856,-0.07762558703006317,10464,117,70,9999.0
within_type_tcga_plus_single_cancer_seer,Single-cancer TCGA + exact-matched SEER,OV,fold3,seer_n010k_00pct,0.05217957054972339,-0.06286295014472576,10465,116,70,9999.0
within_type_tcga_plus_single_cancer_seer,Single-cancer TCGA + exact-matched SEER,OV,fold4,seer_n010k_00pct,0.05412052827641469,-0.07656294503460873,10465,116,69,9999.0
within_type_tcga_plus_single_cancer_seer,Single-cancer TCGA + exact-matched SEER,OV,fold5,seer_n010k_00pct,0.07586387090501634,-0.15117417463608523,10465,116,69,9999.0
within_type_tcga_plus_single_cancer_seer,Single-cancer TCGA + exact-matched SEER,PAAD,fold1,seer_n010k_00pct,0.023524911545255846,-0.12942423092401467,10146,37,20,9999.0
within_type_tcga_plus_single_cancer_seer,Single-cancer TCGA + exact-matched SEER,PAAD,fold2,seer_n010k_00pct,0.03613737160378869,-0.41234106218019106,10146,37,20,9999.0
within_type_tcga_plus_single_cancer_seer,Single-cancer TCGA + exact-matched SEER,PAAD,fold3,seer_n010k_00pct,0.01979550806343473,-0.07875439443378057,10146,37,20,9999.0
within_type_tcga_plus_single_cancer_seer,Single-cancer TCGA + exact-matched SEER,PAAD,fold4,seer_n010k_00pct,0.02730081464995466,-0.10899146783258096,10146,37,20,9999.0
within_type_tcga_plus_single_cancer_seer,Single-cancer TCGA + exact-matched SEER,PAAD,fold5,seer_n010k_00pct,0.02203533327651512,-0.1334245048527693,10147,36,20,9999.0
within_type_tcga_plus_single_cancer_seer,Single-cancer TCGA + exact-matched SEER,PCPG,fold1,seer_n010k_00pct,0.018234263770695345,-0.04062172465411014,10088,90,3,9999.0
within_type_tcga_plus_single_cancer_seer,Single-cancer TCGA + exact-matched SEER,PCPG,fold2,seer_n010k_00pct,0.027762605497538412,0.01779847420369831,10089,89,3,9999.0
within_type_tcga_plus_single_cancer_seer,Single-cancer TCGA + exact-matched SEER,PRAD,fold1,seer_n010k_00pct,0.009079259866785587,-0.03445459245852179,10249,250,5,9999.0
within_type_tcga_plus_single_cancer_seer,Single-cancer TCGA + exact-matched SEER,PRAD,fold2,seer_n010k_00pct,0.0063330286489634395,-0.021751549139607442,10249,250,5,9999.0
within_type_tcga_plus_single_cancer_seer,Single-cancer TCGA + exact-matched SEER,READ,fold1,seer_n010k_00pct,0.018232949387359615,-0.12023504093839071,10130,33,5,9999.0
within_type_tcga_plus_single_cancer_seer,Single-cancer TCGA + exact-matched SEER,READ,fold2,seer_n010k_00pct,0.024876870209722318,-0.16081119977182423,10130,33,5,9999.0
within_type_tcga_plus_single_cancer_seer,Single-cancer TCGA + exact-matched SEER,READ,fold3,seer_n010k_00pct,0.015147921901295833,-0.09752978100493696,10130,33,5,9999.0
within_type_tcga_plus_single_cancer_seer,Single-cancer TCGA + exact-matched SEER,READ,fold4,seer_n010k_00pct,0.018637714167065007,-0.10773257073449144,10130,33,6,9999.0
within_type_tcga_plus_single_cancer_seer,Single-cancer TCGA + exact-matched SEER,READ,fold5,seer_n010k_00pct,0.030574484598960065,-0.12622928855316937,10131,32,5,9999.0
within_type_tcga_plus_single_cancer_seer,Single-cancer TCGA + exact-matched SEER,SARC,fold1,seer_n010k_00pct,0.06286465270622321,-0.11874672665705968,10207,53,20,9999.0
within_type_tcga_plus_single_cancer_seer,Single-cancer TCGA + exact-matched SEER,SARC,fold2,seer_n010k_00pct,0.04892312396660303,-0.13162446858408286,10208,52,19,9999.0
within_type_tcga_plus_single_cancer_seer,Single-cancer TCGA + exact-matched SEER,SARC,fold3,seer_n010k_00pct,0.06579783804834302,-0.14099146671296714,10208,52,20,9999.0
within_type_tcga_plus_single_cancer_seer,Single-cancer TCGA + exact-matched SEER,SARC,fold4,seer_n010k_00pct,0.07437689880257861,-0.13611958171564903,10208,52,20,9999.0
within_type_tcga_plus_single_cancer_seer,Single-cancer TCGA + exact-matched SEER,SARC,fold5,seer_n010k_00pct,0.06803045641376161,-0.16222886502366884,10208,52,20,9999.0
within_type_tcga_plus_single_cancer_seer,Single-cancer TCGA + exact-matched SEER,SKCM,fold1,seer_n010k_00pct,0.13884244397666468,-0.057665427509009354,10362,91,43,9999.0
within_type_tcga_plus_single_cancer_seer,Single-cancer TCGA + exact-matched SEER,SKCM,fold2,seer_n010k_00pct,0.10590674488858322,-0.009411716804638828,10362,91,43,9999.0
within_type_tcga_plus_single_cancer_seer,Single-cancer TCGA + exact-matched SEER,SKCM,fold3,seer_n010k_00pct,0.1693963002327392,-0.009233403861870465,10362,91,43,9999.0
within_type_tcga_plus_single_cancer_seer,Single-cancer TCGA + exact-matched SEER,SKCM,fold4,seer_n010k_00pct,0.1920767728340154,-0.019157783810809154,10362,91,43,9999.0
within_type_tcga_plus_single_cancer_seer,Single-cancer TCGA + exact-matched SEER,SKCM,fold5,seer_n010k_00pct,0.06991023953721974,-0.01513302510899417,10363,90,42,9999.0
within_type_tcga_plus_single_cancer_seer,Single-cancer TCGA + exact-matched SEER,STAD,fold1,seer_n010k_00pct,0.02724796476004487,-0.14664508454336211,10332,84,34,9999.0
within_type_tcga_plus_single_cancer_seer,Single-cancer TCGA + exact-matched SEER,STAD,fold2,seer_n010k_00pct,0.03674360094531224,-0.18131620843154356,10332,84,34,9999.0
within_type_tcga_plus_single_cancer_seer,Single-cancer TCGA + exact-matched SEER,STAD,fold3,seer_n010k_00pct,0.02127856259694841,-0.16583555545648662,10333,83,33,9999.0
within_type_tcga_plus_single_cancer_seer,Single-cancer TCGA + exact-matched SEER,STAD,fold4,seer_n010k_00pct,0.02774510176276825,-0.1621664691469758,10333,83,33,9999.0
within_type_tcga_plus_single_cancer_seer,Single-cancer TCGA + exact-matched SEER,STAD,fold5,seer_n010k_00pct,0.02776301242412308,-0.17518388268247892,10333,83,34,9999.0
within_type_tcga_plus_single_cancer_seer,Single-cancer TCGA + exact-matched SEER,TGCT,fold1,seer_n010k_00pct,0.014991320385565046,0.0013517809564480947,10066,67,2,9999.0
within_type_tcga_plus_single_cancer_seer,Single-cancer TCGA + exact-matched SEER,TGCT,fold2,seer_n010k_00pct,0.02052281122731516,0.0068832717981982105,10066,67,2,9999.0
within_type_tcga_plus_single_cancer_seer,Single-cancer TCGA + exact-matched SEER,THCA,fold1,seer_n010k_00pct,0.010612473664498027,-0.044097324654164105,10336,169,5,9999.0
within_type_tcga_plus_single_cancer_seer,Single-cancer TCGA + exact-matched SEER,THCA,fold2,seer_n010k_00pct,0.010005658098531014,-0.020533924589952058,10336,169,6,9999.0
within_type_tcga_plus_single_cancer_seer,Single-cancer TCGA + exact-matched SEER,THCA,fold3,seer_n010k_00pct,0.007363043512326597,-0.0335500804517504,10337,168,5,9999.0
within_type_tcga_plus_single_cancer_seer,Single-cancer TCGA + exact-matched SEER,THYM,fold1,seer_n010k_00pct,0.02454826766218096,-0.03881696047446444,10060,62,5,9999.0
within_type_tcga_plus_single_cancer_seer,Single-cancer TCGA + exact-matched SEER,THYM,fold2,seer_n010k_00pct,0.03113866946362138,-0.056816788388373174,10061,61,4,9999.0
within_type_tcga_plus_single_cancer_seer,Single-cancer TCGA + exact-matched SEER,UCEC,fold1,seer_n010k_00pct,0.03069374512443255,-0.1153058944139563,10435,110,19,9999.0
within_type_tcga_plus_single_cancer_seer,Single-cancer TCGA + exact-matched SEER,UCEC,fold2,seer_n010k_00pct,0.02679245773778364,-0.05675772791835094,10436,109,18,9999.0
within_type_tcga_plus_single_cancer_seer,Single-cancer TCGA + exact-matched SEER,UCEC,fold3,seer_n010k_00pct,0.06755635289369119,-0.18750910965283404,10436,109,18,9999.0
within_type_tcga_plus_single_cancer_seer,Single-cancer TCGA + exact-matched SEER,UCEC,fold4,seer_n010k_00pct,0.024020036657377807,-0.15144074785932912,10436,109,18,9999.0
within_type_tcga_plus_single_cancer_seer,Single-cancer TCGA + exact-matched SEER,UCEC,fold5,seer_n010k_00pct,0.04011423129549212,-0.08475765779511944,10436,109,18,9999.0
within_type_tcga_plus_single_cancer_seer,Single-cancer TCGA + exact-matched SEER,UCS,fold1,seer_n010k_00pct,0.04044560545757889,-0.19145546983060563,10043,12,7,9999.0
within_type_tcga_plus_single_cancer_seer,Single-cancer TCGA + exact-matched SEER,UCS,fold2,seer_n010k_00pct,0.037058212892355585,-0.0654147963022205,10044,11,7,9999.0
within_type_tcga_plus_single_cancer_seer,Single-cancer TCGA + exact-matched SEER,UCS,fold3,seer_n010k_00pct,0.08581435722353037,-0.16112880507344599,10044,11,7,9999.0
within_type_tcga_plus_single_cancer_seer,Single-cancer TCGA + exact-matched SEER,UCS,fold4,seer_n010k_00pct,0.06435334049066217,-0.22436004602460596,10044,11,7,9999.0
within_type_tcga_plus_single_cancer_seer,Single-cancer TCGA + exact-matched SEER,UCS,fold5,seer_n010k_00pct,0.057035315731043826,-0.1387101196873297,10044,11,7,9999.0
within_type_tcga_plus_single_cancer_seer,Single-cancer TCGA + exact-matched SEER,UVM,fold1,seer_n010k_00pct,0.028332936423914268,-0.10108126494507483,10059,20,6,9999.0
within_type_tcga_plus_single_cancer_seer,Single-cancer TCGA + exact-matched SEER,UVM,fold2,seer_n010k_00pct,0.025967687469249504,-0.11035600105533912,10059,20,6,9999.0
within_type_tcga_plus_single_cancer_seer,Single-cancer TCGA + exact-matched SEER,UVM,fold3,seer_n010k_00pct,0.02248028069688501,-0.16756847996494853,10059,20,6,9999.0
within_type_tcga_plus_single_cancer_seer,Single-cancer TCGA + exact-matched SEER,UVM,fold4,seer_n010k_00pct,0.024064350432107088,-0.1998753297885985,10059,20,5,9999.0
within_type_tcga_plus_single_cancer_seer,Single-cancer TCGA + exact-matched SEER,ACC,fold1,seer_n035k_00pct,0.04280946814176587,-0.046788486405481715,35071,19,7,34999.0
within_type_tcga_plus_single_cancer_seer,Single-cancer TCGA + exact-matched SEER,ACC,fold2,seer_n035k_00pct,0.08602941632251139,-0.13640286647166755,35072,18,7,34999.0
within_type_tcga_plus_single_cancer_seer,Single-cancer TCGA + exact-matched SEER,ACC,fold3,seer_n035k_00pct,0.05261912488709299,-0.10369165472588668,35072,18,7,34999.0
within_type_tcga_plus_single_cancer_seer,Single-cancer TCGA + exact-matched SEER,ACC,fold4,seer_n035k_00pct,0.06558151457429967,-0.024174295729538497,35072,18,6,34999.0
within_type_tcga_plus_single_cancer_seer,Single-cancer TCGA + exact-matched SEER,ACC,fold5,seer_n035k_00pct,0.05402549077989933,-0.03884580527925555,35072,18,6,34999.0
within_type_tcga_plus_single_cancer_seer,Single-cancer TCGA + exact-matched SEER,BLCA,fold1,seer_n035k_00pct,0.04281359226013674,-0.15288795158897106,35327,82,36,34999.0
within_type_tcga_plus_single_cancer_seer,Single-cancer TCGA + exact-matched SEER,BLCA,fold2,seer_n035k_00pct,0.05165378003448784,-0.08038595664663462,35327,82,36,34999.0
within_type_tcga_plus_single_cancer_seer,Single-cancer TCGA + exact-matched SEER,BLCA,fold3,seer_n035k_00pct,0.049176968446285205,-0.10363155347413135,35327,82,36,34999.0
within_type_tcga_plus_single_cancer_seer,Single-cancer TCGA + exact-matched SEER,BLCA,fold4,seer_n035k_00pct,0.04865844207516358,-0.14198957575524318,35327,82,36,34999.0
within_type_tcga_plus_single_cancer_seer,Single-cancer TCGA + exact-matched SEER,BLCA,fold5,seer_n035k_00pct,0.06227628927407671,-0.20501454705242386,35327,82,36,34999.0
within_type_tcga_plus_single_cancer_seer,Single-cancer TCGA + exact-matched SEER,BRCA,fold1,seer_n035k_00pct,0.04599410492035449,-0.11138617078918647,35865,217,30,34999.0
within_type_tcga_plus_single_cancer_seer,Single-cancer TCGA + exact-matched SEER,BRCA,fold2,seer_n035k_00pct,0.04610893825577074,-0.06736822156307903,35865,217,30,34999.0
within_type_tcga_plus_single_cancer_seer,Single-cancer TCGA + exact-matched SEER,BRCA,fold3,seer_n035k_00pct,0.039444041490265785,-0.0792598143203191,35865,217,31,34999.0
within_type_tcga_plus_single_cancer_seer,Single-cancer TCGA + exact-matched SEER,BRCA,fold4,seer_n035k_00pct,0.044690740255802046,-0.20014400187908948,35866,216,30,34999.0
within_type_tcga_plus_single_cancer_seer,Single-cancer TCGA + exact-matched SEER,BRCA,fold5,seer_n035k_00pct,0.04169830898080387,-0.10900620722133736,35866,216,30,34999.0
within_type_tcga_plus_single_cancer_seer,Single-cancer TCGA + exact-matched SEER,CESC,fold1,seer_n035k_00pct,0.05364133544784029,-0.09709284135204692,35234,59,14,34999.0
within_type_tcga_plus_single_cancer_seer,Single-cancer TCGA + exact-matched SEER,CESC,fold2,seer_n035k_00pct,0.08797375020050416,-0.09666585269796302,35234,59,14,34999.0
within_type_tcga_plus_single_cancer_seer,Single-cancer TCGA + exact-matched SEER,CESC,fold3,seer_n035k_00pct,0.05357620395728003,-0.051518661230712436,35234,59,14,34999.0
within_type_tcga_plus_single_cancer_seer,Single-cancer TCGA + exact-matched SEER,CESC,fold4,seer_n035k_00pct,0.06199283978793823,-0.242470616092695,35234,59,15,34999.0
within_type_tcga_plus_single_cancer_seer,Single-cancer TCGA + exact-matched SEER,CESC,fold5,seer_n035k_00pct,0.06507923826844907,-0.23163315826234554,35235,58,14,34999.0
within_type_tcga_plus_single_cancer_seer,Single-cancer TCGA + exact-matched SEER,CHOL,fold1,seer_n035k_00pct,0.04516768310362883,-0.17706488154140287,35032,12,6,34999.0
within_type_tcga_plus_single_cancer_seer,Single-cancer TCGA + exact-matched SEER,CHOL,fold2,seer_n035k_00pct,0.04385059562753724,-0.28445132883539725,35033,11,6,34999.0
within_type_tcga_plus_single_cancer_seer,Single-cancer TCGA + exact-matched SEER,CHOL,fold3,seer_n035k_00pct,0.04174378450744105,-0.18923637980758165,35033,11,5,34999.0
within_type_tcga_plus_single_cancer_seer,Single-cancer TCGA + exact-matched SEER,CHOL,fold4,seer_n035k_00pct,0.061576166878781535,-0.34664205962486977,35033,11,5,34999.0
within_type_tcga_plus_single_cancer_seer,Single-cancer TCGA + exact-matched SEER,COAD,fold1,seer_n035k_00pct,0.03584145531652594,-0.17543353214296878,35352,89,20,34999.0
within_type_tcga_plus_single_cancer_seer,Single-cancer TCGA + exact-matched SEER,COAD,fold2,seer_n035k_00pct,0.033584949292862015,-0.16677050727170087,35352,89,20,34999.0
within_type_tcga_plus_single_cancer_seer,Single-cancer TCGA + exact-matched SEER,COAD,fold3,seer_n035k_00pct,0.03532562789066327,-0.1645660256865619,35353,88,19,34999.0
within_type_tcga_plus_single_cancer_seer,Single-cancer TCGA + exact-matched SEER,COAD,fold4,seer_n035k_00pct,0.03203766100857294,-0.23760321285394978,35353,88,19,34999.0
within_type_tcga_plus_single_cancer_seer,Single-cancer TCGA + exact-matched SEER,COAD,fold5,seer_n035k_00pct,0.024940686782530135,-0.08334959600759118,35353,88,20,34999.0
within_type_tcga_plus_single_cancer_seer,Single-cancer TCGA + exact-matched SEER,DLBC,fold1,seer_n035k_00pct,0.0743082763773028,-0.09572482492665466,35022,24,5,34999.0
within_type_tcga_plus_single_cancer_seer,Single-cancer TCGA + exact-matched SEER,DLBC,fold2,seer_n035k_00pct,0.0928996605918014,-0.11622788008545736,35023,23,4,34999.0
within_type_tcga_plus_single_cancer_seer,Single-cancer TCGA + exact-matched SEER,ESCA,fold1,seer_n035k_00pct,0.02806858226003303,-0.21796097136135464,35147,37,16,34999.0
within_type_tcga_plus_single_cancer_seer,Single-cancer TCGA + exact-matched SEER,ESCA,fold2,seer_n035k_00pct,0.023893845017190142,-0.10810362867131712,35147,37,16,34999.0
within_type_tcga_plus_single_cancer_seer,Single-cancer TCGA + exact-matched SEER,ESCA,fold3,seer_n035k_00pct,0.021630920294550916,-0.11305807061842874,35147,37,15,34999.0
within_type_tcga_plus_single_cancer_seer,Single-cancer TCGA + exact-matched SEER,ESCA,fold4,seer_n035k_00pct,0.02700826838375913,-0.1292107393940526,35147,37,15,34999.0
within_type_tcga_plus_single_cancer_seer,Single-cancer TCGA + exact-matched SEER,ESCA,fold5,seer_n035k_00pct,0.027593697244777945,-0.16140633435386278,35147,37,15,34999.0
within_type_tcga_plus_single_cancer_seer,Single-cancer TCGA + exact-matched SEER,GBM,fold1,seer_n035k_00pct,0.02510647709284924,-0.033178499649228824,35475,119,99,34999.0
within_type_tcga_plus_single_cancer_seer,Single-cancer TCGA + exact-matched SEER,GBM,fold2,seer_n035k_00pct,0.03258522487348603,-0.049918960365025286,35475,119,98,34999.0
within_type_tcga_plus_single_cancer_seer,Single-cancer TCGA + exact-matched SEER,GBM,fold3,seer_n035k_00pct,0.03100136974102347,-0.04544222888385829,35475,119,98,34999.0
within_type_tcga_plus_single_cancer_seer,Single-cancer TCGA + exact-matched SEER,GBM,fold4,seer_n035k_00pct,0.025124553111323007,-0.03977265298604895,35475,119,98,34999.0
within_type_tcga_plus_single_cancer_seer,Single-cancer TCGA + exact-matched SEER,GBM,fold5,seer_n035k_00pct,0.03530528587756801,-0.053541967008210026,35475,119,98,34999.0
within_type_tcga_plus_single_cancer_seer,Single-cancer TCGA + exact-matched SEER,HNSC,fold1,seer_n035k_00pct,0.050075847392077905,-0.1644554145377924,35420,106,45,34999.0
within_type_tcga_plus_single_cancer_seer,Single-cancer TCGA + exact-matched SEER,HNSC,fold2,seer_n035k_00pct,0.04678517637300206,-0.0845635652250119,35420,106,45,34999.0
within_type_tcga_plus_single_cancer_seer,Single-cancer TCGA + exact-matched SEER,HNSC,fold3,seer_n035k_00pct,0.05707508688898746,-0.10165799965701844,35421,105,44,34999.0
within_type_tcga_plus_single_cancer_seer,Single-cancer TCGA + exact-matched SEER,HNSC,fold4,seer_n035k_00pct,0.05380075361639409,-0.13486761055135146,35421,105,44,34999.0
within_type_tcga_plus_single_cancer_seer,Single-cancer TCGA + exact-matched SEER,HNSC,fold5,seer_n035k_00pct,0.060435966350059975,-0.12985435106813853,35421,105,45,34999.0
within_type_tcga_plus_single_cancer_seer,Single-cancer TCGA + exact-matched SEER,KICH,fold1,seer_n035k_00pct,0.033385454308937065,-0.03983799513152242,35055,56,6,34999.0
within_type_tcga_plus_single_cancer_seer,Single-cancer TCGA + exact-matched SEER,KICH,fold2,seer_n035k_00pct,0.036783963118455096,-0.07440405909389347,35055,56,6,34999.0
within_type_tcga_plus_single_cancer_seer,Single-cancer TCGA + exact-matched SEER,KIRC,fold1,seer_n035k_00pct,0.04663340664448191,-0.09086966344491007,35427,107,35,34999.0
within_type_tcga_plus_single_cancer_seer,Single-cancer TCGA + exact-matched SEER,KIRC,fold2,seer_n035k_00pct,0.05125288658797145,-0.06963279507188326,35427,107,35,34999.0
within_type_tcga_plus_single_cancer_seer,Single-cancer TCGA + exact-matched SEER,KIRC,fold3,seer_n035k_00pct,0.04619973489159071,-0.1304630652791092,35427,107,35,34999.0
within_type_tcga_plus_single_cancer_seer,Single-cancer TCGA + exact-matched SEER,KIRC,fold4,seer_n035k_00pct,0.046985066033767744,-0.04668721243343456,35427,107,36,34999.0
within_type_tcga_plus_single_cancer_seer,Single-cancer TCGA + exact-matched SEER,KIRC,fold5,seer_n035k_00pct,0.03808952290800698,-0.07532762550898847,35427,107,36,34999.0
within_type_tcga_plus_single_cancer_seer,Single-cancer TCGA + exact-matched SEER,KIRP,fold1,seer_n035k_00pct,0.04343418421261605,-0.16427672068431687,35229,58,9,34999.0
within_type_tcga_plus_single_cancer_seer,Single-cancer TCGA + exact-matched SEER,KIRP,fold2,seer_n035k_00pct,0.02977795251081591,-0.16525293084625928,35229,58,9,34999.0
within_type_tcga_plus_single_cancer_seer,Single-cancer TCGA + exact-matched SEER,KIRP,fold3,seer_n035k_00pct,0.028569763179116296,-0.09445549838216283,35229,58,9,34999.0
within_type_tcga_plus_single_cancer_seer,Single-cancer TCGA + exact-matched SEER,KIRP,fold4,seer_n035k_00pct,0.029434600736143395,-0.121769717079808,35230,57,8,34999.0
within_type_tcga_plus_single_cancer_seer,Single-cancer TCGA + exact-matched SEER,KIRP,fold5,seer_n035k_00pct,0.02612348826380043,-0.10918990415425608,35230,57,9,34999.0
within_type_tcga_plus_single_cancer_seer,Single-cancer TCGA + exact-matched SEER,LAML,fold1,seer_n035k_00pct,0.040024816536287894,-0.19854921065535436,35137,35,22,34999.0
within_type_tcga_plus_single_cancer_seer,Single-cancer TCGA + exact-matched SEER,LAML,fold2,seer_n035k_00pct,0.04175964608373087,-0.14636461578926668,35137,35,22,34999.0
within_type_tcga_plus_single_cancer_seer,Single-cancer TCGA + exact-matched SEER,LAML,fold3,seer_n035k_00pct,0.0415754404811773,-0.17537487971186616,35137,35,22,34999.0
within_type_tcga_plus_single_cancer_seer,Single-cancer TCGA + exact-matched SEER,LAML,fold4,seer_n035k_00pct,0.03289993477648191,-0.11528556698687824,35138,34,21,34999.0
within_type_tcga_plus_single_cancer_seer,Single-cancer TCGA + exact-matched SEER,LAML,fold5,seer_n035k_00pct,0.040896146466603424,-0.21573291606188197,35138,34,21,34999.0
within_type_tcga_plus_single_cancer_seer,Single-cancer TCGA + exact-matched SEER,LGG,fold1,seer_n035k_00pct,0.034858030875667745,-0.1302403720748247,35407,103,25,34999.0
within_type_tcga_plus_single_cancer_seer,Single-cancer TCGA + exact-matched SEER,LGG,fold2,seer_n035k_00pct,0.033678899464666526,-0.1407597597663785,35408,102,25,34999.0
within_type_tcga_plus_single_cancer_seer,Single-cancer TCGA + exact-matched SEER,LGG,fold3,seer_n035k_00pct,0.04515215333146267,-0.2155386364210572,35408,102,25,34999.0
within_type_tcga_plus_single_cancer_seer,Single-cancer TCGA + exact-matched SEER,LGG,fold4,seer_n035k_00pct,0.031740668688691506,-0.1375091164680869,35408,102,25,34999.0
within_type_tcga_plus_single_cancer_seer,Single-cancer TCGA + exact-matched SEER,LGG,fold5,seer_n035k_00pct,0.031643710807148666,-0.06931641447176456,35408,102,25,34999.0
within_type_tcga_plus_single_cancer_seer,Single-cancer TCGA + exact-matched SEER,LIHC,fold1,seer_n035k_00pct,0.0342687735269213,-0.10712166523046575,35295,75,27,34999.0
within_type_tcga_plus_single_cancer_seer,Single-cancer TCGA + exact-matched SEER,LIHC,fold2,seer_n035k_00pct,0.04710533770652854,-0.18261133624898918,35296,74,27,34999.0
within_type_tcga_plus_single_cancer_seer,Single-cancer TCGA + exact-matched SEER,LIHC,fold3,seer_n035k_00pct,0.035545080236106266,-0.21818874373508446,35296,74,26,34999.0
within_type_tcga_plus_single_cancer_seer,Single-cancer TCGA + exact-matched SEER,LIHC,fold4,seer_n035k_00pct,0.03916730176008029,-0.15431551287280723,35296,74,26,34999.0
within_type_tcga_plus_single_cancer_seer,Single-cancer TCGA + exact-matched SEER,LIHC,fold5,seer_n035k_00pct,0.041701893282797005,-0.12433630062921514,35296,74,26,34999.0
within_type_tcga_plus_single_cancer_seer,Single-cancer TCGA + exact-matched SEER,LUAD,fold1,seer_n035k_00pct,0.051813187863423815,-0.12980133318324183,35406,102,36,34999.0
within_type_tcga_plus_single_cancer_seer,Single-cancer TCGA + exact-matched SEER,LUAD,fold2,seer_n035k_00pct,0.05317547799615571,-0.09411838018358115,35406,102,37,34999.0
within_type_tcga_plus_single_cancer_seer,Single-cancer TCGA + exact-matched SEER,LUAD,fold3,seer_n035k_00pct,0.04115998475363307,-0.0869548794115338,35406,102,37,34999.0
within_type_tcga_plus_single_cancer_seer,Single-cancer TCGA + exact-matched SEER,LUAD,fold4,seer_n035k_00pct,0.05884044461461623,-0.2508095849830569,35406,102,37,34999.0
within_type_tcga_plus_single_cancer_seer,Single-cancer TCGA + exact-matched SEER,LUAD,fold5,seer_n035k_00pct,0.04189835944280032,-0.07708699757247371,35407,101,36,34999.0
within_type_tcga_plus_single_cancer_seer,Single-cancer TCGA + exact-matched SEER,LUSC,fold1,seer_n035k_00pct,0.05393464597829545,-0.08377017103648682,35396,100,43,34999.0
within_type_tcga_plus_single_cancer_seer,Single-cancer TCGA + exact-matched SEER,LUSC,fold2,seer_n035k_00pct,0.0492551475114368,-0.07376843954168949,35396,100,43,34999.0
within_type_tcga_plus_single_cancer_seer,Single-cancer TCGA + exact-matched SEER,LUSC,fold3,seer_n035k_00pct,0.057189513147038705,-0.0665401857028809,35397,99,43,34999.0
within_type_tcga_plus_single_cancer_seer,Single-cancer TCGA + exact-matched SEER,LUSC,fold4,seer_n035k_00pct,0.0665993012610299,-0.11396088115608123,35397,99,43,34999.0
within_type_tcga_plus_single_cancer_seer,Single-cancer TCGA + exact-matched SEER,LUSC,fold5,seer_n035k_00pct,0.07630937331554954,-0.2831589490399311,35397,99,43,34999.0
within_type_tcga_plus_single_cancer_seer,Single-cancer TCGA + exact-matched SEER,MESO,fold1,seer_n035k_00pct,0.03736654442675957,-0.04351350126195493,35067,17,15,34999.0
within_type_tcga_plus_single_cancer_seer,Single-cancer TCGA + exact-matched SEER,MESO,fold2,seer_n035k_00pct,0.06950114764257226,-0.1903603568051233,35067,17,15,34999.0
within_type_tcga_plus_single_cancer_seer,Single-cancer TCGA + exact-matched SEER,MESO,fold3,seer_n035k_00pct,0.04844820552730026,-0.06800912605257523,35067,17,15,34999.0
within_type_tcga_plus_single_cancer_seer,Single-cancer TCGA + exact-matched SEER,MESO,fold4,seer_n035k_00pct,0.04335478283268179,-0.07864912040519804,35067,17,14,34999.0
within_type_tcga_plus_single_cancer_seer,Single-cancer TCGA + exact-matched SEER,MESO,fold5,seer_n035k_00pct,0.055125458067887746,-0.10148843355638265,35067,17,14,34999.0
within_type_tcga_plus_single_cancer_seer,Single-cancer TCGA + exact-matched SEER,OV,fold1,seer_n035k_00pct,0.06513008633539448,-0.08991595697490455,35464,117,70,34999.0
within_type_tcga_plus_single_cancer_seer,Single-cancer TCGA + exact-matched SEER,OV,fold2,seer_n035k_00pct,0.054760621750380135,-0.07966430472144159,35464,117,70,34999.0
within_type_tcga_plus_single_cancer_seer,Single-cancer TCGA + exact-matched SEER,OV,fold3,seer_n035k_00pct,0.05450223972167891,-0.06054028097277025,35465,116,70,34999.0
within_type_tcga_plus_single_cancer_seer,Single-cancer TCGA + exact-matched SEER,OV,fold4,seer_n035k_00pct,0.05559608613708308,-0.07508738717394034,35465,116,69,34999.0
within_type_tcga_plus_single_cancer_seer,Single-cancer TCGA + exact-matched SEER,OV,fold5,seer_n035k_00pct,0.0770273858107981,-0.15001065973030348,35465,116,69,34999.0
within_type_tcga_plus_single_cancer_seer,Single-cancer TCGA + exact-matched SEER,PAAD,fold1,seer_n035k_00pct,0.024702717388330818,-0.1282464250809397,35146,37,20,34999.0
within_type_tcga_plus_single_cancer_seer,Single-cancer TCGA + exact-matched SEER,PAAD,fold2,seer_n035k_00pct,0.039118940325009975,-0.4093594934589698,35146,37,20,34999.0
within_type_tcga_plus_single_cancer_seer,Single-cancer TCGA + exact-matched SEER,PAAD,fold3,seer_n035k_00pct,0.02216608490498591,-0.0763838175922294,35146,37,20,34999.0
within_type_tcga_plus_single_cancer_seer,Single-cancer TCGA + exact-matched SEER,PAAD,fold4,seer_n035k_00pct,0.02619802057449109,-0.11009426190804453,35146,37,20,34999.0
within_type_tcga_plus_single_cancer_seer,Single-cancer TCGA + exact-matched SEER,PAAD,fold5,seer_n035k_00pct,0.02424462142332196,-0.13121521670596248,35147,36,20,34999.0
within_type_tcga_plus_single_cancer_seer,Single-cancer TCGA + exact-matched SEER,PCPG,fold1,seer_n035k_00pct,0.022750038878504967,-0.03610594954630052,35088,90,3,34999.0
within_type_tcga_plus_single_cancer_seer,Single-cancer TCGA + exact-matched SEER,PCPG,fold2,seer_n035k_00pct,0.027153489168698156,0.017189357874858053,35089,89,3,34999.0
within_type_tcga_plus_single_cancer_seer,Single-cancer TCGA + exact-matched SEER,PRAD,fold1,seer_n035k_00pct,0.009744008064828174,-0.0337898442604792,35249,250,5,34999.0
within_type_tcga_plus_single_cancer_seer,Single-cancer TCGA + exact-matched SEER,PRAD,fold2,seer_n035k_00pct,0.005962807243208272,-0.022121770545362608,35249,250,5,34999.0
within_type_tcga_plus_single_cancer_seer,Single-cancer TCGA + exact-matched SEER,READ,fold1,seer_n035k_00pct,0.016122489374900042,-0.12234550095085028,35130,33,5,34999.0
within_type_tcga_plus_single_cancer_seer,Single-cancer TCGA + exact-matched SEER,READ,fold2,seer_n035k_00pct,0.02249640865106356,-0.163191661330483,35130,33,5,34999.0
within_type_tcga_plus_single_cancer_seer,Single-cancer TCGA + exact-matched SEER,READ,fold3,seer_n035k_00pct,0.016774064185786086,-0.09590363872044672,35130,33,5,34999.0
within_type_tcga_plus_single_cancer_seer,Single-cancer TCGA + exact-matched SEER,READ,fold4,seer_n035k_00pct,0.01946887984963933,-0.10690140505191711,35130,33,6,34999.0
within_type_tcga_plus_single_cancer_seer,Single-cancer TCGA + exact-matched SEER,READ,fold5,seer_n035k_00pct,0.031073677925243882,-0.12573009522688555,35131,32,5,34999.0
within_type_tcga_plus_single_cancer_seer,Single-cancer TCGA + exact-matched SEER,SARC,fold1,seer_n035k_00pct,0.0645141696892262,-0.1170972096740567,35207,53,20,34999.0
within_type_tcga_plus_single_cancer_seer,Single-cancer TCGA + exact-matched SEER,SARC,fold2,seer_n035k_00pct,0.05046532771810257,-0.13008226483258334,35208,52,19,34999.0
within_type_tcga_plus_single_cancer_seer,Single-cancer TCGA + exact-matched SEER,SARC,fold3,seer_n035k_00pct,0.06595458670104877,-0.14083471806026138,35208,52,20,34999.0
within_type_tcga_plus_single_cancer_seer,Single-cancer TCGA + exact-matched SEER,SARC,fold4,seer_n035k_00pct,0.07194472099865866,-0.138551759519569,35208,52,20,34999.0
within_type_tcga_plus_single_cancer_seer,Single-cancer TCGA + exact-matched SEER,SARC,fold5,seer_n035k_00pct,0.077725473082571,-0.15253384835485947,35208,52,20,34999.0
within_type_tcga_plus_single_cancer_seer,Single-cancer TCGA + exact-matched SEER,SKCM,fold1,seer_n035k_00pct,0.1330895259847448,-0.06341834550092923,35362,91,43,34999.0
within_type_tcga_plus_single_cancer_seer,Single-cancer TCGA + exact-matched SEER,SKCM,fold2,seer_n035k_00pct,0.1032917409189782,-0.01202672077424384,35362,91,43,34999.0
within_type_tcga_plus_single_cancer_seer,Single-cancer TCGA + exact-matched SEER,SKCM,fold3,seer_n035k_00pct,0.18250061575708496,0.0038709116624753015,35362,91,43,34999.0
within_type_tcga_plus_single_cancer_seer,Single-cancer TCGA + exact-matched SEER,SKCM,fold4,seer_n035k_00pct,0.2015028197168835,-0.009731736927941048,35362,91,43,34999.0
within_type_tcga_plus_single_cancer_seer,Single-cancer TCGA + exact-matched SEER,SKCM,fold5,seer_n035k_00pct,0.07519184990221663,-0.009851414743997283,35363,90,42,34999.0
within_type_tcga_plus_single_cancer_seer,Single-cancer TCGA + exact-matched SEER,STAD,fold1,seer_n035k_00pct,0.030984464798324705,-0.1429085845050823,35332,84,34,34999.0
within_type_tcga_plus_single_cancer_seer,Single-cancer TCGA + exact-matched SEER,STAD,fold2,seer_n035k_00pct,0.034051512654612134,-0.18400829672224367,35332,84,34,34999.0
within_type_tcga_plus_single_cancer_seer,Single-cancer TCGA + exact-matched SEER,STAD,fold3,seer_n035k_00pct,0.02437739156838844,-0.16273672648504658,35333,83,33,34999.0
within_type_tcga_plus_single_cancer_seer,Single-cancer TCGA + exact-matched SEER,STAD,fold4,seer_n035k_00pct,0.03369126549054257,-0.15622030541920148,35333,83,33,34999.0
within_type_tcga_plus_single_cancer_seer,Single-cancer TCGA + exact-matched SEER,STAD,fold5,seer_n035k_00pct,0.030870955215842207,-0.17207593989075978,35333,83,34,34999.0
within_type_tcga_plus_single_cancer_seer,Single-cancer TCGA + exact-matched SEER,TGCT,fold1,seer_n035k_00pct,0.014712101370040458,0.0010725619409235072,35066,67,2,34999.0
within_type_tcga_plus_single_cancer_seer,Single-cancer TCGA + exact-matched SEER,TGCT,fold2,seer_n035k_00pct,0.021866399739473772,0.008226860310356821,35066,67,2,34999.0
within_type_tcga_plus_single_cancer_seer,Single-cancer TCGA + exact-matched SEER,THCA,fold1,seer_n035k_00pct,0.010747614715298906,-0.04396218360336323,35336,169,5,34999.0
within_type_tcga_plus_single_cancer_seer,Single-cancer TCGA + exact-matched SEER,THCA,fold2,seer_n035k_00pct,0.009258868833668353,-0.02128071385481472,35336,169,6,34999.0
within_type_tcga_plus_single_cancer_seer,Single-cancer TCGA + exact-matched SEER,THCA,fold3,seer_n035k_00pct,0.006549927962372934,-0.03436319600170406,35337,168,5,34999.0
within_type_tcga_plus_single_cancer_seer,Single-cancer TCGA + exact-matched SEER,THYM,fold1,seer_n035k_00pct,0.022422087429138798,-0.0409431407075066,35060,62,5,34999.0
within_type_tcga_plus_single_cancer_seer,Single-cancer TCGA + exact-matched SEER,THYM,fold2,seer_n035k_00pct,0.031139011520888063,-0.056816446331106496,35061,61,4,34999.0
within_type_tcga_plus_single_cancer_seer,Single-cancer TCGA + exact-matched SEER,UCEC,fold1,seer_n035k_00pct,0.029335088000982466,-0.11666455153740637,35435,110,19,34999.0
within_type_tcga_plus_single_cancer_seer,Single-cancer TCGA + exact-matched SEER,UCEC,fold2,seer_n035k_00pct,0.027056897975595094,-0.05649328768053948,35436,109,18,34999.0
within_type_tcga_plus_single_cancer_seer,Single-cancer TCGA + exact-matched SEER,UCEC,fold3,seer_n035k_00pct,0.068650397631164,-0.18641506491536125,35436,109,18,34999.0
within_type_tcga_plus_single_cancer_seer,Single-cancer TCGA + exact-matched SEER,UCEC,fold4,seer_n035k_00pct,0.027389295777701765,-0.14807148873900516,35436,109,18,34999.0
within_type_tcga_plus_single_cancer_seer,Single-cancer TCGA + exact-matched SEER,UCEC,fold5,seer_n035k_00pct,0.03748281216839981,-0.08738907692221175,35436,109,18,34999.0
within_type_tcga_plus_single_cancer_seer,Single-cancer TCGA + exact-matched SEER,UCS,fold1,seer_n035k_00pct,0.0409507764788519,-0.19095029880933262,35043,12,7,34999.0
within_type_tcga_plus_single_cancer_seer,Single-cancer TCGA + exact-matched SEER,UCS,fold2,seer_n035k_00pct,0.048884179608148746,-0.053588829586427335,35044,11,7,34999.0
within_type_tcga_plus_single_cancer_seer,Single-cancer TCGA + exact-matched SEER,UCS,fold3,seer_n035k_00pct,0.11079266503533074,-0.13615049726164563,35044,11,7,34999.0
within_type_tcga_plus_single_cancer_seer,Single-cancer TCGA + exact-matched SEER,UCS,fold4,seer_n035k_00pct,0.06708320102086898,-0.22163018549439914,35044,11,7,34999.0
within_type_tcga_plus_single_cancer_seer,Single-cancer TCGA + exact-matched SEER,UCS,fold5,seer_n035k_00pct,0.05764785170798907,-0.13809758371038444,35044,11,7,34999.0
within_type_tcga_plus_single_cancer_seer,Single-cancer TCGA + exact-matched SEER,UVM,fold1,seer_n035k_00pct,0.030941237958272656,-0.09847296341071644,35059,20,6,34999.0
within_type_tcga_plus_single_cancer_seer,Single-cancer TCGA + exact-matched SEER,UVM,fold2,seer_n035k_00pct,0.034566813102358304,-0.10175687542223032,35059,20,6,34999.0
within_type_tcga_plus_single_cancer_seer,Single-cancer TCGA + exact-matched SEER,UVM,fold3,seer_n035k_00pct,0.03072135471453198,-0.15932740594730155,35059,20,6,34999.0
within_type_tcga_plus_single_cancer_seer,Single-cancer TCGA + exact-matched SEER,UVM,fold4,seer_n035k_00pct,0.029759678294585142,-0.19418000192612045,35059,20,5,34999.0
seer_same_family_train_tcga_test,Family-restricted SEER only,ACC,fold1,seer_01pct,0.16301458011484884,0.07341662556760126,50,19,7,50.0
seer_same_family_train_tcga_test,Family-restricted SEER only,ACC,fold2,seer_01pct,0.17809132356208587,-0.04434095923209308,50,18,7,50.0
seer_same_family_train_tcga_test,Family-restricted SEER only,ACC,fold3,seer_01pct,0.13921300390697838,-0.017097775706001295,50,18,7,50.0
seer_same_family_train_tcga_test,Family-restricted SEER only,ACC,fold4,seer_01pct,0.17624261504308586,0.08648680473924769,50,18,6,50.0
seer_same_family_train_tcga_test,Family-restricted SEER only,ACC,fold5,seer_01pct,0.17686163149228815,0.08399033543313326,50,18,6,50.0
seer_same_family_train_tcga_test,Family-restricted SEER only,BLCA,fold1,seer_01pct,0.04700693529874397,-0.14869460855036384,5220,82,36,5220.0
seer_same_family_train_tcga_test,Family-restricted SEER only,BLCA,fold2,seer_01pct,0.05320872790631086,-0.0788310087748116,5220,82,36,5220.0
seer_same_family_train_tcga_test,Family-restricted SEER only,BLCA,fold3,seer_01pct,0.051218676794245806,-0.10158984512617075,5220,82,36,5220.0
seer_same_family_train_tcga_test,Family-restricted SEER only,BLCA,fold4,seer_01pct,0.05692511596400468,-0.13372290186640207,5220,82,36,5220.0
seer_same_family_train_tcga_test,Family-restricted SEER only,BLCA,fold5,seer_01pct,0.06284133058371058,-0.20444950574279,5220,82,36,5220.0
seer_same_family_train_tcga_test,Family-restricted SEER only,BRCA,fold1,seer_01pct,0.05477698747651476,-0.10260328823302621,11308,217,30,11308.0
seer_same_family_train_tcga_test,Family-restricted SEER only,BRCA,fold2,seer_01pct,0.05519247898038732,-0.05828468083846245,11308,217,30,11308.0
seer_same_family_train_tcga_test,Family-restricted SEER only,BRCA,fold3,seer_01pct,0.05105037057764658,-0.0676534852329383,11308,217,31,11308.0
seer_same_family_train_tcga_test,Family-restricted SEER only,BRCA,fold4,seer_01pct,0.05363648938904908,-0.19119825274584246,11308,216,30,11308.0
seer_same_family_train_tcga_test,Family-restricted SEER only,BRCA,fold5,seer_01pct,0.0552850142872114,-0.09541950191492983,11308,216,30,11308.0
seer_same_family_train_tcga_test,Family-restricted SEER only,CESC,fold1,seer_01pct,0.08300862127425414,-0.06772555552563307,4453,59,14,4453.0
seer_same_family_train_tcga_test,Family-restricted SEER only,CESC,fold2,seer_01pct,0.11390128557051436,-0.07073831732795281,4453,59,14,4453.0
seer_same_family_train_tcga_test,Family-restricted SEER only,CESC,fold3,seer_01pct,0.06504105685861782,-0.04005380832937465,4453,59,14,4453.0
seer_same_family_train_tcga_test,Family-restricted SEER only,CESC,fold4,seer_01pct,0.07242207119690748,-0.23204138468372576,4453,59,15,4453.0
seer_same_family_train_tcga_test,Family-restricted SEER only,CESC,fold5,seer_01pct,0.07022337469695375,-0.22648902183384087,4453,58,14,4453.0
seer_same_family_train_tcga_test,Family-restricted SEER only,CHOL,fold1,seer_01pct,0.04747974280763986,-0.17475282183739183,1633,12,6,1633.0
seer_same_family_train_tcga_test,Family-restricted SEER only,CHOL,fold2,seer_01pct,0.06253485702210376,-0.26576706744083073,1633,11,6,1633.0
seer_same_family_train_tcga_test,Family-restricted SEER only,CHOL,fold3,seer_01pct,0.05327102889637666,-0.17770913541864602,1633,11,5,1633.0
seer_same_family_train_tcga_test,Family-restricted SEER only,CHOL,fold4,seer_01pct,0.06598170184778408,-0.34223652465586724,1633,11,5,1633.0
seer_same_family_train_tcga_test,Family-restricted SEER only,COAD,fold1,seer_01pct,0.033889422651351364,-0.17738556480814335,6725,89,20,6725.0
seer_same_family_train_tcga_test,Family-restricted SEER only,COAD,fold2,seer_01pct,0.040116343762522225,-0.16023911280204067,6725,89,20,6725.0
seer_same_family_train_tcga_test,Family-restricted SEER only,COAD,fold3,seer_01pct,0.04652801006205755,-0.15336364351516762,6725,88,19,6725.0
seer_same_family_train_tcga_test,Family-restricted SEER only,COAD,fold4,seer_01pct,0.03716159529112005,-0.23247927857140266,6725,88,19,6725.0
seer_same_family_train_tcga_test,Family-restricted SEER only,COAD,fold5,seer_01pct,0.030771530917344674,-0.07751875187277664,6725,88,20,6725.0
seer_same_family_train_tcga_test,Family-restricted SEER only,DLBC,fold1,seer_01pct,0.07306653311180004,-0.09696656819215742,3349,24,5,3349.0
seer_same_family_train_tcga_test,Family-restricted SEER only,DLBC,fold2,seer_01pct,0.11329482432325011,-0.09583271635400864,3349,23,4,3349.0
seer_same_family_train_tcga_test,Family-restricted SEER only,ESCA,fold1,seer_01pct,0.05355423619321633,-0.19247531742817134,2020,37,16,2020.0
seer_same_family_train_tcga_test,Family-restricted SEER only,ESCA,fold2,seer_01pct,0.0584820540892175,-0.07351541959928976,2020,37,16,2020.0
seer_same_family_train_tcga_test,Family-restricted SEER only,ESCA,fold3,seer_01pct,0.03516934707086294,-0.0995196438421167,2020,37,15,2020.0
seer_same_family_train_tcga_test,Family-restricted SEER only,ESCA,fold4,seer_01pct,0.06744699571041293,-0.08877201206739879,2020,37,15,2020.0
seer_same_family_train_tcga_test,Family-restricted SEER only,ESCA,fold5,seer_01pct,0.05850083257540724,-0.13049919902323348,2020,37,15,2020.0
seer_same_family_train_tcga_test,Family-restricted SEER only,GBM,fold1,seer_01pct,0.06607683542474821,0.007791858682670141,1010,119,99,1010.0
seer_same_family_train_tcga_test,Family-restricted SEER only,GBM,fold2,seer_01pct,0.06739677530879835,-0.015107409929712962,1010,119,98,1010.0
seer_same_family_train_tcga_test,Family-restricted SEER only,GBM,fold3,seer_01pct,0.06986713734292609,-0.006576461281955673,1010,119,98,1010.0
seer_same_family_train_tcga_test,Family-restricted SEER only,GBM,fold4,seer_01pct,0.05596083121745912,-0.008936374879912834,1010,119,98,1010.0
seer_same_family_train_tcga_test,Family-restricted SEER only,GBM,fold5,seer_01pct,0.06556966964964278,-0.023277583236135255,1010,119,98,1010.0
seer_same_family_train_tcga_test,Family-restricted SEER only,HNSC,fold1,seer_01pct,0.06832507880387337,-0.14620618312599692,2369,106,45,2369.0
seer_same_family_train_tcga_test,Family-restricted SEER only,HNSC,fold2,seer_01pct,0.06891119490725053,-0.06243754669076343,2369,106,45,2369.0
seer_same_family_train_tcga_test,Family-restricted SEER only,HNSC,fold3,seer_01pct,0.07757694816444272,-0.08115613838156319,2369,105,44,2369.0
seer_same_family_train_tcga_test,Family-restricted SEER only,HNSC,fold4,seer_01pct,0.0940440285085677,-0.09462433565917784,2369,105,44,2369.0
seer_same_family_train_tcga_test,Family-restricted SEER only,HNSC,fold5,seer_01pct,0.08673154210781213,-0.10355877531038639,2369,105,45,2369.0
seer_same_family_train_tcga_test,Family-restricted SEER only,KICH,fold1,seer_01pct,0.042443350636205725,-0.03078009880425376,5220,56,6,5220.0
seer_same_family_train_tcga_test,Family-restricted SEER only,KICH,fold2,seer_01pct,0.037636947355176774,-0.0735510748571718,5220,56,6,5220.0
seer_same_family_train_tcga_test,Family-restricted SEER only,KIRC,fold1,seer_01pct,0.06462370135763168,-0.07287936873176029,5220,107,35,5220.0
seer_same_family_train_tcga_test,Family-restricted SEER only,KIRC,fold2,seer_01pct,0.06431806909285032,-0.05656761256700439,5220,107,35,5220.0
seer_same_family_train_tcga_test,Family-restricted SEER only,KIRC,fold3,seer_01pct,0.06610282821816021,-0.11055997195253969,5220,107,35,5220.0
seer_same_family_train_tcga_test,Family-restricted SEER only,KIRC,fold4,seer_01pct,0.06406930045983053,-0.029602978007371772,5220,107,36,5220.0
seer_same_family_train_tcga_test,Family-restricted SEER only,KIRC,fold5,seer_01pct,0.05410393188146474,-0.059313216535530705,5220,107,36,5220.0
seer_same_family_train_tcga_test,Family-restricted SEER only,KIRP,fold1,seer_01pct,0.056333902426618614,-0.1513770024703143,5220,58,9,5220.0
seer_same_family_train_tcga_test,Family-restricted SEER only,KIRP,fold2,seer_01pct,0.03403008369418722,-0.16100079966288797,5220,58,9,5220.0
seer_same_family_train_tcga_test,Family-restricted SEER only,KIRP,fold3,seer_01pct,0.028271887690423766,-0.09475337387085535,5220,58,9,5220.0
seer_same_family_train_tcga_test,Family-restricted SEER only,KIRP,fold4,seer_01pct,0.025051661689539335,-0.12615265612641205,5220,57,8,5220.0
seer_same_family_train_tcga_test,Family-restricted SEER only,KIRP,fold5,seer_01pct,0.028262803851192533,-0.10705058856686397,5220,57,9,5220.0
seer_same_family_train_tcga_test,Family-restricted SEER only,LAML,fold1,seer_01pct,0.0817344098590481,-0.15683961733259416,1953,35,22,1953.0
seer_same_family_train_tcga_test,Family-restricted SEER only,LAML,fold2,seer_01pct,0.08450457100050945,-0.1036196908724881,1953,35,22,1953.0
seer_same_family_train_tcga_test,Family-restricted SEER only,LAML,fold3,seer_01pct,0.07286123512044118,-0.1440890850726023,1953,35,22,1953.0
seer_same_family_train_tcga_test,Family-restricted SEER only,LAML,fold4,seer_01pct,0.07621128060360101,-0.07197422115975914,1953,34,21,1953.0
seer_same_family_train_tcga_test,Family-restricted SEER only,LAML,fold5,seer_01pct,0.06109421720306786,-0.19553484532541754,1953,34,21,1953.0
seer_same_family_train_tcga_test,Family-restricted SEER only,LGG,fold1,seer_01pct,0.07315860254718258,-0.09193980040330986,1010,103,25,1010.0
seer_same_family_train_tcga_test,Family-restricted SEER only,LGG,fold2,seer_01pct,0.052161931843045725,-0.12227672738799929,1010,102,25,1010.0
seer_same_family_train_tcga_test,Family-restricted SEER only,LGG,fold3,seer_01pct,0.05858334260477929,-0.20210744714774057,1010,102,25,1010.0
seer_same_family_train_tcga_test,Family-restricted SEER only,LGG,fold4,seer_01pct,0.06139203982680066,-0.10785774532997774,1010,102,25,1010.0
seer_same_family_train_tcga_test,Family-restricted SEER only,LGG,fold5,seer_01pct,0.05154519210462326,-0.049414933174289966,1010,102,25,1010.0
seer_same_family_train_tcga_test,Family-restricted SEER only,LIHC,fold1,seer_01pct,0.042979643854248094,-0.09841079490313895,1633,75,27,1633.0
seer_same_family_train_tcga_test,Family-restricted SEER only,LIHC,fold2,seer_01pct,0.07079379069807662,-0.1589228832574411,1633,74,27,1633.0
seer_same_family_train_tcga_test,Family-restricted SEER only,LIHC,fold3,seer_01pct,0.06676497294476519,-0.18696885102642552,1633,74,26,1633.0
seer_same_family_train_tcga_test,Family-restricted SEER only,LIHC,fold4,seer_01pct,0.06203242688983087,-0.13145038774305665,1633,74,26,1633.0
seer_same_family_train_tcga_test,Family-restricted SEER only,LIHC,fold5,seer_01pct,0.05848312196779685,-0.10755507194421529,1633,74,26,1633.0
seer_same_family_train_tcga_test,Family-restricted SEER only,LUAD,fold1,seer_01pct,0.0876832365249561,-0.09393128452170954,7313,102,36,7313.0
seer_same_family_train_tcga_test,Family-restricted SEER only,LUAD,fold2,seer_01pct,0.04483308230562242,-0.10246077587411445,7313,102,37,7313.0
seer_same_family_train_tcga_test,Family-restricted SEER only,LUAD,fold3,seer_01pct,0.04445372982120722,-0.08366113434395966,7313,102,37,7313.0
seer_same_family_train_tcga_test,Family-restricted SEER only,LUAD,fold4,seer_01pct,0.06963013602859183,-0.2400198935690813,7313,102,37,7313.0
seer_same_family_train_tcga_test,Family-restricted SEER only,LUAD,fold5,seer_01pct,0.06353020628659696,-0.05545515072867707,7313,101,36,7313.0
seer_same_family_train_tcga_test,Family-restricted SEER only,LUSC,fold1,seer_01pct,0.07729096978405647,-0.06041384723072579,7313,100,43,7313.0
seer_same_family_train_tcga_test,Family-restricted SEER only,LUSC,fold2,seer_01pct,0.06520054150450652,-0.05782304554861978,7313,100,43,7313.0
seer_same_family_train_tcga_test,Family-restricted SEER only,LUSC,fold3,seer_01pct,0.07448141384542506,-0.049248285004494546,7313,99,43,7313.0
seer_same_family_train_tcga_test,Family-restricted SEER only,LUSC,fold4,seer_01pct,0.08619309911415901,-0.09436708330295213,7313,99,43,7313.0
seer_same_family_train_tcga_test,Family-restricted SEER only,LUSC,fold5,seer_01pct,0.12962228775762916,-0.2298460345978515,7313,99,43,7313.0
seer_same_family_train_tcga_test,Family-restricted SEER only,MESO,fold1,seer_01pct,0.09220555043855383,0.01132550474983933,122,17,15,122.0
seer_same_family_train_tcga_test,Family-restricted SEER only,MESO,fold2,seer_01pct,0.19010361774917242,-0.06975788669852315,122,17,15,122.0
seer_same_family_train_tcga_test,Family-restricted SEER only,MESO,fold3,seer_01pct,0.13988542098989742,0.023428089410021932,122,17,15,122.0
seer_same_family_train_tcga_test,Family-restricted SEER only,MESO,fold4,seer_01pct,0.09738652676556596,-0.02461737647231388,122,17,14,122.0
seer_same_family_train_tcga_test,Family-restricted SEER only,MESO,fold5,seer_01pct,0.14054465409726258,-0.016069237527007812,122,17,14,122.0
seer_same_family_train_tcga_test,Family-restricted SEER only,OV,fold1,seer_01pct,0.07513630229980517,-0.07990974101049386,4453,117,70,4453.0
seer_same_family_train_tcga_test,Family-restricted SEER only,OV,fold2,seer_01pct,0.06697833198223951,-0.0674465944895822,4453,117,70,4453.0
seer_same_family_train_tcga_test,Family-restricted SEER only,OV,fold3,seer_01pct,0.06353042332068784,-0.05151209737376132,4453,116,70,4453.0
seer_same_family_train_tcga_test,Family-restricted SEER only,OV,fold4,seer_01pct,0.06425377705282596,-0.06642969625819746,4453,116,69,4453.0
seer_same_family_train_tcga_test,Family-restricted SEER only,OV,fold5,seer_01pct,0.0800977051459979,-0.14694034039510367,4453,116,69,4453.0
seer_same_family_train_tcga_test,Family-restricted SEER only,PAAD,fold1,seer_01pct,0.042103851860358865,-0.11084529060891166,1647,37,20,1647.0
seer_same_family_train_tcga_test,Family-restricted SEER only,PAAD,fold2,seer_01pct,0.09087829524553995,-0.35760013853843986,1647,37,20,1647.0
seer_same_family_train_tcga_test,Family-restricted SEER only,PAAD,fold3,seer_01pct,0.03453729792512886,-0.06401260457208645,1647,37,20,1647.0
seer_same_family_train_tcga_test,Family-restricted SEER only,PAAD,fold4,seer_01pct,0.04422154123530354,-0.09207074124723208,1647,37,20,1647.0
seer_same_family_train_tcga_test,Family-restricted SEER only,PAAD,fold5,seer_01pct,0.03902020647576816,-0.11643963165351627,1647,36,20,1647.0
seer_same_family_train_tcga_test,Family-restricted SEER only,PCPG,fold1,seer_01pct,0.05322534555492138,-0.005630642869884107,28,90,3,28.0
seer_same_family_train_tcga_test,Family-restricted SEER only,PCPG,fold2,seer_01pct,0.04226767660788985,0.03230354531404975,28,89,3,28.0
seer_same_family_train_tcga_test,Family-restricted SEER only,PRAD,fold1,seer_01pct,0.008922198741225427,-0.03461165358408195,11794,250,5,11794.0
seer_same_family_train_tcga_test,Family-restricted SEER only,PRAD,fold2,seer_01pct,0.0075842274111688045,-0.020500350377402075,11794,250,5,11794.0
seer_same_family_train_tcga_test,Family-restricted SEER only,READ,fold1,seer_01pct,0.021801563545413634,-0.1166664267803367,6725,33,5,6725.0
seer_same_family_train_tcga_test,Family-restricted SEER only,READ,fold2,seer_01pct,0.023353079924068022,-0.16233499005747853,6725,33,5,6725.0
seer_same_family_train_tcga_test,Family-restricted SEER only,READ,fold3,seer_01pct,0.01549938019011416,-0.09717832271611865,6725,33,5,6725.0
seer_same_family_train_tcga_test,Family-restricted SEER only,READ,fold4,seer_01pct,0.02026345407094473,-0.1061068308306117,6725,33,6,6725.0
seer_same_family_train_tcga_test,Family-restricted SEER only,READ,fold5,seer_01pct,0.03160139489827365,-0.12520237825385577,6725,32,5,6725.0
seer_same_family_train_tcga_test,Family-restricted SEER only,SARC,fold1,seer_01pct,0.10176792923193863,-0.07984345013134427,663,53,20,663.0
seer_same_family_train_tcga_test,Family-restricted SEER only,SARC,fold2,seer_01pct,0.0649471336514251,-0.1156004588992608,663,52,19,663.0
seer_same_family_train_tcga_test,Family-restricted SEER only,SARC,fold3,seer_01pct,0.07870925395456077,-0.1280800508067494,663,52,20,663.0
seer_same_family_train_tcga_test,Family-restricted SEER only,SARC,fold4,seer_01pct,0.09186611340889977,-0.11863036710932787,663,52,20,663.0
seer_same_family_train_tcga_test,Family-restricted SEER only,SARC,fold5,seer_01pct,0.0985136855333354,-0.13174563590409508,663,52,20,663.0
seer_same_family_train_tcga_test,Family-restricted SEER only,SKCM,fold1,seer_01pct,0.19523566823009972,-0.0012722032555743112,3637,91,43,3637.0
seer_same_family_train_tcga_test,Family-restricted SEER only,SKCM,fold2,seer_01pct,0.11754704254548612,0.0022285808522640727,3637,91,43,3637.0
seer_same_family_train_tcga_test,Family-restricted SEER only,SKCM,fold3,seer_01pct,0.1333070535648851,-0.04532265052972456,3637,91,43,3637.0
seer_same_family_train_tcga_test,Family-restricted SEER only,SKCM,fold4,seer_01pct,0.1912342185093438,-0.020000338135480744,3637,91,43,3637.0
seer_same_family_train_tcga_test,Family-restricted SEER only,SKCM,fold5,seer_01pct,0.10012185028651747,0.015078585640303566,3637,90,42,3637.0
seer_same_family_train_tcga_test,Family-restricted SEER only,STAD,fold1,seer_01pct,0.04492625104020576,-0.12896679826320123,2020,84,34,2020.0
seer_same_family_train_tcga_test,Family-restricted SEER only,STAD,fold2,seer_01pct,0.05160606010161643,-0.16645374927523937,2020,84,34,2020.0
seer_same_family_train_tcga_test,Family-restricted SEER only,STAD,fold3,seer_01pct,0.04219375571211094,-0.1449203623413241,2020,83,33,2020.0
seer_same_family_train_tcga_test,Family-restricted SEER only,STAD,fold4,seer_01pct,0.049795845365146224,-0.14011572554459784,2020,83,33,2020.0
seer_same_family_train_tcga_test,Family-restricted SEER only,STAD,fold5,seer_01pct,0.04224788926425278,-0.1606990058423492,2020,83,34,2020.0
seer_same_family_train_tcga_test,Family-restricted SEER only,TGCT,fold1,seer_01pct,0.03940062382803833,0.02576108439892138,11794,67,2,11794.0
seer_same_family_train_tcga_test,Family-restricted SEER only,TGCT,fold2,seer_01pct,0.019345245237776074,0.0057057058086591225,11794,67,2,11794.0
seer_same_family_train_tcga_test,Family-restricted SEER only,THCA,fold1,seer_01pct,0.011960931800382825,-0.04274886651827931,2074,169,5,2074.0
seer_same_family_train_tcga_test,Family-restricted SEER only,THCA,fold2,seer_01pct,0.008832257128580793,-0.021707325559902277,2074,169,6,2074.0
seer_same_family_train_tcga_test,Family-restricted SEER only,THCA,fold3,seer_01pct,0.009571953667720094,-0.0313411702963569,2074,168,5,2074.0
seer_same_family_train_tcga_test,Family-restricted SEER only,THYM,fold1,seer_01pct,0.06353268348967267,0.000167455353027271,60,62,5,60.0
seer_same_family_train_tcga_test,Family-restricted SEER only,THYM,fold2,seer_01pct,0.04299836543831077,-0.044957092413683786,60,61,4,60.0
seer_same_family_train_tcga_test,Family-restricted SEER only,UCEC,fold1,seer_01pct,0.029497449210251176,-0.11650219032813768,4453,110,19,4453.0
seer_same_family_train_tcga_test,Family-restricted SEER only,UCEC,fold2,seer_01pct,0.025648742640063102,-0.057901443016071474,4453,109,18,4453.0
seer_same_family_train_tcga_test,Family-restricted SEER only,UCEC,fold3,seer_01pct,0.06381571389136315,-0.1912497486551621,4453,109,18,4453.0
seer_same_family_train_tcga_test,Family-restricted SEER only,UCEC,fold4,seer_01pct,0.025320927020352824,-0.1501398574963541,4453,109,18,4453.0
seer_same_family_train_tcga_test,Family-restricted SEER only,UCEC,fold5,seer_01pct,0.037366053667739735,-0.08750583542287182,4453,109,18,4453.0
seer_same_family_train_tcga_test,Family-restricted SEER only,UCS,fold1,seer_01pct,0.036371808358725936,-0.19552926692945857,4453,12,7,4453.0
seer_same_family_train_tcga_test,Family-restricted SEER only,UCS,fold2,seer_01pct,0.037928114226842675,-0.06454489496773341,4453,11,7,4453.0
seer_same_family_train_tcga_test,Family-restricted SEER only,UCS,fold3,seer_01pct,0.10308174696000565,-0.14386141533697072,4453,11,7,4453.0
seer_same_family_train_tcga_test,Family-restricted SEER only,UCS,fold4,seer_01pct,0.0703034479997457,-0.21840993851552243,4453,11,7,4453.0
seer_same_family_train_tcga_test,Family-restricted SEER only,UCS,fold5,seer_01pct,0.04526194474923443,-0.1504834906691391,4453,11,7,4453.0
seer_same_family_train_tcga_test,Family-restricted SEER only,UVM,fold1,seer_01pct,0.08599897754834712,-0.043415223820641974,99,20,6,99.0
seer_same_family_train_tcga_test,Family-restricted SEER only,UVM,fold2,seer_01pct,0.09291577337186858,-0.043407915152720036,99,20,6,99.0
seer_same_family_train_tcga_test,Family-restricted SEER only,UVM,fold3,seer_01pct,0.07898128678518944,-0.1110674738766441,99,20,6,99.0
seer_same_family_train_tcga_test,Family-restricted SEER only,UVM,fold4,seer_01pct,0.06945083303847253,-0.15448884718223305,99,20,5,99.0
seer_same_family_train_tcga_test,Family-restricted SEER only,ACC,fold1,seer_05pct,0.07958864032584981,-0.01000931422139778,251,19,7,251.0
seer_same_family_train_tcga_test,Family-restricted SEER only,ACC,fold2,seer_05pct,0.09687980585014758,-0.12555247694403138,251,18,7,251.0
seer_same_family_train_tcga_test,Family-restricted SEER only,ACC,fold3,seer_05pct,0.07888263402875278,-0.07742814558422689,251,18,7,251.0
seer_same_family_train_tcga_test,Family-restricted SEER only,ACC,fold4,seer_05pct,0.05962141623034565,-0.03013439407349252,251,18,6,251.0
seer_same_family_train_tcga_test,Family-restricted SEER only,ACC,fold5,seer_05pct,0.091007238505509,-0.0018640575536458814,251,18,6,251.0
seer_same_family_train_tcga_test,Family-restricted SEER only,BLCA,fold1,seer_05pct,0.04167596172697474,-0.15402558212213308,26101,82,36,26101.0
seer_same_family_train_tcga_test,Family-restricted SEER only,BLCA,fold2,seer_05pct,0.05125497736797389,-0.08078475931314857,26101,82,36,26101.0
seer_same_family_train_tcga_test,Family-restricted SEER only,BLCA,fold3,seer_05pct,0.04622328605089701,-0.10658523586951954,26101,82,36,26101.0
seer_same_family_train_tcga_test,Family-restricted SEER only,BLCA,fold4,seer_05pct,0.05298948538415732,-0.13765853244624943,26101,82,36,26101.0
seer_same_family_train_tcga_test,Family-restricted SEER only,BLCA,fold5,seer_05pct,0.05964177681343283,-0.20764905951306775,26101,82,36,26101.0
seer_same_family_train_tcga_test,Family-restricted SEER only,BRCA,fold1,seer_05pct,0.05498189291277657,-0.1023983827967644,56540,217,30,56540.0
seer_same_family_train_tcga_test,Family-restricted SEER only,BRCA,fold2,seer_05pct,0.05373954599453854,-0.05973761382431123,56540,217,30,56540.0
seer_same_family_train_tcga_test,Family-restricted SEER only,BRCA,fold3,seer_05pct,0.05015771140351405,-0.06854614440707084,56540,217,31,56540.0
seer_same_family_train_tcga_test,Family-restricted SEER only,BRCA,fold4,seer_05pct,0.05413606076209582,-0.19069868137279572,56540,216,30,56540.0
seer_same_family_train_tcga_test,Family-restricted SEER only,BRCA,fold5,seer_05pct,0.05292597804301283,-0.0977785381591284,56540,216,30,56540.0
seer_same_family_train_tcga_test,Family-restricted SEER only,CESC,fold1,seer_05pct,0.07515062738765643,-0.07558354941223078,22263,59,14,22263.0
seer_same_family_train_tcga_test,Family-restricted SEER only,CESC,fold2,seer_05pct,0.12002515823507807,-0.0646144446633891,22263,59,14,22263.0
seer_same_family_train_tcga_test,Family-restricted SEER only,CESC,fold3,seer_05pct,0.05989616070432385,-0.04519870448366861,22263,59,14,22263.0
seer_same_family_train_tcga_test,Family-restricted SEER only,CESC,fold4,seer_05pct,0.0805939593578311,-0.22386949652280214,22263,59,15,22263.0
seer_same_family_train_tcga_test,Family-restricted SEER only,CESC,fold5,seer_05pct,0.06924638996510656,-0.22746600656568805,22263,58,14,22263.0
seer_same_family_train_tcga_test,Family-restricted SEER only,CHOL,fold1,seer_05pct,0.052256288111404696,-0.16997627653362699,8167,12,6,8167.0
seer_same_family_train_tcga_test,Family-restricted SEER only,CHOL,fold2,seer_05pct,0.06927460152333702,-0.25902732293959746,8167,11,6,8167.0
seer_same_family_train_tcga_test,Family-restricted SEER only,CHOL,fold3,seer_05pct,0.04993308117485988,-0.18104708314016282,8167,11,5,8167.0
seer_same_family_train_tcga_test,Family-restricted SEER only,CHOL,fold4,seer_05pct,0.05652811232090296,-0.3516901141827483,8167,11,5,8167.0
seer_same_family_train_tcga_test,Family-restricted SEER only,COAD,fold1,seer_05pct,0.03414828693784904,-0.17712670052164567,33627,89,20,33627.0
seer_same_family_train_tcga_test,Family-restricted SEER only,COAD,fold2,seer_05pct,0.04026692027780612,-0.16008853628675676,33627,89,20,33627.0
seer_same_family_train_tcga_test,Family-restricted SEER only,COAD,fold3,seer_05pct,0.04603016618621464,-0.15386148739101052,33627,88,19,33627.0
seer_same_family_train_tcga_test,Family-restricted SEER only,COAD,fold4,seer_05pct,0.03686282992128663,-0.23277804394123608,33627,88,19,33627.0
seer_same_family_train_tcga_test,Family-restricted SEER only,COAD,fold5,seer_05pct,0.034317187487331854,-0.07397309530278946,33627,88,20,33627.0
seer_same_family_train_tcga_test,Family-restricted SEER only,DLBC,fold1,seer_05pct,0.07174099500523086,-0.0982921062987266,16744,24,5,16744.0
seer_same_family_train_tcga_test,Family-restricted SEER only,DLBC,fold2,seer_05pct,0.10489778399314788,-0.10422975668411087,16744,23,4,16744.0
seer_same_family_train_tcga_test,Family-restricted SEER only,ESCA,fold1,seer_05pct,0.03972567282073231,-0.20630388080065537,10098,37,16,10098.0
seer_same_family_train_tcga_test,Family-restricted SEER only,ESCA,fold2,seer_05pct,0.04011119683614667,-0.09188627685236059,10098,37,16,10098.0
seer_same_family_train_tcga_test,Family-restricted SEER only,ESCA,fold3,seer_05pct,0.036027572419490325,-0.09866141849348932,10098,37,15,10098.0
seer_same_family_train_tcga_test,Family-restricted SEER only,ESCA,fold4,seer_05pct,0.05789641774021092,-0.0983225900376008,10098,37,15,10098.0
seer_same_family_train_tcga_test,Family-restricted SEER only,ESCA,fold5,seer_05pct,0.04783905007925534,-0.1411609815193854,10098,37,15,10098.0
seer_same_family_train_tcga_test,Family-restricted SEER only,GBM,fold1,seer_05pct,0.07246268261148354,0.014177705869405477,5052,119,99,5052.0
seer_same_family_train_tcga_test,Family-restricted SEER only,GBM,fold2,seer_05pct,0.07931068587890681,-0.0031934993596045014,5052,119,98,5052.0
seer_same_family_train_tcga_test,Family-restricted SEER only,GBM,fold3,seer_05pct,0.07856218806137141,0.002118589436489654,5052,119,98,5052.0
seer_same_family_train_tcga_test,Family-restricted SEER only,GBM,fold4,seer_05pct,0.06529778481101556,0.0004005787136436012,5052,119,98,5052.0
seer_same_family_train_tcga_test,Family-restricted SEER only,GBM,fold5,seer_05pct,0.07479547245601925,-0.014051780429758784,5052,119,98,5052.0
seer_same_family_train_tcga_test,Family-restricted SEER only,HNSC,fold1,seer_05pct,0.06423615661291289,-0.1502951053169574,11843,106,45,11843.0
seer_same_family_train_tcga_test,Family-restricted SEER only,HNSC,fold2,seer_05pct,0.06384845220010857,-0.0675002893979054,11843,106,45,11843.0
seer_same_family_train_tcga_test,Family-restricted SEER only,HNSC,fold3,seer_05pct,0.07275893765628841,-0.0859741488897175,11843,105,44,11843.0
seer_same_family_train_tcga_test,Family-restricted SEER only,HNSC,fold4,seer_05pct,0.07710459731800504,-0.11156376684974051,11843,105,44,11843.0
seer_same_family_train_tcga_test,Family-restricted SEER only,HNSC,fold5,seer_05pct,0.08235028724581407,-0.10794003017238445,11843,105,45,11843.0
seer_same_family_train_tcga_test,Family-restricted SEER only,KICH,fold1,seer_05pct,0.02891248602802234,-0.04431096341243715,26101,56,6,26101.0
seer_same_family_train_tcga_test,Family-restricted SEER only,KICH,fold2,seer_05pct,0.029526005462480506,-0.08166201674986806,26101,56,6,26101.0
seer_same_family_train_tcga_test,Family-restricted SEER only,KIRC,fold1,seer_05pct,0.060474092598984105,-0.07702897749040787,26101,107,35,26101.0
seer_same_family_train_tcga_test,Family-restricted SEER only,KIRC,fold2,seer_05pct,0.06296139259152411,-0.057924289068330595,26101,107,35,26101.0
seer_same_family_train_tcga_test,Family-restricted SEER only,KIRC,fold3,seer_05pct,0.061677778680636265,-0.11498502149006365,26101,107,35,26101.0
seer_same_family_train_tcga_test,Family-restricted SEER only,KIRC,fold4,seer_05pct,0.05738645494668046,-0.03628582352052184,26101,107,36,26101.0
seer_same_family_train_tcga_test,Family-restricted SEER only,KIRC,fold5,seer_05pct,0.04901438330507337,-0.06440276511192208,26101,107,36,26101.0
seer_same_family_train_tcga_test,Family-restricted SEER only,KIRP,fold1,seer_05pct,0.055696777282337684,-0.15201412761459523,26101,58,9,26101.0
seer_same_family_train_tcga_test,Family-restricted SEER only,KIRP,fold2,seer_05pct,0.03290812383526268,-0.16212275952181252,26101,58,9,26101.0
seer_same_family_train_tcga_test,Family-restricted SEER only,KIRP,fold3,seer_05pct,0.02802608041606236,-0.09499918114521676,26101,58,9,26101.0
seer_same_family_train_tcga_test,Family-restricted SEER only,KIRP,fold4,seer_05pct,0.02884498346451633,-0.12235933435143506,26101,57,8,26101.0
seer_same_family_train_tcga_test,Family-restricted SEER only,KIRP,fold5,seer_05pct,0.026828034427239265,-0.10848535799081724,26101,57,9,26101.0
seer_same_family_train_tcga_test,Family-restricted SEER only,LAML,fold1,seer_05pct,0.1432048246252968,-0.09536920256634546,9765,35,22,9765.0
seer_same_family_train_tcga_test,Family-restricted SEER only,LAML,fold2,seer_05pct,0.15286653232857025,-0.035257729544427296,9765,35,22,9765.0
seer_same_family_train_tcga_test,Family-restricted SEER only,LAML,fold3,seer_05pct,0.14224320781612337,-0.0747071123769201,9765,35,22,9765.0
seer_same_family_train_tcga_test,Family-restricted SEER only,LAML,fold4,seer_05pct,0.14692754046586518,-0.001257961297494975,9765,34,21,9765.0
seer_same_family_train_tcga_test,Family-restricted SEER only,LAML,fold5,seer_05pct,0.115515639583881,-0.14111342294460438,9765,34,21,9765.0
seer_same_family_train_tcga_test,Family-restricted SEER only,LGG,fold1,seer_05pct,0.05218848605046246,-0.11290991690002998,5052,103,25,5052.0
seer_same_family_train_tcga_test,Family-restricted SEER only,LGG,fold2,seer_05pct,0.03519791645938563,-0.13924074277165938,5052,102,25,5052.0
seer_same_family_train_tcga_test,Family-restricted SEER only,LGG,fold3,seer_05pct,0.048807797349354524,-0.21188299240316533,5052,102,25,5052.0
seer_same_family_train_tcga_test,Family-restricted SEER only,LGG,fold4,seer_05pct,0.0422150604572092,-0.12703472469956922,5052,102,25,5052.0
seer_same_family_train_tcga_test,Family-restricted SEER only,LGG,fold5,seer_05pct,0.03481062569207052,-0.06614949958684271,5052,102,25,5052.0
seer_same_family_train_tcga_test,Family-restricted SEER only,LIHC,fold1,seer_05pct,0.0480841402007593,-0.09330629855662775,8167,75,27,8167.0
seer_same_family_train_tcga_test,Family-restricted SEER only,LIHC,fold2,seer_05pct,0.06851746861305288,-0.16119920534246485,8167,74,27,8167.0
seer_same_family_train_tcga_test,Family-restricted SEER only,LIHC,fold3,seer_05pct,0.05885305257649671,-0.194880771394694,8167,74,26,8167.0
seer_same_family_train_tcga_test,Family-restricted SEER only,LIHC,fold4,seer_05pct,0.057265018363056204,-0.13621779626983133,8167,74,26,8167.0
seer_same_family_train_tcga_test,Family-restricted SEER only,LIHC,fold5,seer_05pct,0.06230697718548092,-0.10373121672653121,8167,74,26,8167.0
seer_same_family_train_tcga_test,Family-restricted SEER only,LUAD,fold1,seer_05pct,0.05516386209942038,-0.12645065894724528,36567,102,36,36567.0
seer_same_family_train_tcga_test,Family-restricted SEER only,LUAD,fold2,seer_05pct,0.04262305857108098,-0.10467079960865588,36567,102,37,36567.0
seer_same_family_train_tcga_test,Family-restricted SEER only,LUAD,fold3,seer_05pct,0.042308036921720825,-0.08580682724344604,36567,102,37,36567.0
seer_same_family_train_tcga_test,Family-restricted SEER only,LUAD,fold4,seer_05pct,0.059989285877551125,-0.249660743720122,36567,102,37,36567.0
seer_same_family_train_tcga_test,Family-restricted SEER only,LUAD,fold5,seer_05pct,0.05298277441859895,-0.06600258259667507,36567,101,36,36567.0
seer_same_family_train_tcga_test,Family-restricted SEER only,LUSC,fold1,seer_05pct,0.07118717398340385,-0.06651764303137842,36567,100,43,36567.0
seer_same_family_train_tcga_test,Family-restricted SEER only,LUSC,fold2,seer_05pct,0.06108805012046879,-0.061935536932657506,36567,100,43,36567.0
seer_same_family_train_tcga_test,Family-restricted SEER only,LUSC,fold3,seer_05pct,0.06882625447812926,-0.054903444371790344,36567,99,43,36567.0
seer_same_family_train_tcga_test,Family-restricted SEER only,LUSC,fold4,seer_05pct,0.08205844133705664,-0.0985017410800545,36567,99,43,36567.0
seer_same_family_train_tcga_test,Family-restricted SEER only,LUSC,fold5,seer_05pct,0.11405942686065125,-0.24540889549482942,36567,99,43,36567.0
seer_same_family_train_tcga_test,Family-restricted SEER only,MESO,fold1,seer_05pct,0.058126816778126006,-0.022753228910588494,608,17,15,608.0
seer_same_family_train_tcga_test,Family-restricted SEER only,MESO,fold2,seer_05pct,0.11411371974823509,-0.14574778469946048,608,17,15,608.0
seer_same_family_train_tcga_test,Family-restricted SEER only,MESO,fold3,seer_05pct,0.07679378822062227,-0.03966354335925322,608,17,15,608.0
seer_same_family_train_tcga_test,Family-restricted SEER only,MESO,fold4,seer_05pct,0.07187583897228658,-0.050128064265593256,608,17,14,608.0
seer_same_family_train_tcga_test,Family-restricted SEER only,MESO,fold5,seer_05pct,0.0847395214426806,-0.07187437018158979,608,17,14,608.0
seer_same_family_train_tcga_test,Family-restricted SEER only,OV,fold1,seer_05pct,0.07694986501672305,-0.07809617829357599,22263,117,70,22263.0
seer_same_family_train_tcga_test,Family-restricted SEER only,OV,fold2,seer_05pct,0.06201773667153613,-0.0724071898002856,22263,117,70,22263.0
seer_same_family_train_tcga_test,Family-restricted SEER only,OV,fold3,seer_05pct,0.06491751515821556,-0.0501250055362336,22263,116,70,22263.0
seer_same_family_train_tcga_test,Family-restricted SEER only,OV,fold4,seer_05pct,0.05786624366273429,-0.07281722964828913,22263,116,69,22263.0
seer_same_family_train_tcga_test,Family-restricted SEER only,OV,fold5,seer_05pct,0.08800385155891778,-0.1390341939821838,22263,116,69,22263.0
seer_same_family_train_tcga_test,Family-restricted SEER only,PAAD,fold1,seer_05pct,0.044637224580312246,-0.10831191788895828,8233,37,20,8233.0
seer_same_family_train_tcga_test,Family-restricted SEER only,PAAD,fold2,seer_05pct,0.084947961608706,-0.3635304721752738,8233,37,20,8233.0
seer_same_family_train_tcga_test,Family-restricted SEER only,PAAD,fold3,seer_05pct,0.026611580738600364,-0.07193832175861495,8233,37,20,8233.0
seer_same_family_train_tcga_test,Family-restricted SEER only,PAAD,fold4,seer_05pct,0.04316669668807903,-0.09312558579445658,8233,37,20,8233.0
seer_same_family_train_tcga_test,Family-restricted SEER only,PAAD,fold5,seer_05pct,0.027469850476265573,-0.12798998765301886,8233,36,20,8233.0
seer_same_family_train_tcga_test,Family-restricted SEER only,PCPG,fold1,seer_05pct,0.031612254259791826,-0.02724373416501366,141,90,3,141.0
seer_same_family_train_tcga_test,Family-restricted SEER only,PCPG,fold2,seer_05pct,0.026564573119691196,0.016600441825851093,141,89,3,141.0
seer_same_family_train_tcga_test,Family-restricted SEER only,PRAD,fold1,seer_05pct,0.007772610497326628,-0.035761241827980746,58972,250,5,58972.0
seer_same_family_train_tcga_test,Family-restricted SEER only,PRAD,fold2,seer_05pct,0.007811799978862722,-0.02027277780970816,58972,250,5,58972.0
seer_same_family_train_tcga_test,Family-restricted SEER only,READ,fold1,seer_05pct,0.023308104881336958,-0.11515988544441337,33627,33,5,33627.0
seer_same_family_train_tcga_test,Family-restricted SEER only,READ,fold2,seer_05pct,0.02584114435949507,-0.1598469256220515,33627,33,5,33627.0
seer_same_family_train_tcga_test,Family-restricted SEER only,READ,fold3,seer_05pct,0.01891841184421398,-0.09375929106201883,33627,33,5,33627.0
seer_same_family_train_tcga_test,Family-restricted SEER only,READ,fold4,seer_05pct,0.01903760371789974,-0.1073326811836567,33627,33,6,33627.0
seer_same_family_train_tcga_test,Family-restricted SEER only,READ,fold5,seer_05pct,0.03347939412591077,-0.12332437902621865,33627,32,5,33627.0
seer_same_family_train_tcga_test,Family-restricted SEER only,SARC,fold1,seer_05pct,0.07841561795655677,-0.10319576140672612,3316,53,20,3316.0
seer_same_family_train_tcga_test,Family-restricted SEER only,SARC,fold2,seer_05pct,0.06836909292991136,-0.11217849962077453,3316,52,19,3316.0
seer_same_family_train_tcga_test,Family-restricted SEER only,SARC,fold3,seer_05pct,0.07719311606475222,-0.12959618869655792,3316,52,20,3316.0
seer_same_family_train_tcga_test,Family-restricted SEER only,SARC,fold4,seer_05pct,0.08633805950271625,-0.12415842101551139,3316,52,20,3316.0
seer_same_family_train_tcga_test,Family-restricted SEER only,SARC,fold5,seer_05pct,0.07900951821460728,-0.1512498032228232,3316,52,20,3316.0
seer_same_family_train_tcga_test,Family-restricted SEER only,SKCM,fold1,seer_05pct,0.18959959478776767,-0.0069082766979063626,18183,91,43,18183.0
seer_same_family_train_tcga_test,Family-restricted SEER only,SKCM,fold2,seer_05pct,0.12803215402643398,0.012713692333211929,18183,91,43,18183.0
seer_same_family_train_tcga_test,Family-restricted SEER only,SKCM,fold3,seer_05pct,0.12675492019709195,-0.05187478389751771,18183,91,43,18183.0
seer_same_family_train_tcga_test,Family-restricted SEER only,SKCM,fold4,seer_05pct,0.1794060624834009,-0.03182849416142364,18183,91,43,18183.0
seer_same_family_train_tcga_test,Family-restricted SEER only,SKCM,fold5,seer_05pct,0.10515380813326966,0.02011054348705575,18183,90,42,18183.0
seer_same_family_train_tcga_test,Family-restricted SEER only,STAD,fold1,seer_05pct,0.03609329935648258,-0.1377997499469244,10098,84,34,10098.0
seer_same_family_train_tcga_test,Family-restricted SEER only,STAD,fold2,seer_05pct,0.045028371852013284,-0.1730314375248425,10098,84,34,10098.0
seer_same_family_train_tcga_test,Family-restricted SEER only,STAD,fold3,seer_05pct,0.041507951180130835,-0.1456061668733042,10098,83,33,10098.0
seer_same_family_train_tcga_test,Family-restricted SEER only,STAD,fold4,seer_05pct,0.04687462644749455,-0.14303694446224952,10098,83,33,10098.0
seer_same_family_train_tcga_test,Family-restricted SEER only,STAD,fold5,seer_05pct,0.03772482437847518,-0.1652220707281268,10098,83,34,10098.0
seer_same_family_train_tcga_test,Family-restricted SEER only,TGCT,fold1,seer_05pct,0.046435764988963776,0.03279622555984683,58972,67,2,58972.0
seer_same_family_train_tcga_test,Family-restricted SEER only,TGCT,fold2,seer_05pct,0.018132801297318292,0.004493261868201341,58972,67,2,58972.0
seer_same_family_train_tcga_test,Family-restricted SEER only,THCA,fold1,seer_05pct,0.011049384327351612,-0.04366041399131052,10370,169,5,10370.0
seer_same_family_train_tcga_test,Family-restricted SEER only,THCA,fold2,seer_05pct,0.009167015793030562,-0.02137256689545251,10370,169,6,10370.0
seer_same_family_train_tcga_test,Family-restricted SEER only,THCA,fold3,seer_05pct,0.008047167859469136,-0.03286595610460786,10370,168,5,10370.0
seer_same_family_train_tcga_test,Family-restricted SEER only,THYM,fold1,seer_05pct,0.05770971703186577,-0.005655511104779631,299,62,5,299.0
seer_same_family_train_tcga_test,Family-restricted SEER only,THYM,fold2,seer_05pct,0.06920443906535756,-0.018751018786637,299,61,4,299.0
seer_same_family_train_tcga_test,Family-restricted SEER only,UCEC,fold1,seer_05pct,0.027039209581478152,-0.1189604299569107,22263,110,19,22263.0
seer_same_family_train_tcga_test,Family-restricted SEER only,UCEC,fold2,seer_05pct,0.026639083369971246,-0.056911102286163334,22263,109,18,22263.0
seer_same_family_train_tcga_test,Family-restricted SEER only,UCEC,fold3,seer_05pct,0.058135788808237714,-0.19692967373828751,22263,109,18,22263.0
seer_same_family_train_tcga_test,Family-restricted SEER only,UCEC,fold4,seer_05pct,0.025399291914790113,-0.1500614926019168,22263,109,18,22263.0
seer_same_family_train_tcga_test,Family-restricted SEER only,UCEC,fold5,seer_05pct,0.037908492859987555,-0.086963396230624,22263,109,18,22263.0
seer_same_family_train_tcga_test,Family-restricted SEER only,UCS,fold1,seer_05pct,0.036064672649280566,-0.19583640263890395,22263,12,7,22263.0
seer_same_family_train_tcga_test,Family-restricted SEER only,UCS,fold2,seer_05pct,0.03639677135704294,-0.06607623783753314,22263,11,7,22263.0
seer_same_family_train_tcga_test,Family-restricted SEER only,UCS,fold3,seer_05pct,0.08935864611838547,-0.15758451617859087,22263,11,7,22263.0
seer_same_family_train_tcga_test,Family-restricted SEER only,UCS,fold4,seer_05pct,0.07152275436785613,-0.217190632147412,22263,11,7,22263.0
seer_same_family_train_tcga_test,Family-restricted SEER only,UCS,fold5,seer_05pct,0.047291415398496545,-0.14845402001987698,22263,11,7,22263.0
seer_same_family_train_tcga_test,Family-restricted SEER only,UVM,fold1,seer_05pct,0.03458940180487575,-0.09482479956411335,496,20,6,496.0
seer_same_family_train_tcga_test,Family-restricted SEER only,UVM,fold2,seer_05pct,0.03123726619617266,-0.10508642232841596,496,20,6,496.0
seer_same_family_train_tcga_test,Family-restricted SEER only,UVM,fold3,seer_05pct,0.03145607739278926,-0.1585926832690443,496,20,6,496.0
seer_same_family_train_tcga_test,Family-restricted SEER only,UVM,fold4,seer_05pct,0.025483540004090557,-0.19845614021661503,496,20,5,496.0
seer_same_family_train_tcga_test,Family-restricted SEER only,ACC,fold1,seer_10pct,0.06404160741901696,-0.025556347128230628,501,19,7,501.0
seer_same_family_train_tcga_test,Family-restricted SEER only,ACC,fold2,seer_10pct,0.128311808686955,-0.09412047410722396,501,18,7,501.0
seer_same_family_train_tcga_test,Family-restricted SEER only,ACC,fold3,seer_10pct,0.08006832763029999,-0.07624245198267969,501,18,7,501.0
seer_same_family_train_tcga_test,Family-restricted SEER only,ACC,fold4,seer_10pct,0.0605842269003027,-0.02917158340353547,501,18,6,501.0
seer_same_family_train_tcga_test,Family-restricted SEER only,ACC,fold5,seer_10pct,0.08051817212531079,-0.012353123933844093,501,18,6,501.0
seer_same_family_train_tcga_test,Family-restricted SEER only,BLCA,fold1,seer_10pct,0.04008124462508339,-0.15562029922402443,52202,82,36,52202.0
seer_same_family_train_tcga_test,Family-restricted SEER only,BLCA,fold2,seer_10pct,0.047183737928463226,-0.08485599875265923,52202,82,36,52202.0
seer_same_family_train_tcga_test,Family-restricted SEER only,BLCA,fold3,seer_10pct,0.0445249692922126,-0.10828355262820395,52202,82,36,52202.0
seer_same_family_train_tcga_test,Family-restricted SEER only,BLCA,fold4,seer_10pct,0.04957302917227232,-0.14107498865813442,52202,82,36,52202.0
seer_same_family_train_tcga_test,Family-restricted SEER only,BLCA,fold5,seer_10pct,0.05882429487730924,-0.20846654144919136,52202,82,36,52202.0
seer_same_family_train_tcga_test,Family-restricted SEER only,BRCA,fold1,seer_10pct,0.054394357298989164,-0.1029859184105518,113080,217,30,113080.0
seer_same_family_train_tcga_test,Family-restricted SEER only,BRCA,fold2,seer_10pct,0.05155510243242139,-0.061922057386428385,113080,217,30,113080.0
seer_same_family_train_tcga_test,Family-restricted SEER only,BRCA,fold3,seer_10pct,0.048066688176979226,-0.07063716763360567,113080,217,31,113080.0
seer_same_family_train_tcga_test,Family-restricted SEER only,BRCA,fold4,seer_10pct,0.05363429711759295,-0.1912004450172986,113080,216,30,113080.0
seer_same_family_train_tcga_test,Family-restricted SEER only,BRCA,fold5,seer_10pct,0.05076773408135346,-0.09993678212078777,113080,216,30,113080.0
seer_same_family_train_tcga_test,Family-restricted SEER only,CESC,fold1,seer_10pct,0.07837798148953234,-0.07235619531035486,44526,59,14,44526.0
seer_same_family_train_tcga_test,Family-restricted SEER only,CESC,fold2,seer_10pct,0.12040916239575718,-0.06423044050271,44526,59,14,44526.0
seer_same_family_train_tcga_test,Family-restricted SEER only,CESC,fold3,seer_10pct,0.05982345979433047,-0.04527140539366199,44526,59,14,44526.0
seer_same_family_train_tcga_test,Family-restricted SEER only,CESC,fold4,seer_10pct,0.08012673240921322,-0.22433672347142,44526,59,15,44526.0
seer_same_family_train_tcga_test,Family-restricted SEER only,CESC,fold5,seer_10pct,0.07035335561768961,-0.226359040913105,44526,58,14,44526.0
seer_same_family_train_tcga_test,Family-restricted SEER only,CHOL,fold1,seer_10pct,0.03766940458331819,-0.1845631600617135,16335,12,6,16335.0
seer_same_family_train_tcga_test,Family-restricted SEER only,CHOL,fold2,seer_10pct,0.06847874947221573,-0.2598231749907188,16335,11,6,16335.0
seer_same_family_train_tcga_test,Family-restricted SEER only,CHOL,fold3,seer_10pct,0.04640832948651589,-0.1845718348285068,16335,11,5,16335.0
seer_same_family_train_tcga_test,Family-restricted SEER only,CHOL,fold4,seer_10pct,0.05788823901450107,-0.35032998748915023,16335,11,5,16335.0
seer_same_family_train_tcga_test,Family-restricted SEER only,COAD,fold1,seer_10pct,0.03110819104266714,-0.1801667964168276,67255,89,20,67255.0
seer_same_family_train_tcga_test,Family-restricted SEER only,COAD,fold2,seer_10pct,0.039056687947612634,-0.16129876861695025,67255,89,20,67255.0
seer_same_family_train_tcga_test,Family-restricted SEER only,COAD,fold3,seer_10pct,0.04416008528093818,-0.15573156829628698,67255,88,19,67255.0
seer_same_family_train_tcga_test,Family-restricted SEER only,COAD,fold4,seer_10pct,0.036046091659592036,-0.23359478220293067,67255,88,19,67255.0
seer_same_family_train_tcga_test,Family-restricted SEER only,COAD,fold5,seer_10pct,0.03148573297349831,-0.076804549816623,67255,88,20,67255.0
seer_same_family_train_tcga_test,Family-restricted SEER only,DLBC,fold1,seer_10pct,0.0759452617369587,-0.09408783956699876,33489,24,5,33489.0
seer_same_family_train_tcga_test,Family-restricted SEER only,DLBC,fold2,seer_10pct,0.10449438235466788,-0.10463315832259087,33489,23,4,33489.0
seer_same_family_train_tcga_test,Family-restricted SEER only,ESCA,fold1,seer_10pct,0.04421452304856473,-0.20181503057282296,20196,37,16,20196.0
seer_same_family_train_tcga_test,Family-restricted SEER only,ESCA,fold2,seer_10pct,0.03661949406584811,-0.09537797962265915,20196,37,16,20196.0
seer_same_family_train_tcga_test,Family-restricted SEER only,ESCA,fold3,seer_10pct,0.02712855313605838,-0.10756043777692126,20196,37,15,20196.0
seer_same_family_train_tcga_test,Family-restricted SEER only,ESCA,fold4,seer_10pct,0.0523444083652451,-0.10387459941256663,20196,37,15,20196.0
seer_same_family_train_tcga_test,Family-restricted SEER only,ESCA,fold5,seer_10pct,0.051534071978574535,-0.1374659596200662,20196,37,15,20196.0
seer_same_family_train_tcga_test,Family-restricted SEER only,GBM,fold1,seer_10pct,0.12337681779144932,0.06509184104937125,10104,119,99,10104.0
seer_same_family_train_tcga_test,Family-restricted SEER only,GBM,fold2,seer_10pct,0.1393425799954919,0.05683839475698059,10104,119,98,10104.0
seer_same_family_train_tcga_test,Family-restricted SEER only,GBM,fold3,seer_10pct,0.1326427671055164,0.05619916848063464,10104,119,98,10104.0
seer_same_family_train_tcga_test,Family-restricted SEER only,GBM,fold4,seer_10pct,0.10826668095040971,0.04336947485303776,10104,119,98,10104.0
seer_same_family_train_tcga_test,Family-restricted SEER only,GBM,fold5,seer_10pct,0.1289460026318365,0.04009874974605847,10104,119,98,10104.0
seer_same_family_train_tcga_test,Family-restricted SEER only,HNSC,fold1,seer_10pct,0.05882946866765103,-0.15570179326221928,23685,106,45,23685.0
seer_same_family_train_tcga_test,Family-restricted SEER only,HNSC,fold2,seer_10pct,0.060246607034745873,-0.07110213456326808,23685,106,45,23685.0
seer_same_family_train_tcga_test,Family-restricted SEER only,HNSC,fold3,seer_10pct,0.0710607790827012,-0.0876723074633047,23685,105,44,23685.0
seer_same_family_train_tcga_test,Family-restricted SEER only,HNSC,fold4,seer_10pct,0.07140124832455969,-0.11726711584318586,23685,105,44,23685.0
seer_same_family_train_tcga_test,Family-restricted SEER only,HNSC,fold5,seer_10pct,0.07475626966583208,-0.11553404775236643,23685,105,45,23685.0
seer_same_family_train_tcga_test,Family-restricted SEER only,KICH,fold1,seer_10pct,0.030313804964109025,-0.042909644476350456,52202,56,6,52202.0
seer_same_family_train_tcga_test,Family-restricted SEER only,KICH,fold2,seer_10pct,0.02677385870497315,-0.08441416350737542,52202,56,6,52202.0
seer_same_family_train_tcga_test,Family-restricted SEER only,KIRC,fold1,seer_10pct,0.05940031406452426,-0.07810275602486771,52202,107,35,52202.0
seer_same_family_train_tcga_test,Family-restricted SEER only,KIRC,fold2,seer_10pct,0.05942607217924008,-0.06145960948061463,52202,107,35,52202.0
seer_same_family_train_tcga_test,Family-restricted SEER only,KIRC,fold3,seer_10pct,0.060669552746482794,-0.11599324742421711,52202,107,35,52202.0
seer_same_family_train_tcga_test,Family-restricted SEER only,KIRC,fold4,seer_10pct,0.0544126518837349,-0.039259626583467405,52202,107,36,52202.0
seer_same_family_train_tcga_test,Family-restricted SEER only,KIRC,fold5,seer_10pct,0.04632143168880175,-0.0670957167281937,52202,107,36,52202.0
seer_same_family_train_tcga_test,Family-restricted SEER only,KIRP,fold1,seer_10pct,0.047261427328029744,-0.16044947756890318,52202,58,9,52202.0
seer_same_family_train_tcga_test,Family-restricted SEER only,KIRP,fold2,seer_10pct,0.032017380112722774,-0.16301350324435243,52202,58,9,52202.0
seer_same_family_train_tcga_test,Family-restricted SEER only,KIRP,fold3,seer_10pct,0.026979112078014598,-0.09604614948326452,52202,58,9,52202.0
seer_same_family_train_tcga_test,Family-restricted SEER only,KIRP,fold4,seer_10pct,0.029958360873925373,-0.12124595694202603,52202,57,8,52202.0
seer_same_family_train_tcga_test,Family-restricted SEER only,KIRP,fold5,seer_10pct,0.02503942767440729,-0.11027396474364923,52202,57,9,52202.0
seer_same_family_train_tcga_test,Family-restricted SEER only,LAML,fold1,seer_10pct,0.12265184619737204,-0.11592218099427021,19531,35,22,19531.0
seer_same_family_train_tcga_test,Family-restricted SEER only,LAML,fold2,seer_10pct,0.12711333749994383,-0.06101092437305372,19531,35,22,19531.0
seer_same_family_train_tcga_test,Family-restricted SEER only,LAML,fold3,seer_10pct,0.1123944240426083,-0.10455589615043517,19531,35,22,19531.0
seer_same_family_train_tcga_test,Family-restricted SEER only,LAML,fold4,seer_10pct,0.12150811158088629,-0.026677390182473865,19531,34,21,19531.0
seer_same_family_train_tcga_test,Family-restricted SEER only,LAML,fold5,seer_10pct,0.09516307123732241,-0.16146599129116296,19531,34,21,19531.0
seer_same_family_train_tcga_test,Family-restricted SEER only,LGG,fold1,seer_10pct,0.053775064447058506,-0.11132333850343393,10104,103,25,10104.0
seer_same_family_train_tcga_test,Family-restricted SEER only,LGG,fold2,seer_10pct,0.03533129619525172,-0.1391073630357933,10104,102,25,10104.0
seer_same_family_train_tcga_test,Family-restricted SEER only,LGG,fold3,seer_10pct,0.04999831830793511,-0.21069247144458475,10104,102,25,10104.0
seer_same_family_train_tcga_test,Family-restricted SEER only,LGG,fold4,seer_10pct,0.04086906834018051,-0.1283807168165979,10104,102,25,10104.0
seer_same_family_train_tcga_test,Family-restricted SEER only,LGG,fold5,seer_10pct,0.03364018689417593,-0.0673199383847373,10104,102,25,10104.0
seer_same_family_train_tcga_test,Family-restricted SEER only,LIHC,fold1,seer_10pct,0.04301083268085098,-0.09837960607653606,16335,75,27,16335.0
seer_same_family_train_tcga_test,Family-restricted SEER only,LIHC,fold2,seer_10pct,0.06714960810529685,-0.16256706585022088,16335,74,27,16335.0
seer_same_family_train_tcga_test,Family-restricted SEER only,LIHC,fold3,seer_10pct,0.060796459181343666,-0.19293736478984705,16335,74,26,16335.0
seer_same_family_train_tcga_test,Family-restricted SEER only,LIHC,fold4,seer_10pct,0.056677636973782045,-0.1368051776591055,16335,74,26,16335.0
seer_same_family_train_tcga_test,Family-restricted SEER only,LIHC,fold5,seer_10pct,0.06285470898606293,-0.1031834849259492,16335,74,26,16335.0
seer_same_family_train_tcga_test,Family-restricted SEER only,LUAD,fold1,seer_10pct,0.05588588210375187,-0.12572863894291378,73133,102,36,73133.0
seer_same_family_train_tcga_test,Family-restricted SEER only,LUAD,fold2,seer_10pct,0.04094128682360248,-0.10635257135613438,73133,102,37,73133.0
seer_same_family_train_tcga_test,Family-restricted SEER only,LUAD,fold3,seer_10pct,0.041352939425205626,-0.08676192473996125,73133,102,37,73133.0
seer_same_family_train_tcga_test,Family-restricted SEER only,LUAD,fold4,seer_10pct,0.06388540853514235,-0.24576462106253077,73133,102,37,73133.0
seer_same_family_train_tcga_test,Family-restricted SEER only,LUAD,fold5,seer_10pct,0.05559598264950629,-0.06338937436576775,73133,101,36,73133.0
seer_same_family_train_tcga_test,Family-restricted SEER only,LUSC,fold1,seer_10pct,0.07417942526740265,-0.06352539174737962,73133,100,43,73133.0
seer_same_family_train_tcga_test,Family-restricted SEER only,LUSC,fold2,seer_10pct,0.06077921654043807,-0.062244370512688225,73133,100,43,73133.0
seer_same_family_train_tcga_test,Family-restricted SEER only,LUSC,fold3,seer_10pct,0.07064895848928013,-0.05308074036063948,73133,99,43,73133.0
seer_same_family_train_tcga_test,Family-restricted SEER only,LUSC,fold4,seer_10pct,0.08226134582530284,-0.0982988365918083,73133,99,43,73133.0
seer_same_family_train_tcga_test,Family-restricted SEER only,LUSC,fold5,seer_10pct,0.1236290572424799,-0.23583926511300074,73133,99,43,73133.0
seer_same_family_train_tcga_test,Family-restricted SEER only,MESO,fold1,seer_10pct,0.04410317016827307,-0.03677687552044143,1216,17,15,1216.0
seer_same_family_train_tcga_test,Family-restricted SEER only,MESO,fold2,seer_10pct,0.10473456153748556,-0.15512694291021,1216,17,15,1216.0
seer_same_family_train_tcga_test,Family-restricted SEER only,MESO,fold3,seer_10pct,0.060403751278449686,-0.05605358030142581,1216,17,15,1216.0
seer_same_family_train_tcga_test,Family-restricted SEER only,MESO,fold4,seer_10pct,0.06019512506513401,-0.061808778172745826,1216,17,14,1216.0
seer_same_family_train_tcga_test,Family-restricted SEER only,MESO,fold5,seer_10pct,0.0753421875089987,-0.0812717041152717,1216,17,14,1216.0
seer_same_family_train_tcga_test,Family-restricted SEER only,OV,fold1,seer_10pct,0.07843355438262559,-0.07661248892767344,44526,117,70,44526.0
seer_same_family_train_tcga_test,Family-restricted SEER only,OV,fold2,seer_10pct,0.06569442832651305,-0.06873049814530867,44526,117,70,44526.0
seer_same_family_train_tcga_test,Family-restricted SEER only,OV,fold3,seer_10pct,0.06791132236963748,-0.04713119832481168,44526,116,70,44526.0
seer_same_family_train_tcga_test,Family-restricted SEER only,OV,fold4,seer_10pct,0.06201806393836084,-0.06866540937266258,44526,116,69,44526.0
seer_same_family_train_tcga_test,Family-restricted SEER only,OV,fold5,seer_10pct,0.0868936909285401,-0.14014435461256147,44526,116,69,44526.0
seer_same_family_train_tcga_test,Family-restricted SEER only,PAAD,fold1,seer_10pct,0.04613875816381267,-0.10681038430545786,16466,37,20,16466.0
seer_same_family_train_tcga_test,Family-restricted SEER only,PAAD,fold2,seer_10pct,0.08818232901287547,-0.3602961047711043,16466,37,20,16466.0
seer_same_family_train_tcga_test,Family-restricted SEER only,PAAD,fold3,seer_10pct,0.030363570935146342,-0.06818633156206896,16466,37,20,16466.0
seer_same_family_train_tcga_test,Family-restricted SEER only,PAAD,fold4,seer_10pct,0.04964269646868599,-0.08664958601384962,16466,37,20,16466.0
seer_same_family_train_tcga_test,Family-restricted SEER only,PAAD,fold5,seer_10pct,0.039504751425748295,-0.11595508670353613,16466,36,20,16466.0
seer_same_family_train_tcga_test,Family-restricted SEER only,PCPG,fold1,seer_10pct,0.030166846783904022,-0.028689141640901465,282,90,3,282.0
seer_same_family_train_tcga_test,Family-restricted SEER only,PCPG,fold2,seer_10pct,0.029783389749003242,0.01981925845516314,282,89,3,282.0
seer_same_family_train_tcga_test,Family-restricted SEER only,PRAD,fold1,seer_10pct,0.007813269181280518,-0.03572058314402686,117943,250,5,117943.0
seer_same_family_train_tcga_test,Family-restricted SEER only,PRAD,fold2,seer_10pct,0.007257138327273452,-0.02082743946129743,117943,250,5,117943.0
seer_same_family_train_tcga_test,Family-restricted SEER only,READ,fold1,seer_10pct,0.024243109676580443,-0.11422488064916989,67255,33,5,67255.0
seer_same_family_train_tcga_test,Family-restricted SEER only,READ,fold2,seer_10pct,0.023850313535519696,-0.16183775644602685,67255,33,5,67255.0
seer_same_family_train_tcga_test,Family-restricted SEER only,READ,fold3,seer_10pct,0.018993760887155115,-0.09368394201907769,67255,33,5,67255.0
seer_same_family_train_tcga_test,Family-restricted SEER only,READ,fold4,seer_10pct,0.018898981205221658,-0.10747130369633479,67255,33,6,67255.0
seer_same_family_train_tcga_test,Family-restricted SEER only,READ,fold5,seer_10pct,0.033904953287801916,-0.12289881986432752,67255,32,5,67255.0
seer_same_family_train_tcga_test,Family-restricted SEER only,SARC,fold1,seer_10pct,0.09469497368181283,-0.08691640568147006,6631,53,20,6631.0
seer_same_family_train_tcga_test,Family-restricted SEER only,SARC,fold2,seer_10pct,0.07969286102131364,-0.10085473152937226,6631,52,19,6631.0
seer_same_family_train_tcga_test,Family-restricted SEER only,SARC,fold3,seer_10pct,0.0994516341155618,-0.10733767064574837,6631,52,20,6631.0
seer_same_family_train_tcga_test,Family-restricted SEER only,SARC,fold4,seer_10pct,0.10398950799620076,-0.10650697252202689,6631,52,20,6631.0
seer_same_family_train_tcga_test,Family-restricted SEER only,SARC,fold5,seer_10pct,0.08875749488505985,-0.14150182655237062,6631,52,20,6631.0
seer_same_family_train_tcga_test,Family-restricted SEER only,SKCM,fold1,seer_10pct,0.17552123337016567,-0.020986638115508355,36366,91,43,36366.0
seer_same_family_train_tcga_test,Family-restricted SEER only,SKCM,fold2,seer_10pct,0.13099445742030288,0.015675995727080838,36366,91,43,36366.0
seer_same_family_train_tcga_test,Family-restricted SEER only,SKCM,fold3,seer_10pct,0.13570528002677054,-0.04292442406783911,36366,91,43,36366.0
seer_same_family_train_tcga_test,Family-restricted SEER only,SKCM,fold4,seer_10pct,0.1811521335434652,-0.030082423101359335,36366,91,43,36366.0
seer_same_family_train_tcga_test,Family-restricted SEER only,SKCM,fold5,seer_10pct,0.10447153219984971,0.019428267553635803,36366,90,42,36366.0
seer_same_family_train_tcga_test,Family-restricted SEER only,STAD,fold1,seer_10pct,0.039078771900954004,-0.134814277402453,20196,84,34,20196.0
seer_same_family_train_tcga_test,Family-restricted SEER only,STAD,fold2,seer_10pct,0.04494917487242526,-0.17311063450443054,20196,84,34,20196.0
seer_same_family_train_tcga_test,Family-restricted SEER only,STAD,fold3,seer_10pct,0.03865880174897769,-0.14845531630445735,20196,83,33,20196.0
seer_same_family_train_tcga_test,Family-restricted SEER only,STAD,fold4,seer_10pct,0.04717721499955571,-0.14273435591018835,20196,83,33,20196.0
seer_same_family_train_tcga_test,Family-restricted SEER only,STAD,fold5,seer_10pct,0.03976163690003861,-0.16318525820656338,20196,83,34,20196.0
seer_same_family_train_tcga_test,Family-restricted SEER only,TGCT,fold1,seer_10pct,0.04764918642305534,0.03400964699393839,117943,67,2,117943.0
seer_same_family_train_tcga_test,Family-restricted SEER only,TGCT,fold2,seer_10pct,0.018195336914061905,0.004555797484944954,117943,67,2,117943.0
seer_same_family_train_tcga_test,Family-restricted SEER only,THCA,fold1,seer_10pct,0.010675172864545475,-0.04403462545411666,20740,169,5,20740.0
seer_same_family_train_tcga_test,Family-restricted SEER only,THCA,fold2,seer_10pct,0.008661835155504448,-0.021877747532978623,20740,169,6,20740.0
seer_same_family_train_tcga_test,Family-restricted SEER only,THCA,fold3,seer_10pct,0.007058706055833191,-0.033854417908243804,20740,168,5,20740.0
seer_same_family_train_tcga_test,Family-restricted SEER only,THYM,fold1,seer_10pct,0.03799910619347252,-0.02536612194317288,597,62,5,597.0
seer_same_family_train_tcga_test,Family-restricted SEER only,THYM,fold2,seer_10pct,0.04623454936470979,-0.04172090848728477,597,61,4,597.0
seer_same_family_train_tcga_test,Family-restricted SEER only,UCEC,fold1,seer_10pct,0.029878473066041092,-0.11612116647234776,44526,110,19,44526.0
seer_same_family_train_tcga_test,Family-restricted SEER only,UCEC,fold2,seer_10pct,0.02700110929117158,-0.056549076364962994,44526,109,18,44526.0
seer_same_family_train_tcga_test,Family-restricted SEER only,UCEC,fold3,seer_10pct,0.06402872857027482,-0.19103673397625043,44526,109,18,44526.0
seer_same_family_train_tcga_test,Family-restricted SEER only,UCEC,fold4,seer_10pct,0.026278916817731167,-0.14918186769897576,44526,109,18,44526.0
seer_same_family_train_tcga_test,Family-restricted SEER only,UCEC,fold5,seer_10pct,0.039202287680338094,-0.08566960141027347,44526,109,18,44526.0
seer_same_family_train_tcga_test,Family-restricted SEER only,UCS,fold1,seer_10pct,0.0367050125283427,-0.1951960627598418,44526,12,7,44526.0
seer_same_family_train_tcga_test,Family-restricted SEER only,UCS,fold2,seer_10pct,0.03914545860039512,-0.06332755059418096,44526,11,7,44526.0
seer_same_family_train_tcga_test,Family-restricted SEER only,UCS,fold3,seer_10pct,0.1010326060053063,-0.14591055629167005,44526,11,7,44526.0
seer_same_family_train_tcga_test,Family-restricted SEER only,UCS,fold4,seer_10pct,0.07053347472731897,-0.21817991178794915,44526,11,7,44526.0
seer_same_family_train_tcga_test,Family-restricted SEER only,UCS,fold5,seer_10pct,0.05284512881705679,-0.14290030660131675,44526,11,7,44526.0
seer_same_family_train_tcga_test,Family-restricted SEER only,UVM,fold1,seer_10pct,0.04630316584168896,-0.08311103552730013,993,20,6,993.0
seer_same_family_train_tcga_test,Family-restricted SEER only,UVM,fold2,seer_10pct,0.033282309887987555,-0.10304137863660107,993,20,6,993.0
seer_same_family_train_tcga_test,Family-restricted SEER only,UVM,fold3,seer_10pct,0.03143226645087728,-0.15861649421095625,993,20,6,993.0
seer_same_family_train_tcga_test,Family-restricted SEER only,UVM,fold4,seer_10pct,0.028721576593134554,-0.19521810362757103,993,20,5,993.0
seer_same_family_train_tcga_test,Family-restricted SEER only,ACC,fold1,seer_20pct,0.06754394494881595,-0.022054009598431637,1003,19,7,1003.0
seer_same_family_train_tcga_test,Family-restricted SEER only,ACC,fold2,seer_20pct,0.1100769322719353,-0.11235535052224366,1003,18,7,1003.0
seer_same_family_train_tcga_test,Family-restricted SEER only,ACC,fold3,seer_20pct,0.07392827025126103,-0.08238250936171865,1003,18,7,1003.0
seer_same_family_train_tcga_test,Family-restricted SEER only,ACC,fold4,seer_20pct,0.06601636816301595,-0.023739442140822214,1003,18,6,1003.0
seer_same_family_train_tcga_test,Family-restricted SEER only,ACC,fold5,seer_20pct,0.09115164317129108,-0.0017196528878637984,1003,18,6,1003.0
seer_same_family_train_tcga_test,Family-restricted SEER only,BLCA,fold1,seer_20pct,0.040429098130211595,-0.15527244571889623,104404,82,36,104404.0
seer_same_family_train_tcga_test,Family-restricted SEER only,BLCA,fold2,seer_20pct,0.049050873249112156,-0.0829888634320103,104404,82,36,104404.0
seer_same_family_train_tcga_test,Family-restricted SEER only,BLCA,fold3,seer_20pct,0.04554565551641881,-0.10726286640399774,104404,82,36,104404.0
seer_same_family_train_tcga_test,Family-restricted SEER only,BLCA,fold4,seer_20pct,0.05011771362909224,-0.14053030420131452,104404,82,36,104404.0
seer_same_family_train_tcga_test,Family-restricted SEER only,BLCA,fold5,seer_20pct,0.06157548999683119,-0.2057153463296694,104404,82,36,104404.0
seer_same_family_train_tcga_test,Family-restricted SEER only,BRCA,fold1,seer_20pct,0.053124146043695905,-0.10425612966584506,226160,217,30,226160.0
seer_same_family_train_tcga_test,Family-restricted SEER only,BRCA,fold2,seer_20pct,0.0519029279705763,-0.06157423184827347,226160,217,30,226160.0
seer_same_family_train_tcga_test,Family-restricted SEER only,BRCA,fold3,seer_20pct,0.0492810350518907,-0.06942282075869419,226160,217,31,226160.0
seer_same_family_train_tcga_test,Family-restricted SEER only,BRCA,fold4,seer_20pct,0.05243993669312563,-0.1923948054417659,226160,216,30,226160.0
seer_same_family_train_tcga_test,Family-restricted SEER only,BRCA,fold5,seer_20pct,0.05093595224430542,-0.09976856395783582,226160,216,30,226160.0
seer_same_family_train_tcga_test,Family-restricted SEER only,CESC,fold1,seer_20pct,0.07621854168770303,-0.07451563511218418,89052,59,14,89052.0
seer_same_family_train_tcga_test,Family-restricted SEER only,CESC,fold2,seer_20pct,0.12164683928811802,-0.06299276361034915,89052,59,14,89052.0
seer_same_family_train_tcga_test,Family-restricted SEER only,CESC,fold3,seer_20pct,0.05836916710279474,-0.04672569808519773,89052,59,14,89052.0
seer_same_family_train_tcga_test,Family-restricted SEER only,CESC,fold4,seer_20pct,0.07955235167504598,-0.22491110420558724,89052,59,15,89052.0
seer_same_family_train_tcga_test,Family-restricted SEER only,CESC,fold5,seer_20pct,0.06844841214503526,-0.22826398438575934,89052,58,14,89052.0
seer_same_family_train_tcga_test,Family-restricted SEER only,CHOL,fold1,seer_20pct,0.04056268167596711,-0.18166988296906458,32669,12,6,32669.0
seer_same_family_train_tcga_test,Family-restricted SEER only,CHOL,fold2,seer_20pct,0.06376988540979538,-0.2645320390531391,32669,11,6,32669.0
seer_same_family_train_tcga_test,Family-restricted SEER only,CHOL,fold3,seer_20pct,0.04616953307079984,-0.18481063124422287,32669,11,5,32669.0
seer_same_family_train_tcga_test,Family-restricted SEER only,CHOL,fold4,seer_20pct,0.060374939161375686,-0.3478432873422756,32669,11,5,32669.0
seer_same_family_train_tcga_test,Family-restricted SEER only,COAD,fold1,seer_20pct,0.03268617252192643,-0.17858881493756829,134510,89,20,134510.0
seer_same_family_train_tcga_test,Family-restricted SEER only,COAD,fold2,seer_20pct,0.04036463230474562,-0.15999082425981725,134510,89,20,134510.0
seer_same_family_train_tcga_test,Family-restricted SEER only,COAD,fold3,seer_20pct,0.0453436287466935,-0.15454802483053165,134510,88,19,134510.0
seer_same_family_train_tcga_test,Family-restricted SEER only,COAD,fold4,seer_20pct,0.03662114713638035,-0.23301972672614238,134510,88,19,134510.0
seer_same_family_train_tcga_test,Family-restricted SEER only,COAD,fold5,seer_20pct,0.032795763759411005,-0.0754945190307103,134510,88,20,134510.0
seer_same_family_train_tcga_test,Family-restricted SEER only,DLBC,fold1,seer_20pct,0.07320138302745152,-0.09683171827650594,66978,24,5,66978.0
seer_same_family_train_tcga_test,Family-restricted SEER only,DLBC,fold2,seer_20pct,0.10537115112289626,-0.10375638955436249,66978,23,4,66978.0
seer_same_family_train_tcga_test,Family-restricted SEER only,ESCA,fold1,seer_20pct,0.03861980671102725,-0.20740974691036043,40391,37,16,40391.0
seer_same_family_train_tcga_test,Family-restricted SEER only,ESCA,fold2,seer_20pct,0.035322384222302,-0.09667508946620526,40391,37,16,40391.0
seer_same_family_train_tcga_test,Family-restricted SEER only,ESCA,fold3,seer_20pct,0.02860224804151364,-0.10608674287146601,40391,37,15,40391.0
seer_same_family_train_tcga_test,Family-restricted SEER only,ESCA,fold4,seer_20pct,0.05124286357318971,-0.10497614420462201,40391,37,15,40391.0
seer_same_family_train_tcga_test,Family-restricted SEER only,ESCA,fold5,seer_20pct,0.0441129547930536,-0.14488707680558713,40391,37,15,40391.0
seer_same_family_train_tcga_test,Family-restricted SEER only,GBM,fold1,seer_20pct,0.09106474260796713,0.03277976586588906,20207,119,99,20207.0
seer_same_family_train_tcga_test,Family-restricted SEER only,GBM,fold2,seer_20pct,0.10416570308495862,0.021661517846447306,20207,119,98,20207.0
seer_same_family_train_tcga_test,Family-restricted SEER only,GBM,fold3,seer_20pct,0.09696689689414638,0.02052329826926462,20207,119,98,20207.0
seer_same_family_train_tcga_test,Family-restricted SEER only,GBM,fold4,seer_20pct,0.07856690941351888,0.01366970331614692,20207,119,98,20207.0
seer_same_family_train_tcga_test,Family-restricted SEER only,GBM,fold5,seer_20pct,0.09331386967441495,0.004466616788636912,20207,119,98,20207.0
seer_same_family_train_tcga_test,Family-restricted SEER only,HNSC,fold1,seer_20pct,0.06322447053908305,-0.15130679139078723,47370,106,45,47370.0
seer_same_family_train_tcga_test,Family-restricted SEER only,HNSC,fold2,seer_20pct,0.06339357200259041,-0.06795516959542355,47370,106,45,47370.0
seer_same_family_train_tcga_test,Family-restricted SEER only,HNSC,fold3,seer_20pct,0.07278423058680296,-0.08594885595920294,47370,105,44,47370.0
seer_same_family_train_tcga_test,Family-restricted SEER only,HNSC,fold4,seer_20pct,0.07748704727925497,-0.11118131688849058,47370,105,44,47370.0
seer_same_family_train_tcga_test,Family-restricted SEER only,HNSC,fold5,seer_20pct,0.07854806616099266,-0.11174225125720585,47370,105,45,47370.0
seer_same_family_train_tcga_test,Family-restricted SEER only,KICH,fold1,seer_20pct,0.02946629235823721,-0.043757157082222276,104404,56,6,104404.0
seer_same_family_train_tcga_test,Family-restricted SEER only,KICH,fold2,seer_20pct,0.02751277717406538,-0.08367524503828319,104404,56,6,104404.0
seer_same_family_train_tcga_test,Family-restricted SEER only,KIRC,fold1,seer_20pct,0.06151618573538371,-0.07598688435400826,104404,107,35,104404.0
seer_same_family_train_tcga_test,Family-restricted SEER only,KIRC,fold2,seer_20pct,0.06160506643859098,-0.059280615221263724,104404,107,35,104404.0
seer_same_family_train_tcga_test,Family-restricted SEER only,KIRC,fold3,seer_20pct,0.06051470378722869,-0.11614809638347122,104404,107,35,104404.0
seer_same_family_train_tcga_test,Family-restricted SEER only,KIRC,fold4,seer_20pct,0.05627558190064522,-0.03739669656655708,104404,107,36,104404.0
seer_same_family_train_tcga_test,Family-restricted SEER only,KIRC,fold5,seer_20pct,0.04736363270499667,-0.06605351571199877,104404,107,36,104404.0
seer_same_family_train_tcga_test,Family-restricted SEER only,KIRP,fold1,seer_20pct,0.052488020416817494,-0.15522288448011543,104404,58,9,104404.0
seer_same_family_train_tcga_test,Family-restricted SEER only,KIRP,fold2,seer_20pct,0.030859520019324828,-0.16417136333775037,104404,58,9,104404.0
seer_same_family_train_tcga_test,Family-restricted SEER only,KIRP,fold3,seer_20pct,0.027588811804071245,-0.09543644975720787,104404,58,9,104404.0
seer_same_family_train_tcga_test,Family-restricted SEER only,KIRP,fold4,seer_20pct,0.02794497523713223,-0.12325934257881917,104404,57,8,104404.0
seer_same_family_train_tcga_test,Family-restricted SEER only,KIRP,fold5,seer_20pct,0.02618612267567505,-0.10912726974238146,104404,57,9,104404.0
seer_same_family_train_tcga_test,Family-restricted SEER only,LAML,fold1,seer_20pct,0.11073500514305673,-0.12783902204858552,39062,35,22,39062.0
seer_same_family_train_tcga_test,Family-restricted SEER only,LAML,fold2,seer_20pct,0.11782586157019419,-0.07029840030280336,39062,35,22,39062.0
seer_same_family_train_tcga_test,Family-restricted SEER only,LAML,fold3,seer_20pct,0.1063083097919387,-0.11064201040110477,39062,35,22,39062.0
seer_same_family_train_tcga_test,Family-restricted SEER only,LAML,fold4,seer_20pct,0.10810058045804213,-0.040084921305318016,39062,34,21,39062.0
seer_same_family_train_tcga_test,Family-restricted SEER only,LAML,fold5,seer_20pct,0.09191682812571819,-0.1647122344027672,39062,34,21,39062.0
seer_same_family_train_tcga_test,Family-restricted SEER only,LGG,fold1,seer_20pct,0.05410723596582023,-0.11099116698467221,20207,103,25,20207.0
seer_same_family_train_tcga_test,Family-restricted SEER only,LGG,fold2,seer_20pct,0.03291535314537876,-0.14152330608566627,20207,102,25,20207.0
seer_same_family_train_tcga_test,Family-restricted SEER only,LGG,fold3,seer_20pct,0.05069194963541602,-0.20999884011710385,20207,102,25,20207.0
seer_same_family_train_tcga_test,Family-restricted SEER only,LGG,fold4,seer_20pct,0.04023380717400626,-0.12901597798277215,20207,102,25,20207.0
seer_same_family_train_tcga_test,Family-restricted SEER only,LGG,fold5,seer_20pct,0.030126994598210916,-0.07083313068070231,20207,102,25,20207.0
seer_same_family_train_tcga_test,Family-restricted SEER only,LIHC,fold1,seer_20pct,0.04292919863839873,-0.09846124011898832,32669,75,27,32669.0
seer_same_family_train_tcga_test,Family-restricted SEER only,LIHC,fold2,seer_20pct,0.06638750610236625,-0.1633291678531515,32669,74,27,32669.0
seer_same_family_train_tcga_test,Family-restricted SEER only,LIHC,fold3,seer_20pct,0.057725367445863776,-0.19600845652532695,32669,74,26,32669.0
seer_same_family_train_tcga_test,Family-restricted SEER only,LIHC,fold4,seer_20pct,0.059815874400011064,-0.13366694023287645,32669,74,26,32669.0
seer_same_family_train_tcga_test,Family-restricted SEER only,LIHC,fold5,seer_20pct,0.06002813680960224,-0.10601005710240989,32669,74,26,32669.0
seer_same_family_train_tcga_test,Family-restricted SEER only,LUAD,fold1,seer_20pct,0.055754514912613615,-0.12586000613405202,146266,102,36,146266.0
seer_same_family_train_tcga_test,Family-restricted SEER only,LUAD,fold2,seer_20pct,0.044142765349295184,-0.10315109283044169,146266,102,37,146266.0
seer_same_family_train_tcga_test,Family-restricted SEER only,LUAD,fold3,seer_20pct,0.04171260430802696,-0.08640225985713992,146266,102,37,146266.0
seer_same_family_train_tcga_test,Family-restricted SEER only,LUAD,fold4,seer_20pct,0.06343549393297294,-0.2462145356647002,146266,102,37,146266.0
seer_same_family_train_tcga_test,Family-restricted SEER only,LUAD,fold5,seer_20pct,0.05747275123180703,-0.061512605783467005,146266,101,36,146266.0
seer_same_family_train_tcga_test,Family-restricted SEER only,LUSC,fold1,seer_20pct,0.07222726983497535,-0.06547754717980692,146266,100,43,146266.0
seer_same_family_train_tcga_test,Family-restricted SEER only,LUSC,fold2,seer_20pct,0.06044536605850596,-0.06257822099462035,146266,100,43,146266.0
seer_same_family_train_tcga_test,Family-restricted SEER only,LUSC,fold3,seer_20pct,0.07026009159271167,-0.05346960725720794,146266,99,43,146266.0
seer_same_family_train_tcga_test,Family-restricted SEER only,LUSC,fold4,seer_20pct,0.08206211021259512,-0.09849807220451602,146266,99,43,146266.0
seer_same_family_train_tcga_test,Family-restricted SEER only,LUSC,fold5,seer_20pct,0.11956292283091254,-0.23990539952456813,146266,99,43,146266.0
seer_same_family_train_tcga_test,Family-restricted SEER only,MESO,fold1,seer_20pct,0.03775690730618406,-0.04312313838253044,2433,17,15,2433.0
seer_same_family_train_tcga_test,Family-restricted SEER only,MESO,fold2,seer_20pct,0.09805013874173055,-0.16181136570596502,2433,17,15,2433.0
seer_same_family_train_tcga_test,Family-restricted SEER only,MESO,fold3,seer_20pct,0.07937960323317363,-0.037077728346701866,2433,17,15,2433.0
seer_same_family_train_tcga_test,Family-restricted SEER only,MESO,fold4,seer_20pct,0.058305689483900545,-0.0636982137539793,2433,17,14,2433.0
seer_same_family_train_tcga_test,Family-restricted SEER only,MESO,fold5,seer_20pct,0.06731665876347549,-0.0892972328607949,2433,17,14,2433.0
seer_same_family_train_tcga_test,Family-restricted SEER only,OV,fold1,seer_20pct,0.07614964083705275,-0.07889640247324628,89052,117,70,89052.0
seer_same_family_train_tcga_test,Family-restricted SEER only,OV,fold2,seer_20pct,0.06331040609441232,-0.0711145203774094,89052,117,70,89052.0
seer_same_family_train_tcga_test,Family-restricted SEER only,OV,fold3,seer_20pct,0.06572588189441314,-0.04931663880003602,89052,116,70,89052.0
seer_same_family_train_tcga_test,Family-restricted SEER only,OV,fold4,seer_20pct,0.05948355842003227,-0.07119991489099115,89052,116,69,89052.0
seer_same_family_train_tcga_test,Family-restricted SEER only,OV,fold5,seer_20pct,0.08733524089503493,-0.13970280464606666,89052,116,69,89052.0
seer_same_family_train_tcga_test,Family-restricted SEER only,PAAD,fold1,seer_20pct,0.04978915441044993,-0.1031599880588206,32932,37,20,32932.0
seer_same_family_train_tcga_test,Family-restricted SEER only,PAAD,fold2,seer_20pct,0.08295407769489141,-0.3655243560890884,32932,37,20,32932.0
seer_same_family_train_tcga_test,Family-restricted SEER only,PAAD,fold3,seer_20pct,0.028909293965624753,-0.06964060853159056,32932,37,20,32932.0
seer_same_family_train_tcga_test,Family-restricted SEER only,PAAD,fold4,seer_20pct,0.04193375039012513,-0.09435853209241048,32932,37,20,32932.0
seer_same_family_train_tcga_test,Family-restricted SEER only,PAAD,fold5,seer_20pct,0.03995320993794692,-0.11550662819133752,32932,36,20,32932.0
seer_same_family_train_tcga_test,Family-restricted SEER only,PCPG,fold1,seer_20pct,0.02593444054921603,-0.03292154787558946,564,90,3,564.0
seer_same_family_train_tcga_test,Family-restricted SEER only,PCPG,fold2,seer_20pct,0.025476886635092687,0.015512755341252585,564,89,3,564.0
seer_same_family_train_tcga_test,Family-restricted SEER only,PRAD,fold1,seer_20pct,0.008399464718989336,-0.03513438760631804,235886,250,5,235886.0
seer_same_family_train_tcga_test,Family-restricted SEER only,PRAD,fold2,seer_20pct,0.008114599066697464,-0.019969978721873418,235886,250,5,235886.0
seer_same_family_train_tcga_test,Family-restricted SEER only,READ,fold1,seer_20pct,0.023767910161390456,-0.11470008016435987,134510,33,5,134510.0
seer_same_family_train_tcga_test,Family-restricted SEER only,READ,fold2,seer_20pct,0.02498552549020056,-0.160702544491346,134510,33,5,134510.0
seer_same_family_train_tcga_test,Family-restricted SEER only,READ,fold3,seer_20pct,0.018498035536104476,-0.09417966737012833,134510,33,5,134510.0
seer_same_family_train_tcga_test,Family-restricted SEER only,READ,fold4,seer_20pct,0.021420321776581354,-0.10494996312497509,134510,33,6,134510.0
seer_same_family_train_tcga_test,Family-restricted SEER only,READ,fold5,seer_20pct,0.03365914285707087,-0.12314463029505857,134510,32,5,134510.0
seer_same_family_train_tcga_test,Family-restricted SEER only,SARC,fold1,seer_20pct,0.09012444447207581,-0.09148693489120709,13263,53,20,13263.0
seer_same_family_train_tcga_test,Family-restricted SEER only,SARC,fold2,seer_20pct,0.07552333958845597,-0.10502425296222992,13263,52,19,13263.0
seer_same_family_train_tcga_test,Family-restricted SEER only,SARC,fold3,seer_20pct,0.09580256008316514,-0.11098674467814502,13263,52,20,13263.0
seer_same_family_train_tcga_test,Family-restricted SEER only,SARC,fold4,seer_20pct,0.10957158671514285,-0.1009248938030848,13263,52,20,13263.0
seer_same_family_train_tcga_test,Family-restricted SEER only,SARC,fold5,seer_20pct,0.0902658594580577,-0.13999346197937276,13263,52,20,13263.0
seer_same_family_train_tcga_test,Family-restricted SEER only,SKCM,fold1,seer_20pct,0.17375758446796102,-0.022750287017713006,72732,91,43,72732.0
seer_same_family_train_tcga_test,Family-restricted SEER only,SKCM,fold2,seer_20pct,0.12901645167833437,0.013697989985112319,72732,91,43,72732.0
seer_same_family_train_tcga_test,Family-restricted SEER only,SKCM,fold3,seer_20pct,0.138511157650307,-0.040118546444302655,72732,91,43,72732.0
seer_same_family_train_tcga_test,Family-restricted SEER only,SKCM,fold4,seer_20pct,0.18316239512755234,-0.02807216151727221,72732,91,43,72732.0
seer_same_family_train_tcga_test,Family-restricted SEER only,SKCM,fold5,seer_20pct,0.10382139213088873,0.01877812748467482,72732,90,42,72732.0
seer_same_family_train_tcga_test,Family-restricted SEER only,STAD,fold1,seer_20pct,0.041354859400124705,-0.13253818990328228,40391,84,34,40391.0
seer_same_family_train_tcga_test,Family-restricted SEER only,STAD,fold2,seer_20pct,0.04369831490805424,-0.17436149446880156,40391,84,34,40391.0
seer_same_family_train_tcga_test,Family-restricted SEER only,STAD,fold3,seer_20pct,0.03967883295082011,-0.14743528510261492,40391,83,33,40391.0
seer_same_family_train_tcga_test,Family-restricted SEER only,STAD,fold4,seer_20pct,0.0459143960996993,-0.14399717481004476,40391,83,33,40391.0
seer_same_family_train_tcga_test,Family-restricted SEER only,STAD,fold5,seer_20pct,0.041614469444016366,-0.16133242566258563,40391,83,34,40391.0
seer_same_family_train_tcga_test,Family-restricted SEER only,TGCT,fold1,seer_20pct,0.043750287137404434,0.030110747708287484,235886,67,2,235886.0
seer_same_family_train_tcga_test,Family-restricted SEER only,TGCT,fold2,seer_20pct,0.017358238601181585,0.003718699172064634,235886,67,2,235886.0
seer_same_family_train_tcga_test,Family-restricted SEER only,THCA,fold1,seer_20pct,0.011788342680761062,-0.042921455637901076,41481,169,5,41481.0
seer_same_family_train_tcga_test,Family-restricted SEER only,THCA,fold2,seer_20pct,0.01100196569878927,-0.0195376169896938,41481,169,6,41481.0
seer_same_family_train_tcga_test,Family-restricted SEER only,THCA,fold3,seer_20pct,0.008321871275322783,-0.03259125268875421,41481,168,5,41481.0
seer_same_family_train_tcga_test,Family-restricted SEER only,THYM,fold1,seer_20pct,0.031421324598321185,-0.031943903538324214,1195,62,5,1195.0
seer_same_family_train_tcga_test,Family-restricted SEER only,THYM,fold2,seer_20pct,0.0373308282355522,-0.05062462961644236,1195,61,4,1195.0
seer_same_family_train_tcga_test,Family-restricted SEER only,UCEC,fold1,seer_20pct,0.02736330698006007,-0.11863633255832878,89052,110,19,89052.0
seer_same_family_train_tcga_test,Family-restricted SEER only,UCEC,fold2,seer_20pct,0.025108240194151206,-0.05844194546198337,89052,109,18,89052.0
seer_same_family_train_tcga_test,Family-restricted SEER only,UCEC,fold3,seer_20pct,0.060378722012069674,-0.19468674053445556,89052,109,18,89052.0
seer_same_family_train_tcga_test,Family-restricted SEER only,UCEC,fold4,seer_20pct,0.02500300415315021,-0.15045778036355673,89052,109,18,89052.0
seer_same_family_train_tcga_test,Family-restricted SEER only,UCEC,fold5,seer_20pct,0.037001731306071296,-0.08787015778454027,89052,109,18,89052.0
seer_same_family_train_tcga_test,Family-restricted SEER only,UCS,fold1,seer_20pct,0.03736815601575072,-0.1945329192724338,89052,12,7,89052.0
seer_same_family_train_tcga_test,Family-restricted SEER only,UCS,fold2,seer_20pct,0.03642809889860753,-0.06604491029596855,89052,11,7,89052.0
seer_same_family_train_tcga_test,Family-restricted SEER only,UCS,fold3,seer_20pct,0.09988183528836692,-0.14706132700860944,89052,11,7,89052.0
seer_same_family_train_tcga_test,Family-restricted SEER only,UCS,fold4,seer_20pct,0.0700050290954778,-0.21870835741979033,89052,11,7,89052.0
seer_same_family_train_tcga_test,Family-restricted SEER only,UCS,fold5,seer_20pct,0.0482823286747946,-0.14746310674357893,89052,11,7,89052.0
seer_same_family_train_tcga_test,Family-restricted SEER only,UVM,fold1,seer_20pct,0.05151387301733172,-0.07790032835165737,1986,20,6,1986.0
seer_same_family_train_tcga_test,Family-restricted SEER only,UVM,fold2,seer_20pct,0.03703561093540581,-0.09928807758918282,1986,20,6,1986.0
seer_same_family_train_tcga_test,Family-restricted SEER only,UVM,fold3,seer_20pct,0.03338721688814705,-0.1566615437736865,1986,20,6,1986.0
seer_same_family_train_tcga_test,Family-restricted SEER only,UVM,fold4,seer_20pct,0.032635046593895926,-0.19130463362680966,1986,20,5,1986.0
seer_same_family_train_tcga_test,Family-restricted SEER only,ACC,fold1,seer_50pct,0.049707437996718014,-0.039890516550529574,2507,19,7,2507.0
seer_same_family_train_tcga_test,Family-restricted SEER only,ACC,fold2,seer_50pct,0.08160234628171675,-0.1408299365124622,2507,18,7,2507.0
seer_same_family_train_tcga_test,Family-restricted SEER only,ACC,fold3,seer_50pct,0.06745621275367715,-0.08885456685930253,2507,18,7,2507.0
seer_same_family_train_tcga_test,Family-restricted SEER only,ACC,fold4,seer_50pct,0.05429315731044917,-0.035462652993389,2507,18,6,2507.0
seer_same_family_train_tcga_test,Family-restricted SEER only,ACC,fold5,seer_50pct,0.0696254866978684,-0.02324580936128648,2507,18,6,2507.0
seer_same_family_train_tcga_test,Family-restricted SEER only,BLCA,fold1,seer_50pct,0.03906259605688842,-0.1566389477922194,261010,82,36,261010.0
seer_same_family_train_tcga_test,Family-restricted SEER only,BLCA,fold2,seer_50pct,0.04783254257735092,-0.08420719410377153,261010,82,36,261010.0
seer_same_family_train_tcga_test,Family-restricted SEER only,BLCA,fold3,seer_50pct,0.04526756573312637,-0.10754095618729018,261010,82,36,261010.0
seer_same_family_train_tcga_test,Family-restricted SEER only,BLCA,fold4,seer_50pct,0.047041571215974236,-0.1436064466144325,261010,82,36,261010.0
seer_same_family_train_tcga_test,Family-restricted SEER only,BLCA,fold5,seer_50pct,0.06223251048113968,-0.2050583258453609,261010,82,36,261010.0
seer_same_family_train_tcga_test,Family-restricted SEER only,BRCA,fold1,seer_50pct,0.054213000376066973,-0.103167275333474,565400,217,30,565400.0
seer_same_family_train_tcga_test,Family-restricted SEER only,BRCA,fold2,seer_50pct,0.053896545890417355,-0.05958061392843242,565400,217,30,565400.0
seer_same_family_train_tcga_test,Family-restricted SEER only,BRCA,fold3,seer_50pct,0.05232188433826941,-0.06638197147231548,565400,217,31,565400.0
seer_same_family_train_tcga_test,Family-restricted SEER only,BRCA,fold4,seer_50pct,0.05344708574308021,-0.19138765639181132,565400,216,30,565400.0
seer_same_family_train_tcga_test,Family-restricted SEER only,BRCA,fold5,seer_50pct,0.052925525239755696,-0.09777899096238554,565400,216,30,565400.0
seer_same_family_train_tcga_test,Family-restricted SEER only,CESC,fold1,seer_50pct,0.07635131446995769,-0.07438286232992952,222630,59,14,222630.0
seer_same_family_train_tcga_test,Family-restricted SEER only,CESC,fold2,seer_50pct,0.11774625826763199,-0.06689334463083518,222630,59,14,222630.0
seer_same_family_train_tcga_test,Family-restricted SEER only,CESC,fold3,seer_50pct,0.05778504752993948,-0.047309817658052984,222630,59,14,222630.0
seer_same_family_train_tcga_test,Family-restricted SEER only,CESC,fold4,seer_50pct,0.07930470732519927,-0.22515874855543394,222630,59,15,222630.0
seer_same_family_train_tcga_test,Family-restricted SEER only,CESC,fold5,seer_50pct,0.06741709313195393,-0.2292953033988407,222630,58,14,222630.0
seer_same_family_train_tcga_test,Family-restricted SEER only,CHOL,fold1,seer_50pct,0.03741886880131776,-0.18481369584371393,81674,12,6,81674.0
seer_same_family_train_tcga_test,Family-restricted SEER only,CHOL,fold2,seer_50pct,0.06681603347263877,-0.26148589099029573,81674,11,6,81674.0
seer_same_family_train_tcga_test,Family-restricted SEER only,CHOL,fold3,seer_50pct,0.043708512345977835,-0.18727165196904486,81674,11,5,81674.0
seer_same_family_train_tcga_test,Family-restricted SEER only,CHOL,fold4,seer_50pct,0.06026283944444211,-0.3479553870592092,81674,11,5,81674.0
seer_same_family_train_tcga_test,Family-restricted SEER only,COAD,fold1,seer_50pct,0.03298830986631737,-0.17828667759317735,336274,89,20,336274.0
seer_same_family_train_tcga_test,Family-restricted SEER only,COAD,fold2,seer_50pct,0.04122946015748641,-0.15912599640707648,336274,89,20,336274.0
seer_same_family_train_tcga_test,Family-restricted SEER only,COAD,fold3,seer_50pct,0.046775443603854286,-0.1531162099733709,336274,88,19,336274.0
seer_same_family_train_tcga_test,Family-restricted SEER only,COAD,fold4,seer_50pct,0.03780630736435409,-0.23183456649816864,336274,88,19,336274.0
seer_same_family_train_tcga_test,Family-restricted SEER only,COAD,fold5,seer_50pct,0.033802874238634484,-0.07448740855148683,336274,88,20,336274.0
seer_same_family_train_tcga_test,Family-restricted SEER only,DLBC,fold1,seer_50pct,0.07231632668720277,-0.0977167746167547,167444,24,5,167444.0
seer_same_family_train_tcga_test,Family-restricted SEER only,DLBC,fold2,seer_50pct,0.10068563229108633,-0.10844190838617242,167444,23,4,167444.0
seer_same_family_train_tcga_test,Family-restricted SEER only,ESCA,fold1,seer_50pct,0.038957689109300524,-0.20707186451208714,100978,37,16,100978.0
seer_same_family_train_tcga_test,Family-restricted SEER only,ESCA,fold2,seer_50pct,0.03587156608923457,-0.09612590759927268,100978,37,16,100978.0
seer_same_family_train_tcga_test,Family-restricted SEER only,ESCA,fold3,seer_50pct,0.030501914824173564,-0.10418707608880608,100978,37,15,100978.0
seer_same_family_train_tcga_test,Family-restricted SEER only,ESCA,fold4,seer_50pct,0.05113631929584053,-0.10508268848197119,100978,37,15,100978.0
seer_same_family_train_tcga_test,Family-restricted SEER only,ESCA,fold5,seer_50pct,0.04347939863693258,-0.14552063296170814,100978,37,15,100978.0
seer_same_family_train_tcga_test,Family-restricted SEER only,GBM,fold1,seer_50pct,0.0736834747249429,0.015398497982864828,50518,119,99,50518.0
seer_same_family_train_tcga_test,Family-restricted SEER only,GBM,fold2,seer_50pct,0.08208910385837466,-0.00041508138013665596,50518,119,98,50518.0
seer_same_family_train_tcga_test,Family-restricted SEER only,GBM,fold3,seer_50pct,0.07922998655059409,0.0027863879257123275,50518,119,98,50518.0
seer_same_family_train_tcga_test,Family-restricted SEER only,GBM,fold4,seer_50pct,0.06333216221759558,-0.0015650438797763788,50518,119,98,50518.0
seer_same_family_train_tcga_test,Family-restricted SEER only,GBM,fold5,seer_50pct,0.07529512623189803,-0.013552126653880003,50518,119,98,50518.0
seer_same_family_train_tcga_test,Family-restricted SEER only,HNSC,fold1,seer_50pct,0.058253228769154106,-0.1562780331607162,118426,106,45,118426.0
seer_same_family_train_tcga_test,Family-restricted SEER only,HNSC,fold2,seer_50pct,0.059975141551060325,-0.07137360004695364,118426,106,45,118426.0
seer_same_family_train_tcga_test,Family-restricted SEER only,HNSC,fold3,seer_50pct,0.07077868058511518,-0.08795440596089073,118426,105,44,118426.0
seer_same_family_train_tcga_test,Family-restricted SEER only,HNSC,fold4,seer_50pct,0.07379093733857953,-0.11487742682916602,118426,105,44,118426.0
seer_same_family_train_tcga_test,Family-restricted SEER only,HNSC,fold5,seer_50pct,0.07555890876798335,-0.11473140865021517,118426,105,45,118426.0
seer_same_family_train_tcga_test,Family-restricted SEER only,KICH,fold1,seer_50pct,0.02897667001919487,-0.04424677942126461,261010,56,6,261010.0
seer_same_family_train_tcga_test,Family-restricted SEER only,KICH,fold2,seer_50pct,0.02761386295772387,-0.08357415925462469,261010,56,6,261010.0
seer_same_family_train_tcga_test,Family-restricted SEER only,KIRC,fold1,seer_50pct,0.06264858412901195,-0.07485448596038002,261010,107,35,261010.0
seer_same_family_train_tcga_test,Family-restricted SEER only,KIRC,fold2,seer_50pct,0.062339518718436536,-0.05854616294141817,261010,107,35,261010.0
seer_same_family_train_tcga_test,Family-restricted SEER only,KIRC,fold3,seer_50pct,0.062482516767115304,-0.1141802834035846,261010,107,35,261010.0
seer_same_family_train_tcga_test,Family-restricted SEER only,KIRC,fold4,seer_50pct,0.057370136475981305,-0.036302141991221,261010,107,36,261010.0
seer_same_family_train_tcga_test,Family-restricted SEER only,KIRC,fold5,seer_50pct,0.04806697966590677,-0.06535016875108868,261010,107,36,261010.0
seer_same_family_train_tcga_test,Family-restricted SEER only,KIRP,fold1,seer_50pct,0.05351198364447134,-0.15419892125246157,261010,58,9,261010.0
seer_same_family_train_tcga_test,Family-restricted SEER only,KIRP,fold2,seer_50pct,0.032239064956600054,-0.16279181840047513,261010,58,9,261010.0
seer_same_family_train_tcga_test,Family-restricted SEER only,KIRP,fold3,seer_50pct,0.029303366365460264,-0.09372189519581886,261010,58,9,261010.0
seer_same_family_train_tcga_test,Family-restricted SEER only,KIRP,fold4,seer_50pct,0.029238913558465068,-0.12196540425748632,261010,57,8,261010.0
seer_same_family_train_tcga_test,Family-restricted SEER only,KIRP,fold5,seer_50pct,0.026560115195613868,-0.10875327722244264,261010,57,9,261010.0
seer_same_family_train_tcga_test,Family-restricted SEER only,LAML,fold1,seer_50pct,0.12337145164008625,-0.115202575551556,97654,35,22,97654.0
seer_same_family_train_tcga_test,Family-restricted SEER only,LAML,fold2,seer_50pct,0.13188875924725393,-0.056235502625743616,97654,35,22,97654.0
seer_same_family_train_tcga_test,Family-restricted SEER only,LAML,fold3,seer_50pct,0.11828382473941862,-0.09866649545362485,97654,35,22,97654.0
seer_same_family_train_tcga_test,Family-restricted SEER only,LAML,fold4,seer_50pct,0.12351933654967236,-0.024666165213687793,97654,34,21,97654.0
seer_same_family_train_tcga_test,Family-restricted SEER only,LAML,fold5,seer_50pct,0.09675416733205264,-0.15987489519643275,97654,34,21,97654.0
seer_same_family_train_tcga_test,Family-restricted SEER only,LGG,fold1,seer_50pct,0.05388308730001155,-0.11121531565048089,50518,103,25,50518.0
seer_same_family_train_tcga_test,Family-restricted SEER only,LGG,fold2,seer_50pct,0.03655178345879189,-0.13788687577225311,50518,102,25,50518.0
seer_same_family_train_tcga_test,Family-restricted SEER only,LGG,fold3,seer_50pct,0.04973478873733458,-0.21095600101518527,50518,102,25,50518.0
seer_same_family_train_tcga_test,Family-restricted SEER only,LGG,fold4,seer_50pct,0.038588854793305545,-0.13066093036347287,50518,102,25,50518.0
seer_same_family_train_tcga_test,Family-restricted SEER only,LGG,fold5,seer_50pct,0.032176340844410144,-0.06878378443450309,50518,102,25,50518.0
seer_same_family_train_tcga_test,Family-restricted SEER only,LIHC,fold1,seer_50pct,0.041725618391664714,-0.09966482036572233,81674,75,27,81674.0
seer_same_family_train_tcga_test,Family-restricted SEER only,LIHC,fold2,seer_50pct,0.06675360106421067,-0.16296307289130707,81674,74,27,81674.0
seer_same_family_train_tcga_test,Family-restricted SEER only,LIHC,fold3,seer_50pct,0.05684967106900845,-0.19688415290218225,81674,74,26,81674.0
seer_same_family_train_tcga_test,Family-restricted SEER only,LIHC,fold4,seer_50pct,0.05800201089120454,-0.13548080374168298,81674,74,26,81674.0
seer_same_family_train_tcga_test,Family-restricted SEER only,LIHC,fold5,seer_50pct,0.056695039840419674,-0.10934315407159245,81674,74,26,81674.0
seer_same_family_train_tcga_test,Family-restricted SEER only,LUAD,fold1,seer_50pct,0.05594280023154728,-0.12567172081511835,365666,102,36,365666.0
seer_same_family_train_tcga_test,Family-restricted SEER only,LUAD,fold2,seer_50pct,0.042530897195898004,-0.10476296098383886,365666,102,37,365666.0
seer_same_family_train_tcga_test,Family-restricted SEER only,LUAD,fold3,seer_50pct,0.042369838817672895,-0.08574502534749398,365666,102,37,365666.0
seer_same_family_train_tcga_test,Family-restricted SEER only,LUAD,fold4,seer_50pct,0.06120024482463117,-0.24844978477304197,365666,102,37,365666.0
seer_same_family_train_tcga_test,Family-restricted SEER only,LUAD,fold5,seer_50pct,0.0555117776437282,-0.06347357937154582,365666,101,36,365666.0
seer_same_family_train_tcga_test,Family-restricted SEER only,LUSC,fold1,seer_50pct,0.07141124176116717,-0.0662935752536151,365666,100,43,365666.0
seer_same_family_train_tcga_test,Family-restricted SEER only,LUSC,fold2,seer_50pct,0.06002933704887931,-0.062994250004247,365666,100,43,365666.0
seer_same_family_train_tcga_test,Family-restricted SEER only,LUSC,fold3,seer_50pct,0.07024584509379919,-0.053483853756120414,365666,99,43,365666.0
seer_same_family_train_tcga_test,Family-restricted SEER only,LUSC,fold4,seer_50pct,0.08193730855501741,-0.09862287386209373,365666,99,43,365666.0
seer_same_family_train_tcga_test,Family-restricted SEER only,LUSC,fold5,seer_50pct,0.11738359241427648,-0.24208472994120417,365666,99,43,365666.0
seer_same_family_train_tcga_test,Family-restricted SEER only,MESO,fold1,seer_50pct,0.033762663555719184,-0.047117382132995315,6082,17,15,6082.0
seer_same_family_train_tcga_test,Family-restricted SEER only,MESO,fold2,seer_50pct,0.0837646177700722,-0.17609688667762335,6082,17,15,6082.0
seer_same_family_train_tcga_test,Family-restricted SEER only,MESO,fold3,seer_50pct,0.05821943172606516,-0.05823789985381033,6082,17,15,6082.0
seer_same_family_train_tcga_test,Family-restricted SEER only,MESO,fold4,seer_50pct,0.0473094380227936,-0.07469446521508624,6082,17,14,6082.0
seer_same_family_train_tcga_test,Family-restricted SEER only,MESO,fold5,seer_50pct,0.05870550220430432,-0.09790838941996607,6082,17,14,6082.0
seer_same_family_train_tcga_test,Family-restricted SEER only,OV,fold1,seer_50pct,0.07824742902203978,-0.07679861428825925,222630,117,70,222630.0
seer_same_family_train_tcga_test,Family-restricted SEER only,OV,fold2,seer_50pct,0.06686993366333661,-0.0675549928084851,222630,117,70,222630.0
seer_same_family_train_tcga_test,Family-restricted SEER only,OV,fold3,seer_50pct,0.06954958167207113,-0.045492939022378026,222630,116,70,222630.0
seer_same_family_train_tcga_test,Family-restricted SEER only,OV,fold4,seer_50pct,0.06301149494086294,-0.06767197837016048,222630,116,69,222630.0
seer_same_family_train_tcga_test,Family-restricted SEER only,OV,fold5,seer_50pct,0.0858594842909239,-0.1411785612501777,222630,116,69,222630.0
seer_same_family_train_tcga_test,Family-restricted SEER only,PAAD,fold1,seer_50pct,0.05292144863017171,-0.10002769383909882,82329,37,20,82329.0
seer_same_family_train_tcga_test,Family-restricted SEER only,PAAD,fold2,seer_50pct,0.08454119260694587,-0.3639372411770339,82329,37,20,82329.0
seer_same_family_train_tcga_test,Family-restricted SEER only,PAAD,fold3,seer_50pct,0.026559500401329723,-0.07199040209588559,82329,37,20,82329.0
seer_same_family_train_tcga_test,Family-restricted SEER only,PAAD,fold4,seer_50pct,0.04376128031216187,-0.09253100217037374,82329,37,20,82329.0
seer_same_family_train_tcga_test,Family-restricted SEER only,PAAD,fold5,seer_50pct,0.038504389282794135,-0.1169554488464903,82329,36,20,82329.0
seer_same_family_train_tcga_test,Family-restricted SEER only,PCPG,fold1,seer_50pct,0.023865443016821964,-0.03499054540798352,1410,90,3,1410.0
seer_same_family_train_tcga_test,Family-restricted SEER only,PCPG,fold2,seer_50pct,0.022473543221329956,0.012509411927489854,1410,89,3,1410.0
seer_same_family_train_tcga_test,Family-restricted SEER only,PRAD,fold1,seer_50pct,0.008305300379925188,-0.035228551945382186,589715,250,5,589715.0
seer_same_family_train_tcga_test,Family-restricted SEER only,PRAD,fold2,seer_50pct,0.007767798650208517,-0.020316779138362363,589715,250,5,589715.0
seer_same_family_train_tcga_test,Family-restricted SEER only,READ,fold1,seer_50pct,0.024917525055843506,-0.11355046526990682,336274,33,5,336274.0
seer_same_family_train_tcga_test,Family-restricted SEER only,READ,fold2,seer_50pct,0.024829846154753484,-0.16085822382679307,336274,33,5,336274.0
seer_same_family_train_tcga_test,Family-restricted SEER only,READ,fold3,seer_50pct,0.01883068064984068,-0.09384702225639212,336274,33,5,336274.0
seer_same_family_train_tcga_test,Family-restricted SEER only,READ,fold4,seer_50pct,0.021329789748638334,-0.1050404951529181,336274,33,6,336274.0
seer_same_family_train_tcga_test,Family-restricted SEER only,READ,fold5,seer_50pct,0.034048288434560064,-0.12275548471756936,336274,32,5,336274.0
seer_same_family_train_tcga_test,Family-restricted SEER only,SARC,fold1,seer_50pct,0.08674658453469768,-0.09486479482858522,33156,53,20,33156.0
seer_same_family_train_tcga_test,Family-restricted SEER only,SARC,fold2,seer_50pct,0.07966816748136911,-0.10087942506931678,33156,52,19,33156.0
seer_same_family_train_tcga_test,Family-restricted SEER only,SARC,fold3,seer_50pct,0.09980974869153628,-0.10697955606977388,33156,52,20,33156.0
seer_same_family_train_tcga_test,Family-restricted SEER only,SARC,fold4,seer_50pct,0.10765659248784729,-0.10283988803038036,33156,52,20,33156.0
seer_same_family_train_tcga_test,Family-restricted SEER only,SARC,fold5,seer_50pct,0.09159562815624478,-0.1386636932811857,33156,52,20,33156.0
seer_same_family_train_tcga_test,Family-restricted SEER only,SKCM,fold1,seer_50pct,0.1732499235880904,-0.02325794789758362,181829,91,43,181829.0
seer_same_family_train_tcga_test,Family-restricted SEER only,SKCM,fold2,seer_50pct,0.1303933677516852,0.01507490605846315,181829,91,43,181829.0
seer_same_family_train_tcga_test,Family-restricted SEER only,SKCM,fold3,seer_50pct,0.13478317736482437,-0.043846526729785285,181829,91,43,181829.0
seer_same_family_train_tcga_test,Family-restricted SEER only,SKCM,fold4,seer_50pct,0.17983193062380376,-0.031402626021020785,181829,91,43,181829.0
seer_same_family_train_tcga_test,Family-restricted SEER only,SKCM,fold5,seer_50pct,0.10862344877243975,0.02358018412622584,181829,90,42,181829.0
seer_same_family_train_tcga_test,Family-restricted SEER only,STAD,fold1,seer_50pct,0.04000821565600025,-0.13388483364740675,100978,84,34,100978.0
seer_same_family_train_tcga_test,Family-restricted SEER only,STAD,fold2,seer_50pct,0.041839929723974635,-0.17621987965288116,100978,84,34,100978.0
seer_same_family_train_tcga_test,Family-restricted SEER only,STAD,fold3,seer_50pct,0.03839839736419043,-0.1487157206892446,100978,83,33,100978.0
seer_same_family_train_tcga_test,Family-restricted SEER only,STAD,fold4,seer_50pct,0.045310651421533704,-0.14460091948821036,100978,83,33,100978.0
seer_same_family_train_tcga_test,Family-restricted SEER only,STAD,fold5,seer_50pct,0.03869973729091679,-0.16424715781568522,100978,83,34,100978.0
seer_same_family_train_tcga_test,Family-restricted SEER only,TGCT,fold1,seer_50pct,0.04043022323612601,0.02679068380700906,589715,67,2,589715.0
seer_same_family_train_tcga_test,Family-restricted SEER only,TGCT,fold2,seer_50pct,0.018051293603015037,0.0044117541738980855,589715,67,2,589715.0
seer_same_family_train_tcga_test,Family-restricted SEER only,THCA,fold1,seer_50pct,0.01126977243803935,-0.04344002588062278,103702,169,5,103702.0
seer_same_family_train_tcga_test,Family-restricted SEER only,THCA,fold2,seer_50pct,0.00936096131812105,-0.02117862137036202,103702,169,6,103702.0
seer_same_family_train_tcga_test,Family-restricted SEER only,THCA,fold3,seer_50pct,0.007638676129817863,-0.03327444783425913,103702,168,5,103702.0
seer_same_family_train_tcga_test,Family-restricted SEER only,THYM,fold1,seer_50pct,0.027820328096753822,-0.03554490003989158,2986,62,5,2986.0
seer_same_family_train_tcga_test,Family-restricted SEER only,THYM,fold2,seer_50pct,0.03331583218143229,-0.05463962567056227,2986,61,4,2986.0
seer_same_family_train_tcga_test,Family-restricted SEER only,UCEC,fold1,seer_50pct,0.02807571914361213,-0.11792392039477671,222630,110,19,222630.0
seer_same_family_train_tcga_test,Family-restricted SEER only,UCEC,fold2,seer_50pct,0.02623767859557738,-0.0573125070605572,222630,109,18,222630.0
seer_same_family_train_tcga_test,Family-restricted SEER only,UCEC,fold3,seer_50pct,0.05886876349748113,-0.1961966990490441,222630,109,18,222630.0
seer_same_family_train_tcga_test,Family-restricted SEER only,UCEC,fold4,seer_50pct,0.024719277280561773,-0.15074150723614516,222630,109,18,222630.0
seer_same_family_train_tcga_test,Family-restricted SEER only,UCEC,fold5,seer_50pct,0.03925346310702922,-0.08561842598358234,222630,109,18,222630.0
seer_same_family_train_tcga_test,Family-restricted SEER only,UCS,fold1,seer_50pct,0.038160126285741315,-0.1937409490024432,222630,12,7,222630.0
seer_same_family_train_tcga_test,Family-restricted SEER only,UCS,fold2,seer_50pct,0.038657546323110206,-0.06381546287146588,222630,11,7,222630.0
seer_same_family_train_tcga_test,Family-restricted SEER only,UCS,fold3,seer_50pct,0.09882949477516319,-0.14811366752181315,222630,11,7,222630.0
seer_same_family_train_tcga_test,Family-restricted SEER only,UCS,fold4,seer_50pct,0.06723202922223097,-0.22148135729303714,222630,11,7,222630.0
seer_same_family_train_tcga_test,Family-restricted SEER only,UCS,fold5,seer_50pct,0.04887010033954519,-0.14687533507882833,222630,11,7,222630.0
seer_same_family_train_tcga_test,Family-restricted SEER only,UVM,fold1,seer_50pct,0.06956368124707374,-0.05985052012191536,4964,20,6,4964.0
seer_same_family_train_tcga_test,Family-restricted SEER only,UVM,fold2,seer_50pct,0.05889247249876216,-0.07743121602582646,4964,20,6,4964.0
seer_same_family_train_tcga_test,Family-restricted SEER only,UVM,fold3,seer_50pct,0.044127102759513176,-0.14592165790232037,4964,20,6,4964.0
seer_same_family_train_tcga_test,Family-restricted SEER only,UVM,fold4,seer_50pct,0.04111718563712038,-0.1828224945835852,4964,20,5,4964.0
seer_same_family_train_tcga_test,Family-restricted SEER only,ACC,fold1,seer_n001k_00pct,0.062425227038147596,-0.027172727509099992,1000,19,7,1000.0
seer_same_family_train_tcga_test,Family-restricted SEER only,ACC,fold2,seer_n001k_00pct,0.0937421961212816,-0.12869008667289736,1000,18,7,1000.0
seer_same_family_train_tcga_test,Family-restricted SEER only,ACC,fold3,seer_n001k_00pct,0.06529934426584785,-0.09101143534713182,1000,18,7,1000.0
seer_same_family_train_tcga_test,Family-restricted SEER only,ACC,fold4,seer_n001k_00pct,0.055428388224843986,-0.03432742207899418,1000,18,6,1000.0
seer_same_family_train_tcga_test,Family-restricted SEER only,ACC,fold5,seer_n001k_00pct,0.07558487283840645,-0.01728642322074843,1000,18,6,1000.0
seer_same_family_train_tcga_test,Family-restricted SEER only,BLCA,fold1,seer_n001k_00pct,0.048545170821533846,-0.14715637302757398,1000,82,36,1000.0
seer_same_family_train_tcga_test,Family-restricted SEER only,BLCA,fold2,seer_n001k_00pct,0.05868820484332946,-0.073351531837793,1000,82,36,1000.0
seer_same_family_train_tcga_test,Family-restricted SEER only,BLCA,fold3,seer_n001k_00pct,0.05673317650355813,-0.09607534541685842,1000,82,36,1000.0
seer_same_family_train_tcga_test,Family-restricted SEER only,BLCA,fold4,seer_n001k_00pct,0.061371306468884695,-0.12927671136152205,1000,82,36,1000.0
seer_same_family_train_tcga_test,Family-restricted SEER only,BLCA,fold5,seer_n001k_00pct,0.06740460125511717,-0.19988623507138342,1000,82,36,1000.0
seer_same_family_train_tcga_test,Family-restricted SEER only,BRCA,fold1,seer_n001k_00pct,0.06024278530283046,-0.0971374904067105,1000,217,30,1000.0
seer_same_family_train_tcga_test,Family-restricted SEER only,BRCA,fold2,seer_n001k_00pct,0.05168818163756557,-0.061788978181284204,1000,217,30,1000.0
seer_same_family_train_tcga_test,Family-restricted SEER only,BRCA,fold3,seer_n001k_00pct,0.05638800195767278,-0.062315853852912106,1000,217,31,1000.0
seer_same_family_train_tcga_test,Family-restricted SEER only,BRCA,fold4,seer_n001k_00pct,0.04814722970251028,-0.19668751243238125,1000,216,30,1000.0
seer_same_family_train_tcga_test,Family-restricted SEER only,BRCA,fold5,seer_n001k_00pct,0.06169804081497177,-0.08900647538716946,1000,216,30,1000.0
seer_same_family_train_tcga_test,Family-restricted SEER only,CESC,fold1,seer_n001k_00pct,0.07987623905192992,-0.07085793774795729,1000,59,14,1000.0
seer_same_family_train_tcga_test,Family-restricted SEER only,CESC,fold2,seer_n001k_00pct,0.10370942918316932,-0.08093017371529786,1000,59,14,1000.0
seer_same_family_train_tcga_test,Family-restricted SEER only,CESC,fold3,seer_n001k_00pct,0.07531459154683501,-0.029780273641157456,1000,59,14,1000.0
seer_same_family_train_tcga_test,Family-restricted SEER only,CESC,fold4,seer_n001k_00pct,0.0785316685461802,-0.22593178733445302,1000,59,15,1000.0
seer_same_family_train_tcga_test,Family-restricted SEER only,CESC,fold5,seer_n001k_00pct,0.08442886580946712,-0.2122835307213275,1000,58,14,1000.0
seer_same_family_train_tcga_test,Family-restricted SEER only,CHOL,fold1,seer_n001k_00pct,0.038566448581486446,-0.18366611606354524,1000,12,6,1000.0
seer_same_family_train_tcga_test,Family-restricted SEER only,CHOL,fold2,seer_n001k_00pct,0.06755681810587248,-0.260745106357062,1000,11,6,1000.0
seer_same_family_train_tcga_test,Family-restricted SEER only,CHOL,fold3,seer_n001k_00pct,0.04665825474676241,-0.18432190956826028,1000,11,5,1000.0
seer_same_family_train_tcga_test,Family-restricted SEER only,CHOL,fold4,seer_n001k_00pct,0.06357972067563206,-0.34463850582801925,1000,11,5,1000.0
seer_same_family_train_tcga_test,Family-restricted SEER only,COAD,fold1,seer_n001k_00pct,0.035650703677978096,-0.17562428378151662,1000,89,20,1000.0
seer_same_family_train_tcga_test,Family-restricted SEER only,COAD,fold2,seer_n001k_00pct,0.03713587203076191,-0.16321958453380098,1000,89,20,1000.0
seer_same_family_train_tcga_test,Family-restricted SEER only,COAD,fold3,seer_n001k_00pct,0.04158203589870664,-0.15830961767851853,1000,88,19,1000.0
seer_same_family_train_tcga_test,Family-restricted SEER only,COAD,fold4,seer_n001k_00pct,0.03625908710364145,-0.23338178675888127,1000,88,19,1000.0
seer_same_family_train_tcga_test,Family-restricted SEER only,COAD,fold5,seer_n001k_00pct,0.031709099984971845,-0.07658118280514947,1000,88,20,1000.0
seer_same_family_train_tcga_test,Family-restricted SEER only,DLBC,fold1,seer_n001k_00pct,0.06640381568042868,-0.10362928562352879,1000,24,5,1000.0
seer_same_family_train_tcga_test,Family-restricted SEER only,DLBC,fold2,seer_n001k_00pct,0.12422173386376963,-0.08490580681348912,1000,23,4,1000.0
seer_same_family_train_tcga_test,Family-restricted SEER only,ESCA,fold1,seer_n001k_00pct,0.08831463065289016,-0.1577149229684975,1000,37,16,1000.0
seer_same_family_train_tcga_test,Family-restricted SEER only,ESCA,fold2,seer_n001k_00pct,0.07450880680625793,-0.05748866688224932,1000,37,16,1000.0
seer_same_family_train_tcga_test,Family-restricted SEER only,ESCA,fold3,seer_n001k_00pct,0.03947817374831944,-0.0952108171646602,1000,37,15,1000.0
seer_same_family_train_tcga_test,Family-restricted SEER only,ESCA,fold4,seer_n001k_00pct,0.09879569230200076,-0.05742331547581096,1000,37,15,1000.0
seer_same_family_train_tcga_test,Family-restricted SEER only,ESCA,fold5,seer_n001k_00pct,0.07665348511169,-0.11234654648695074,1000,37,15,1000.0
seer_same_family_train_tcga_test,Family-restricted SEER only,GBM,fold1,seer_n001k_00pct,0.07035269011316649,0.012067713371088418,1000,119,99,1000.0
seer_same_family_train_tcga_test,Family-restricted SEER only,GBM,fold2,seer_n001k_00pct,0.07439621183264764,-0.00810797340586368,1000,119,98,1000.0
seer_same_family_train_tcga_test,Family-restricted SEER only,GBM,fold3,seer_n001k_00pct,0.07672675826764595,0.00028315964276419414,1000,119,98,1000.0
seer_same_family_train_tcga_test,Family-restricted SEER only,GBM,fold4,seer_n001k_00pct,0.06018739017384995,-0.004709815923522008,1000,119,98,1000.0
seer_same_family_train_tcga_test,Family-restricted SEER only,GBM,fold5,seer_n001k_00pct,0.07043348701529274,-0.018413765870485294,1000,119,98,1000.0
seer_same_family_train_tcga_test,Family-restricted SEER only,HNSC,fold1,seer_n001k_00pct,0.06578175302456578,-0.14874950890530453,1000,106,45,1000.0
seer_same_family_train_tcga_test,Family-restricted SEER only,HNSC,fold2,seer_n001k_00pct,0.06782997573607641,-0.06351876586193755,1000,106,45,1000.0
seer_same_family_train_tcga_test,Family-restricted SEER only,HNSC,fold3,seer_n001k_00pct,0.07305118066391456,-0.08568190588209135,1000,105,44,1000.0
seer_same_family_train_tcga_test,Family-restricted SEER only,HNSC,fold4,seer_n001k_00pct,0.08110755458405253,-0.10756080958369302,1000,105,44,1000.0
seer_same_family_train_tcga_test,Family-restricted SEER only,HNSC,fold5,seer_n001k_00pct,0.07861359681898514,-0.11167672059921338,1000,105,45,1000.0
seer_same_family_train_tcga_test,Family-restricted SEER only,KICH,fold1,seer_n001k_00pct,0.036613646870235786,-0.0366098025702237,1000,56,6,1000.0
seer_same_family_train_tcga_test,Family-restricted SEER only,KICH,fold2,seer_n001k_00pct,0.041505876033459524,-0.06968214617888904,1000,56,6,1000.0
seer_same_family_train_tcga_test,Family-restricted SEER only,KIRC,fold1,seer_n001k_00pct,0.06844789859752508,-0.06905517149186689,1000,107,35,1000.0
seer_same_family_train_tcga_test,Family-restricted SEER only,KIRC,fold2,seer_n001k_00pct,0.07106321999513465,-0.049822461664720055,1000,107,35,1000.0
seer_same_family_train_tcga_test,Family-restricted SEER only,KIRC,fold3,seer_n001k_00pct,0.06678213436832517,-0.10988066580237474,1000,107,35,1000.0
seer_same_family_train_tcga_test,Family-restricted SEER only,KIRC,fold4,seer_n001k_00pct,0.06454997748411075,-0.029122300983091556,1000,107,36,1000.0
seer_same_family_train_tcga_test,Family-restricted SEER only,KIRC,fold5,seer_n001k_00pct,0.05754340416021253,-0.05587374425678292,1000,107,36,1000.0
seer_same_family_train_tcga_test,Family-restricted SEER only,KIRP,fold1,seer_n001k_00pct,0.056718209934795594,-0.15099269496213732,1000,58,9,1000.0
seer_same_family_train_tcga_test,Family-restricted SEER only,KIRP,fold2,seer_n001k_00pct,0.04700918331301773,-0.14802170004405746,1000,58,9,1000.0
seer_same_family_train_tcga_test,Family-restricted SEER only,KIRP,fold3,seer_n001k_00pct,0.0387367663780946,-0.08428849518318451,1000,58,9,1000.0
seer_same_family_train_tcga_test,Family-restricted SEER only,KIRP,fold4,seer_n001k_00pct,0.03683325664161594,-0.11437106117433546,1000,57,8,1000.0
seer_same_family_train_tcga_test,Family-restricted SEER only,KIRP,fold5,seer_n001k_00pct,0.031277870241432894,-0.10403552217662362,1000,57,9,1000.0
seer_same_family_train_tcga_test,Family-restricted SEER only,LAML,fold1,seer_n001k_00pct,0.15515182328282723,-0.08342220390881502,1000,35,22,1000.0
seer_same_family_train_tcga_test,Family-restricted SEER only,LAML,fold2,seer_n001k_00pct,0.17308904257396887,-0.01503521929902868,1000,35,22,1000.0
seer_same_family_train_tcga_test,Family-restricted SEER only,LAML,fold3,seer_n001k_00pct,0.13500274855728903,-0.08194757163575445,1000,35,22,1000.0
seer_same_family_train_tcga_test,Family-restricted SEER only,LAML,fold4,seer_n001k_00pct,0.1563558713735347,0.00817036961017456,1000,34,21,1000.0
seer_same_family_train_tcga_test,Family-restricted SEER only,LAML,fold5,seer_n001k_00pct,0.11753279113711891,-0.1390962713913665,1000,34,21,1000.0
seer_same_family_train_tcga_test,Family-restricted SEER only,LGG,fold1,seer_n001k_00pct,0.06840784569496418,-0.09669055725552826,1000,103,25,1000.0
seer_same_family_train_tcga_test,Family-restricted SEER only,LGG,fold2,seer_n001k_00pct,0.04752951583949698,-0.12690914339154802,1000,102,25,1000.0
seer_same_family_train_tcga_test,Family-restricted SEER only,LGG,fold3,seer_n001k_00pct,0.058283932267794804,-0.20240685748472506,1000,102,25,1000.0
seer_same_family_train_tcga_test,Family-restricted SEER only,LGG,fold4,seer_n001k_00pct,0.0556792916181883,-0.11357049353859011,1000,102,25,1000.0
seer_same_family_train_tcga_test,Family-restricted SEER only,LGG,fold5,seer_n001k_00pct,0.04204272240506605,-0.058917402873847176,1000,102,25,1000.0
seer_same_family_train_tcga_test,Family-restricted SEER only,LIHC,fold1,seer_n001k_00pct,0.045703664396719135,-0.09568677436066791,1000,75,27,1000.0
seer_same_family_train_tcga_test,Family-restricted SEER only,LIHC,fold2,seer_n001k_00pct,0.07354642829659894,-0.1561702456589188,1000,74,27,1000.0
seer_same_family_train_tcga_test,Family-restricted SEER only,LIHC,fold3,seer_n001k_00pct,0.05875274533278372,-0.194981078638407,1000,74,26,1000.0
seer_same_family_train_tcga_test,Family-restricted SEER only,LIHC,fold4,seer_n001k_00pct,0.0605894562455439,-0.13289335838734362,1000,74,26,1000.0
seer_same_family_train_tcga_test,Family-restricted SEER only,LIHC,fold5,seer_n001k_00pct,0.05953930986806786,-0.10649888404394428,1000,74,26,1000.0
seer_same_family_train_tcga_test,Family-restricted SEER only,LUAD,fold1,seer_n001k_00pct,0.08369207116071957,-0.09792244988594608,1000,102,36,1000.0
seer_same_family_train_tcga_test,Family-restricted SEER only,LUAD,fold2,seer_n001k_00pct,0.06263070999915872,-0.08466314818057814,1000,102,37,1000.0
seer_same_family_train_tcga_test,Family-restricted SEER only,LUAD,fold3,seer_n001k_00pct,0.04982401530238397,-0.0782908488627829,1000,102,37,1000.0
seer_same_family_train_tcga_test,Family-restricted SEER only,LUAD,fold4,seer_n001k_00pct,0.10490693610927203,-0.20474309348840108,1000,102,37,1000.0
seer_same_family_train_tcga_test,Family-restricted SEER only,LUAD,fold5,seer_n001k_00pct,0.07405713514531884,-0.044928221869955196,1000,101,36,1000.0
seer_same_family_train_tcga_test,Family-restricted SEER only,LUSC,fold1,seer_n001k_00pct,0.11268669521139464,-0.025018121803387625,1000,100,43,1000.0
seer_same_family_train_tcga_test,Family-restricted SEER only,LUSC,fold2,seer_n001k_00pct,0.08570991587589936,-0.037313671177226934,1000,100,43,1000.0
seer_same_family_train_tcga_test,Family-restricted SEER only,LUSC,fold3,seer_n001k_00pct,0.09842389530317218,-0.025305803546747427,1000,99,43,1000.0
seer_same_family_train_tcga_test,Family-restricted SEER only,LUSC,fold4,seer_n001k_00pct,0.11673662686751592,-0.06382355554959522,1000,99,43,1000.0
seer_same_family_train_tcga_test,Family-restricted SEER only,LUSC,fold5,seer_n001k_00pct,0.16183032789282567,-0.19763799446265498,1000,99,43,1000.0
seer_same_family_train_tcga_test,Family-restricted SEER only,MESO,fold1,seer_n001k_00pct,0.04651091549884108,-0.03436913018987342,1000,17,15,1000.0
seer_same_family_train_tcga_test,Family-restricted SEER only,MESO,fold2,seer_n001k_00pct,0.12393404768618493,-0.13592745676151063,1000,17,15,1000.0
seer_same_family_train_tcga_test,Family-restricted SEER only,MESO,fold3,seer_n001k_00pct,0.09349192671412718,-0.022965404865748315,1000,17,15,1000.0
seer_same_family_train_tcga_test,Family-restricted SEER only,MESO,fold4,seer_n001k_00pct,0.06720973407948418,-0.05479416915839566,1000,17,14,1000.0
seer_same_family_train_tcga_test,Family-restricted SEER only,MESO,fold5,seer_n001k_00pct,0.07199646579488773,-0.08461742582938266,1000,17,14,1000.0
seer_same_family_train_tcga_test,Family-restricted SEER only,OV,fold1,seer_n001k_00pct,0.20268415019912123,0.047638106888822196,1000,117,70,1000.0
seer_same_family_train_tcga_test,Family-restricted SEER only,OV,fold2,seer_n001k_00pct,0.2179055676071558,0.08348064113533407,1000,117,70,1000.0
seer_same_family_train_tcga_test,Family-restricted SEER only,OV,fold3,seer_n001k_00pct,0.2048005308239643,0.08975801012951513,1000,116,70,1000.0
seer_same_family_train_tcga_test,Family-restricted SEER only,OV,fold4,seer_n001k_00pct,0.20922540430403946,0.07854193099301604,1000,116,69,1000.0
seer_same_family_train_tcga_test,Family-restricted SEER only,OV,fold5,seer_n001k_00pct,0.20325852833523986,-0.023779517205861717,1000,116,69,1000.0
seer_same_family_train_tcga_test,Family-restricted SEER only,PAAD,fold1,seer_n001k_00pct,0.05176686035944573,-0.1011822821098248,1000,37,20,1000.0
seer_same_family_train_tcga_test,Family-restricted SEER only,PAAD,fold2,seer_n001k_00pct,0.10154802067117642,-0.34693041311280337,1000,37,20,1000.0
seer_same_family_train_tcga_test,Family-restricted SEER only,PAAD,fold3,seer_n001k_00pct,0.04649642968162389,-0.05205347281559142,1000,37,20,1000.0
seer_same_family_train_tcga_test,Family-restricted SEER only,PAAD,fold4,seer_n001k_00pct,0.06129165478418161,-0.075000627698354,1000,37,20,1000.0
seer_same_family_train_tcga_test,Family-restricted SEER only,PAAD,fold5,seer_n001k_00pct,0.04922086479901938,-0.10623897333026505,1000,36,20,1000.0
seer_same_family_train_tcga_test,Family-restricted SEER only,PCPG,fold1,seer_n001k_00pct,0.025976193065248586,-0.0328797953595569,1000,90,3,1000.0
seer_same_family_train_tcga_test,Family-restricted SEER only,PCPG,fold2,seer_n001k_00pct,0.023982358605383898,0.014018227311543795,1000,89,3,1000.0
seer_same_family_train_tcga_test,Family-restricted SEER only,PRAD,fold1,seer_n001k_00pct,0.009245010178608539,-0.034288842146698834,1000,250,5,1000.0
seer_same_family_train_tcga_test,Family-restricted SEER only,PRAD,fold2,seer_n001k_00pct,0.009472353651341291,-0.018612224137229592,1000,250,5,1000.0
seer_same_family_train_tcga_test,Family-restricted SEER only,READ,fold1,seer_n001k_00pct,0.022069342902151675,-0.11639864742359865,1000,33,5,1000.0
seer_same_family_train_tcga_test,Family-restricted SEER only,READ,fold2,seer_n001k_00pct,0.022167106996098137,-0.1635209629854484,1000,33,5,1000.0
seer_same_family_train_tcga_test,Family-restricted SEER only,READ,fold3,seer_n001k_00pct,0.01959079208186674,-0.09308691082436607,1000,33,5,1000.0
seer_same_family_train_tcga_test,Family-restricted SEER only,READ,fold4,seer_n001k_00pct,0.023059842048768747,-0.10331044285278769,1000,33,6,1000.0
seer_same_family_train_tcga_test,Family-restricted SEER only,READ,fold5,seer_n001k_00pct,0.0338749207844101,-0.12292885236771933,1000,32,5,1000.0
seer_same_family_train_tcga_test,Family-restricted SEER only,SARC,fold1,seer_n001k_00pct,0.08540088555815953,-0.09621049380512336,1000,53,20,1000.0
seer_same_family_train_tcga_test,Family-restricted SEER only,SARC,fold2,seer_n001k_00pct,0.060225599505205105,-0.12032199304548079,1000,52,19,1000.0
seer_same_family_train_tcga_test,Family-restricted SEER only,SARC,fold3,seer_n001k_00pct,0.07482407259916868,-0.13196523216214148,1000,52,20,1000.0
seer_same_family_train_tcga_test,Family-restricted SEER only,SARC,fold4,seer_n001k_00pct,0.08726473030996014,-0.1232317502082675,1000,52,20,1000.0
seer_same_family_train_tcga_test,Family-restricted SEER only,SARC,fold5,seer_n001k_00pct,0.08383030647620787,-0.1464290149612226,1000,52,20,1000.0
seer_same_family_train_tcga_test,Family-restricted SEER only,SKCM,fold1,seer_n001k_00pct,0.19156964513982738,-0.004938226345846647,1000,91,43,1000.0
seer_same_family_train_tcga_test,Family-restricted SEER only,SKCM,fold2,seer_n001k_00pct,0.11845275748255867,0.003134295789336619,1000,91,43,1000.0
seer_same_family_train_tcga_test,Family-restricted SEER only,SKCM,fold3,seer_n001k_00pct,0.13008702727094168,-0.048542676823667974,1000,91,43,1000.0
seer_same_family_train_tcga_test,Family-restricted SEER only,SKCM,fold4,seer_n001k_00pct,0.1864975849296571,-0.02473697171516745,1000,91,43,1000.0
seer_same_family_train_tcga_test,Family-restricted SEER only,SKCM,fold5,seer_n001k_00pct,0.12451428557528042,0.039471020929066514,1000,90,42,1000.0
seer_same_family_train_tcga_test,Family-restricted SEER only,STAD,fold1,seer_n001k_00pct,0.06392773323602788,-0.10996531606737911,1000,84,34,1000.0
seer_same_family_train_tcga_test,Family-restricted SEER only,STAD,fold2,seer_n001k_00pct,0.05793456543927273,-0.16012524393758307,1000,84,34,1000.0
seer_same_family_train_tcga_test,Family-restricted SEER only,STAD,fold3,seer_n001k_00pct,0.053683844259251094,-0.13343027379418393,1000,83,33,1000.0
seer_same_family_train_tcga_test,Family-restricted SEER only,STAD,fold4,seer_n001k_00pct,0.05859341881102409,-0.13131815209871997,1000,83,33,1000.0
seer_same_family_train_tcga_test,Family-restricted SEER only,STAD,fold5,seer_n001k_00pct,0.06394600864235078,-0.1390008864642512,1000,83,34,1000.0
seer_same_family_train_tcga_test,Family-restricted SEER only,TGCT,fold1,seer_n001k_00pct,0.023428484700227323,0.009788945271110372,1000,67,2,1000.0
seer_same_family_train_tcga_test,Family-restricted SEER only,TGCT,fold2,seer_n001k_00pct,0.02304071778112981,0.009401178352012858,1000,67,2,1000.0
seer_same_family_train_tcga_test,Family-restricted SEER only,THCA,fold1,seer_n001k_00pct,0.011970293193858362,-0.042739505124803776,1000,169,5,1000.0
seer_same_family_train_tcga_test,Family-restricted SEER only,THCA,fold2,seer_n001k_00pct,0.010318200891106634,-0.02022138179737644,1000,169,6,1000.0
seer_same_family_train_tcga_test,Family-restricted SEER only,THCA,fold3,seer_n001k_00pct,0.007868013411187789,-0.03304511055288921,1000,168,5,1000.0
seer_same_family_train_tcga_test,Family-restricted SEER only,THYM,fold1,seer_n001k_00pct,0.033166139869164044,-0.030199088267481355,1000,62,5,1000.0
seer_same_family_train_tcga_test,Family-restricted SEER only,THYM,fold2,seer_n001k_00pct,0.04046561600532003,-0.04748984184667453,1000,61,4,1000.0
seer_same_family_train_tcga_test,Family-restricted SEER only,UCEC,fold1,seer_n001k_00pct,0.053163521107097336,-0.09283611843129151,1000,110,19,1000.0
seer_same_family_train_tcga_test,Family-restricted SEER only,UCEC,fold2,seer_n001k_00pct,0.04863727138830186,-0.03491291426783272,1000,109,18,1000.0
seer_same_family_train_tcga_test,Family-restricted SEER only,UCEC,fold3,seer_n001k_00pct,0.0808095652553902,-0.17425589729113505,1000,109,18,1000.0
seer_same_family_train_tcga_test,Family-restricted SEER only,UCEC,fold4,seer_n001k_00pct,0.045655234914767355,-0.12980554960193957,1000,109,18,1000.0
seer_same_family_train_tcga_test,Family-restricted SEER only,UCEC,fold5,seer_n001k_00pct,0.05112481002112799,-0.07374707906948358,1000,109,18,1000.0
seer_same_family_train_tcga_test,Family-restricted SEER only,UCS,fold1,seer_n001k_00pct,0.05056063233163702,-0.1813404429565475,1000,12,7,1000.0
seer_same_family_train_tcga_test,Family-restricted SEER only,UCS,fold2,seer_n001k_00pct,0.0690574585748522,-0.033415550619723886,1000,11,7,1000.0
seer_same_family_train_tcga_test,Family-restricted SEER only,UCS,fold3,seer_n001k_00pct,0.10869326018695455,-0.1382499021100218,1000,11,7,1000.0
seer_same_family_train_tcga_test,Family-restricted SEER only,UCS,fold4,seer_n001k_00pct,0.07669114609867855,-0.21202224041658957,1000,11,7,1000.0
seer_same_family_train_tcga_test,Family-restricted SEER only,UCS,fold5,seer_n001k_00pct,0.0676475510115825,-0.12809788440679104,1000,11,7,1000.0
seer_same_family_train_tcga_test,Family-restricted SEER only,UVM,fold1,seer_n001k_00pct,0.05471358072977373,-0.07470062063921537,1000,20,6,1000.0
seer_same_family_train_tcga_test,Family-restricted SEER only,UVM,fold2,seer_n001k_00pct,0.050023344832031094,-0.08630034369255753,1000,20,6,1000.0
seer_same_family_train_tcga_test,Family-restricted SEER only,UVM,fold3,seer_n001k_00pct,0.04769321346956294,-0.14235554719227062,1000,20,6,1000.0
seer_same_family_train_tcga_test,Family-restricted SEER only,UVM,fold4,seer_n001k_00pct,0.03407288134397897,-0.18986679887672664,1000,20,5,1000.0
seer_same_family_train_tcga_test,Family-restricted SEER only,ACC,fold1,seer_n003k_00pct,0.04080845995195071,-0.04878949459529688,3000,19,7,3000.0
seer_same_family_train_tcga_test,Family-restricted SEER only,ACC,fold2,seer_n003k_00pct,0.09902545022783116,-0.1234068325663478,3000,18,7,3000.0
seer_same_family_train_tcga_test,Family-restricted SEER only,ACC,fold3,seer_n003k_00pct,0.06967549827697656,-0.08663528133600312,3000,18,7,3000.0
seer_same_family_train_tcga_test,Family-restricted SEER only,ACC,fold4,seer_n003k_00pct,0.05062304568996313,-0.03913276461387504,3000,18,6,3000.0
seer_same_family_train_tcga_test,Family-restricted SEER only,ACC,fold5,seer_n003k_00pct,0.08118827162411837,-0.011683024435036507,3000,18,6,3000.0
seer_same_family_train_tcga_test,Family-restricted SEER only,BLCA,fold1,seer_n003k_00pct,0.04700201094950213,-0.1486995328996057,3000,82,36,3000.0
seer_same_family_train_tcga_test,Family-restricted SEER only,BLCA,fold2,seer_n003k_00pct,0.056745699003294,-0.07529403767782845,3000,82,36,3000.0
seer_same_family_train_tcga_test,Family-restricted SEER only,BLCA,fold3,seer_n003k_00pct,0.052465844245471877,-0.10034267767494467,3000,82,36,3000.0
seer_same_family_train_tcga_test,Family-restricted SEER only,BLCA,fold4,seer_n003k_00pct,0.05474952707703455,-0.13589849075337218,3000,82,36,3000.0
seer_same_family_train_tcga_test,Family-restricted SEER only,BLCA,fold5,seer_n003k_00pct,0.06447849079085412,-0.20281234553564648,3000,82,36,3000.0
seer_same_family_train_tcga_test,Family-restricted SEER only,BRCA,fold1,seer_n003k_00pct,0.06353734350438626,-0.0938429322051547,3000,217,30,3000.0
seer_same_family_train_tcga_test,Family-restricted SEER only,BRCA,fold2,seer_n003k_00pct,0.06218390266088912,-0.05129325715796065,3000,217,30,3000.0
seer_same_family_train_tcga_test,Family-restricted SEER only,BRCA,fold3,seer_n003k_00pct,0.05839764530259392,-0.06030621050799097,3000,217,31,3000.0
seer_same_family_train_tcga_test,Family-restricted SEER only,BRCA,fold4,seer_n003k_00pct,0.051498373306909,-0.19333636882798255,3000,216,30,3000.0
seer_same_family_train_tcga_test,Family-restricted SEER only,BRCA,fold5,seer_n003k_00pct,0.062419100415071135,-0.0882854157870701,3000,216,30,3000.0
seer_same_family_train_tcga_test,Family-restricted SEER only,CESC,fold1,seer_n003k_00pct,0.07247520183742524,-0.07825897496246197,3000,59,14,3000.0
seer_same_family_train_tcga_test,Family-restricted SEER only,CESC,fold2,seer_n003k_00pct,0.11308408686384294,-0.07155551603462423,3000,59,14,3000.0
seer_same_family_train_tcga_test,Family-restricted SEER only,CESC,fold3,seer_n003k_00pct,0.054750223667053115,-0.05034464152093935,3000,59,14,3000.0
seer_same_family_train_tcga_test,Family-restricted SEER only,CESC,fold4,seer_n003k_00pct,0.07358144804378293,-0.2308820078368503,3000,59,15,3000.0
seer_same_family_train_tcga_test,Family-restricted SEER only,CESC,fold5,seer_n003k_00pct,0.07201505304774777,-0.22469734348304685,3000,58,14,3000.0
seer_same_family_train_tcga_test,Family-restricted SEER only,CHOL,fold1,seer_n003k_00pct,0.0488273849364015,-0.17340517970863017,3000,12,6,3000.0
seer_same_family_train_tcga_test,Family-restricted SEER only,CHOL,fold2,seer_n003k_00pct,0.07211272218642154,-0.256189202276513,3000,11,6,3000.0
seer_same_family_train_tcga_test,Family-restricted SEER only,CHOL,fold3,seer_n003k_00pct,0.054279176972374055,-0.17670098734264864,3000,11,5,3000.0
seer_same_family_train_tcga_test,Family-restricted SEER only,CHOL,fold4,seer_n003k_00pct,0.06472637918207737,-0.34349184732157395,3000,11,5,3000.0
seer_same_family_train_tcga_test,Family-restricted SEER only,COAD,fold1,seer_n003k_00pct,0.03431348783164566,-0.17696149962784907,3000,89,20,3000.0
seer_same_family_train_tcga_test,Family-restricted SEER only,COAD,fold2,seer_n003k_00pct,0.03923672749310714,-0.16111872907145575,3000,89,20,3000.0
seer_same_family_train_tcga_test,Family-restricted SEER only,COAD,fold3,seer_n003k_00pct,0.044291834813975625,-0.15559981876324952,3000,88,19,3000.0
seer_same_family_train_tcga_test,Family-restricted SEER only,COAD,fold4,seer_n003k_00pct,0.035531099497535676,-0.23410977436498703,3000,88,19,3000.0
seer_same_family_train_tcga_test,Family-restricted SEER only,COAD,fold5,seer_n003k_00pct,0.03216443221614964,-0.07612585057397167,3000,88,20,3000.0
seer_same_family_train_tcga_test,Family-restricted SEER only,DLBC,fold1,seer_n003k_00pct,0.06764232015556311,-0.10239078114839435,3000,24,5,3000.0
seer_same_family_train_tcga_test,Family-restricted SEER only,DLBC,fold2,seer_n003k_00pct,0.11567844591233713,-0.09344909476492162,3000,23,4,3000.0
seer_same_family_train_tcga_test,Family-restricted SEER only,ESCA,fold1,seer_n003k_00pct,0.05679505035567638,-0.18923450326571128,3000,37,16,3000.0
seer_same_family_train_tcga_test,Family-restricted SEER only,ESCA,fold2,seer_n003k_00pct,0.0502699908550983,-0.08172748283340896,3000,37,16,3000.0
seer_same_family_train_tcga_test,Family-restricted SEER only,ESCA,fold3,seer_n003k_00pct,0.038884927588653306,-0.09580406332432634,3000,37,15,3000.0
seer_same_family_train_tcga_test,Family-restricted SEER only,ESCA,fold4,seer_n003k_00pct,0.0695940190050119,-0.08662498877279982,3000,37,15,3000.0
seer_same_family_train_tcga_test,Family-restricted SEER only,ESCA,fold5,seer_n003k_00pct,0.05843218833325602,-0.1305678432653847,3000,37,15,3000.0
seer_same_family_train_tcga_test,Family-restricted SEER only,GBM,fold1,seer_n003k_00pct,0.07050219957693854,0.012217222834860472,3000,119,99,3000.0
seer_same_family_train_tcga_test,Family-restricted SEER only,GBM,fold2,seer_n003k_00pct,0.07304198057616908,-0.009462204662342238,3000,119,98,3000.0
seer_same_family_train_tcga_test,Family-restricted SEER only,GBM,fold3,seer_n003k_00pct,0.07389824145784628,-0.0025453571670354808,3000,119,98,3000.0
seer_same_family_train_tcga_test,Family-restricted SEER only,GBM,fold4,seer_n003k_00pct,0.060473901845192066,-0.004423304252179891,3000,119,98,3000.0
seer_same_family_train_tcga_test,Family-restricted SEER only,GBM,fold5,seer_n003k_00pct,0.07182798444466315,-0.017019268441114885,3000,119,98,3000.0
seer_same_family_train_tcga_test,Family-restricted SEER only,HNSC,fold1,seer_n003k_00pct,0.06882884350615183,-0.14570241842371845,3000,106,45,3000.0
seer_same_family_train_tcga_test,Family-restricted SEER only,HNSC,fold2,seer_n003k_00pct,0.07171633956468934,-0.05963240203332462,3000,106,45,3000.0
seer_same_family_train_tcga_test,Family-restricted SEER only,HNSC,fold3,seer_n003k_00pct,0.08604248626342367,-0.07269060028258223,3000,105,44,3000.0
seer_same_family_train_tcga_test,Family-restricted SEER only,HNSC,fold4,seer_n003k_00pct,0.08270234254458207,-0.10596602162316347,3000,105,44,3000.0
seer_same_family_train_tcga_test,Family-restricted SEER only,HNSC,fold5,seer_n003k_00pct,0.08672693569419317,-0.10356338172400535,3000,105,45,3000.0
seer_same_family_train_tcga_test,Family-restricted SEER only,KICH,fold1,seer_n003k_00pct,0.042208458830132196,-0.031014990610327288,3000,56,6,3000.0
seer_same_family_train_tcga_test,Family-restricted SEER only,KICH,fold2,seer_n003k_00pct,0.0412229115725514,-0.06996511063979716,3000,56,6,3000.0
seer_same_family_train_tcga_test,Family-restricted SEER only,KIRC,fold1,seer_n003k_00pct,0.06581359485860698,-0.07168947523078499,3000,107,35,3000.0
seer_same_family_train_tcga_test,Family-restricted SEER only,KIRC,fold2,seer_n003k_00pct,0.06410734611683352,-0.05677833554302118,3000,107,35,3000.0
seer_same_family_train_tcga_test,Family-restricted SEER only,KIRC,fold3,seer_n003k_00pct,0.06399821523900295,-0.11266458493169695,3000,107,35,3000.0
seer_same_family_train_tcga_test,Family-restricted SEER only,KIRC,fold4,seer_n003k_00pct,0.0602543774149417,-0.033417901052260605,3000,107,36,3000.0
seer_same_family_train_tcga_test,Family-restricted SEER only,KIRC,fold5,seer_n003k_00pct,0.06099247089187511,-0.05242467752512034,3000,107,36,3000.0
seer_same_family_train_tcga_test,Family-restricted SEER only,KIRP,fold1,seer_n003k_00pct,0.057628976540816446,-0.15008192835611647,3000,58,9,3000.0
seer_same_family_train_tcga_test,Family-restricted SEER only,KIRP,fold2,seer_n003k_00pct,0.03526458853896928,-0.15976629481810592,3000,58,9,3000.0
seer_same_family_train_tcga_test,Family-restricted SEER only,KIRP,fold3,seer_n003k_00pct,0.0296276776348117,-0.09339758392646741,3000,58,9,3000.0
seer_same_family_train_tcga_test,Family-restricted SEER only,KIRP,fold4,seer_n003k_00pct,0.02538479955022666,-0.12581951826572474,3000,57,8,3000.0
seer_same_family_train_tcga_test,Family-restricted SEER only,KIRP,fold5,seer_n003k_00pct,0.025771959517522255,-0.10954143290053425,3000,57,9,3000.0
seer_same_family_train_tcga_test,Family-restricted SEER only,LAML,fold1,seer_n003k_00pct,0.11576068216433213,-0.12281334502731012,3000,35,22,3000.0
seer_same_family_train_tcga_test,Family-restricted SEER only,LAML,fold2,seer_n003k_00pct,0.12214865976773726,-0.0659756021052603,3000,35,22,3000.0
seer_same_family_train_tcga_test,Family-restricted SEER only,LAML,fold3,seer_n003k_00pct,0.11297492179731633,-0.10397539839572714,3000,35,22,3000.0
seer_same_family_train_tcga_test,Family-restricted SEER only,LAML,fold4,seer_n003k_00pct,0.11170858736238604,-0.036476914400974114,3000,34,21,3000.0
seer_same_family_train_tcga_test,Family-restricted SEER only,LAML,fold5,seer_n003k_00pct,0.09430064649287295,-0.16232841603561243,3000,34,21,3000.0
seer_same_family_train_tcga_test,Family-restricted SEER only,LGG,fold1,seer_n003k_00pct,0.06424893647819907,-0.10084946647229337,3000,103,25,3000.0
seer_same_family_train_tcga_test,Family-restricted SEER only,LGG,fold2,seer_n003k_00pct,0.04143222102216559,-0.13300643820887942,3000,102,25,3000.0
seer_same_family_train_tcga_test,Family-restricted SEER only,LGG,fold3,seer_n003k_00pct,0.0513878437058268,-0.20930294604669306,3000,102,25,3000.0
seer_same_family_train_tcga_test,Family-restricted SEER only,LGG,fold4,seer_n003k_00pct,0.04805352114877902,-0.12119626400799939,3000,102,25,3000.0
seer_same_family_train_tcga_test,Family-restricted SEER only,LGG,fold5,seer_n003k_00pct,0.04289443667551482,-0.058065688603398405,3000,102,25,3000.0
seer_same_family_train_tcga_test,Family-restricted SEER only,LIHC,fold1,seer_n003k_00pct,0.04344825006348295,-0.0979421886939041,3000,75,27,3000.0
seer_same_family_train_tcga_test,Family-restricted SEER only,LIHC,fold2,seer_n003k_00pct,0.07038162385176615,-0.1593350501037516,3000,74,27,3000.0
seer_same_family_train_tcga_test,Family-restricted SEER only,LIHC,fold3,seer_n003k_00pct,0.06577682827210991,-0.1879569956990808,3000,74,26,3000.0
seer_same_family_train_tcga_test,Family-restricted SEER only,LIHC,fold4,seer_n003k_00pct,0.06106862987864323,-0.1324141847542443,3000,74,26,3000.0
seer_same_family_train_tcga_test,Family-restricted SEER only,LIHC,fold5,seer_n003k_00pct,0.06089539297441606,-0.10514280093759606,3000,74,26,3000.0
seer_same_family_train_tcga_test,Family-restricted SEER only,LUAD,fold1,seer_n003k_00pct,0.07840048624708897,-0.10321403479957668,3000,102,36,3000.0
seer_same_family_train_tcga_test,Family-restricted SEER only,LUAD,fold2,seer_n003k_00pct,0.055846299193368504,-0.09144755898636836,3000,102,37,3000.0
seer_same_family_train_tcga_test,Family-restricted SEER only,LUAD,fold3,seer_n003k_00pct,0.043885647303836435,-0.08422921686133045,3000,102,37,3000.0
seer_same_family_train_tcga_test,Family-restricted SEER only,LUAD,fold4,seer_n003k_00pct,0.09199875892849735,-0.21765127066917578,3000,102,37,3000.0
seer_same_family_train_tcga_test,Family-restricted SEER only,LUAD,fold5,seer_n003k_00pct,0.06176326097869398,-0.05722209603658005,3000,101,36,3000.0
seer_same_family_train_tcga_test,Family-restricted SEER only,LUSC,fold1,seer_n003k_00pct,0.07582745447355028,-0.06187736254123198,3000,100,43,3000.0
seer_same_family_train_tcga_test,Family-restricted SEER only,LUSC,fold2,seer_n003k_00pct,0.0661213217374636,-0.0569022653156627,3000,100,43,3000.0
seer_same_family_train_tcga_test,Family-restricted SEER only,LUSC,fold3,seer_n003k_00pct,0.08270200037719024,-0.04102769847272937,3000,99,43,3000.0
seer_same_family_train_tcga_test,Family-restricted SEER only,LUSC,fold4,seer_n003k_00pct,0.09126133543477744,-0.0892988469823337,3000,99,43,3000.0
seer_same_family_train_tcga_test,Family-restricted SEER only,LUSC,fold5,seer_n003k_00pct,0.13974858636724644,-0.21971973598823422,3000,99,43,3000.0
seer_same_family_train_tcga_test,Family-restricted SEER only,MESO,fold1,seer_n003k_00pct,0.029151250980782074,-0.05172879470793243,3000,17,15,3000.0
seer_same_family_train_tcga_test,Family-restricted SEER only,MESO,fold2,seer_n003k_00pct,0.09057297597534107,-0.16928852847235448,3000,17,15,3000.0
seer_same_family_train_tcga_test,Family-restricted SEER only,MESO,fold3,seer_n003k_00pct,0.07200211616631111,-0.04445521541356438,3000,17,15,3000.0
seer_same_family_train_tcga_test,Family-restricted SEER only,MESO,fold4,seer_n003k_00pct,0.04180275927862027,-0.08020114395925956,3000,17,14,3000.0
seer_same_family_train_tcga_test,Family-restricted SEER only,MESO,fold5,seer_n003k_00pct,0.05502829792330743,-0.10158559370096296,3000,17,14,3000.0
seer_same_family_train_tcga_test,Family-restricted SEER only,OV,fold1,seer_n003k_00pct,0.0797668236677347,-0.07527921964256433,3000,117,70,3000.0
seer_same_family_train_tcga_test,Family-restricted SEER only,OV,fold2,seer_n003k_00pct,0.0706085099008563,-0.06381641657096541,3000,117,70,3000.0
seer_same_family_train_tcga_test,Family-restricted SEER only,OV,fold3,seer_n003k_00pct,0.0712344748010327,-0.043808045893416456,3000,116,70,3000.0
seer_same_family_train_tcga_test,Family-restricted SEER only,OV,fold4,seer_n003k_00pct,0.06650164508639378,-0.06418182822462964,3000,116,69,3000.0
seer_same_family_train_tcga_test,Family-restricted SEER only,OV,fold5,seer_n003k_00pct,0.08803664750090037,-0.1390013980402012,3000,116,69,3000.0
seer_same_family_train_tcga_test,Family-restricted SEER only,PAAD,fold1,seer_n003k_00pct,0.04837683050270553,-0.104572311966565,3000,37,20,3000.0
seer_same_family_train_tcga_test,Family-restricted SEER only,PAAD,fold2,seer_n003k_00pct,0.08801062915507009,-0.3604678046289097,3000,37,20,3000.0
seer_same_family_train_tcga_test,Family-restricted SEER only,PAAD,fold3,seer_n003k_00pct,0.027631805332313374,-0.07091809716490194,3000,37,20,3000.0
seer_same_family_train_tcga_test,Family-restricted SEER only,PAAD,fold4,seer_n003k_00pct,0.04048504211549318,-0.09580724036704243,3000,37,20,3000.0
seer_same_family_train_tcga_test,Family-restricted SEER only,PAAD,fold5,seer_n003k_00pct,0.02838592879278073,-0.1270739093365037,3000,36,20,3000.0
seer_same_family_train_tcga_test,Family-restricted SEER only,PRAD,fold1,seer_n003k_00pct,0.0068258458739052985,-0.03670800645140208,3000,250,5,3000.0
seer_same_family_train_tcga_test,Family-restricted SEER only,PRAD,fold2,seer_n003k_00pct,0.00646801942234704,-0.02161655836622384,3000,250,5,3000.0
seer_same_family_train_tcga_test,Family-restricted SEER only,READ,fold1,seer_n003k_00pct,0.018651492107905284,-0.11981649821784504,3000,33,5,3000.0
seer_same_family_train_tcga_test,Family-restricted SEER only,READ,fold2,seer_n003k_00pct,0.02627397786982438,-0.15941409211172217,3000,33,5,3000.0
seer_same_family_train_tcga_test,Family-restricted SEER only,READ,fold3,seer_n003k_00pct,0.018518309805289113,-0.09415939310094369,3000,33,5,3000.0
seer_same_family_train_tcga_test,Family-restricted SEER only,READ,fold4,seer_n003k_00pct,0.020140940795863493,-0.10622934410569294,3000,33,6,3000.0
seer_same_family_train_tcga_test,Family-restricted SEER only,READ,fold5,seer_n003k_00pct,0.02447174503209497,-0.13233202812003447,3000,32,5,3000.0
seer_same_family_train_tcga_test,Family-restricted SEER only,SARC,fold1,seer_n003k_00pct,0.07921934277316953,-0.10239203659011337,3000,53,20,3000.0
seer_same_family_train_tcga_test,Family-restricted SEER only,SARC,fold2,seer_n003k_00pct,0.06983028275740177,-0.11071730979328412,3000,52,19,3000.0
seer_same_family_train_tcga_test,Family-restricted SEER only,SARC,fold3,seer_n003k_00pct,0.07777167558866899,-0.12901762917264117,3000,52,20,3000.0
seer_same_family_train_tcga_test,Family-restricted SEER only,SARC,fold4,seer_n003k_00pct,0.08085192685675185,-0.1296445536614758,3000,52,20,3000.0
seer_same_family_train_tcga_test,Family-restricted SEER only,SARC,fold5,seer_n003k_00pct,0.07581906449217138,-0.1544402569452591,3000,52,20,3000.0
seer_same_family_train_tcga_test,Family-restricted SEER only,SKCM,fold1,seer_n003k_00pct,0.18684973094417345,-0.009658140541500576,3000,91,43,3000.0
seer_same_family_train_tcga_test,Family-restricted SEER only,SKCM,fold2,seer_n003k_00pct,0.12188073192951306,0.00656227023629101,3000,91,43,3000.0
seer_same_family_train_tcga_test,Family-restricted SEER only,SKCM,fold3,seer_n003k_00pct,0.13397183630968168,-0.044657867784927974,3000,91,43,3000.0
seer_same_family_train_tcga_test,Family-restricted SEER only,SKCM,fold4,seer_n003k_00pct,0.1873611565350724,-0.02387340010975214,3000,91,43,3000.0
seer_same_family_train_tcga_test,Family-restricted SEER only,SKCM,fold5,seer_n003k_00pct,0.10483389772938669,0.019790633083172776,3000,90,42,3000.0
seer_same_family_train_tcga_test,Family-restricted SEER only,STAD,fold1,seer_n003k_00pct,0.04624901091028695,-0.12764403839312005,3000,84,34,3000.0
seer_same_family_train_tcga_test,Family-restricted SEER only,STAD,fold2,seer_n003k_00pct,0.04944762775431833,-0.16861218162253747,3000,84,34,3000.0
seer_same_family_train_tcga_test,Family-restricted SEER only,STAD,fold3,seer_n003k_00pct,0.050995080052474336,-0.1361190380009607,3000,83,33,3000.0
seer_same_family_train_tcga_test,Family-restricted SEER only,STAD,fold4,seer_n003k_00pct,0.05214111155722483,-0.13777045935251922,3000,83,33,3000.0
seer_same_family_train_tcga_test,Family-restricted SEER only,STAD,fold5,seer_n003k_00pct,0.04962630969874372,-0.15332058540785826,3000,83,34,3000.0
seer_same_family_train_tcga_test,Family-restricted SEER only,TGCT,fold1,seer_n003k_00pct,0.03480214871747818,0.02116260928836123,3000,67,2,3000.0
seer_same_family_train_tcga_test,Family-restricted SEER only,TGCT,fold2,seer_n003k_00pct,0.020713049921535623,0.007073510492418672,3000,67,2,3000.0
seer_same_family_train_tcga_test,Family-restricted SEER only,THCA,fold1,seer_n003k_00pct,0.009152423378864597,-0.045557374939797536,3000,169,5,3000.0
seer_same_family_train_tcga_test,Family-restricted SEER only,THCA,fold2,seer_n003k_00pct,0.008742282036927302,-0.02179730065155577,3000,169,6,3000.0
seer_same_family_train_tcga_test,Family-restricted SEER only,THCA,fold3,seer_n003k_00pct,0.008568954089332328,-0.032344169874744665,3000,168,5,3000.0
seer_same_family_train_tcga_test,Family-restricted SEER only,THYM,fold1,seer_n003k_00pct,0.03177023366117308,-0.031594994475472316,3000,62,5,3000.0
seer_same_family_train_tcga_test,Family-restricted SEER only,THYM,fold2,seer_n003k_00pct,0.03354550159885547,-0.05440995625313909,3000,61,4,3000.0
seer_same_family_train_tcga_test,Family-restricted SEER only,UCEC,fold1,seer_n003k_00pct,0.028968945726107434,-0.11703069381228141,3000,110,19,3000.0
seer_same_family_train_tcga_test,Family-restricted SEER only,UCEC,fold2,seer_n003k_00pct,0.025758637077274504,-0.05779154857886007,3000,109,18,3000.0
seer_same_family_train_tcga_test,Family-restricted SEER only,UCEC,fold3,seer_n003k_00pct,0.06024280423249837,-0.19482265831402687,3000,109,18,3000.0
seer_same_family_train_tcga_test,Family-restricted SEER only,UCEC,fold4,seer_n003k_00pct,0.027175817651879104,-0.14828496686482784,3000,109,18,3000.0
seer_same_family_train_tcga_test,Family-restricted SEER only,UCEC,fold5,seer_n003k_00pct,0.03862254715588916,-0.08624934193472239,3000,109,18,3000.0
seer_same_family_train_tcga_test,Family-restricted SEER only,UCS,fold1,seer_n003k_00pct,0.032594367590665176,-0.19930670769751935,3000,12,7,3000.0
seer_same_family_train_tcga_test,Family-restricted SEER only,UCS,fold2,seer_n003k_00pct,0.035226564240674,-0.06724644495390208,3000,11,7,3000.0
seer_same_family_train_tcga_test,Family-restricted SEER only,UCS,fold3,seer_n003k_00pct,0.10332553056759743,-0.14361763172937891,3000,11,7,3000.0
seer_same_family_train_tcga_test,Family-restricted SEER only,UCS,fold4,seer_n003k_00pct,0.06821247062429332,-0.2205009158909748,3000,11,7,3000.0
seer_same_family_train_tcga_test,Family-restricted SEER only,UCS,fold5,seer_n003k_00pct,0.050527519030993125,-0.1452179163873804,3000,11,7,3000.0
seer_same_family_train_tcga_test,Family-restricted SEER only,UVM,fold1,seer_n003k_00pct,0.05293285521487284,-0.07648134615411625,3000,20,6,3000.0
seer_same_family_train_tcga_test,Family-restricted SEER only,UVM,fold2,seer_n003k_00pct,0.035381424562220494,-0.10094226396236813,3000,20,6,3000.0
seer_same_family_train_tcga_test,Family-restricted SEER only,UVM,fold3,seer_n003k_00pct,0.035081725389668375,-0.15496703527216515,3000,20,6,3000.0
seer_same_family_train_tcga_test,Family-restricted SEER only,UVM,fold4,seer_n003k_00pct,0.030630938542682486,-0.19330874167802312,3000,20,5,3000.0
seer_same_family_train_tcga_test,Family-restricted SEER only,BLCA,fold1,seer_n010k_00pct,0.04095967541205888,-0.15474186843704893,10000,82,36,10000.0
seer_same_family_train_tcga_test,Family-restricted SEER only,BLCA,fold2,seer_n010k_00pct,0.05161229379422338,-0.08042744288689907,10000,82,36,10000.0
seer_same_family_train_tcga_test,Family-restricted SEER only,BLCA,fold3,seer_n010k_00pct,0.04850712602740212,-0.10430139589301443,10000,82,36,10000.0
seer_same_family_train_tcga_test,Family-restricted SEER only,BLCA,fold4,seer_n010k_00pct,0.05298888854945878,-0.13765912928094798,10000,82,36,10000.0
seer_same_family_train_tcga_test,Family-restricted SEER only,BLCA,fold5,seer_n010k_00pct,0.06022257707267939,-0.2070682592538212,10000,82,36,10000.0
seer_same_family_train_tcga_test,Family-restricted SEER only,BRCA,fold1,seer_n010k_00pct,0.05379877714896619,-0.10358149856057478,10000,217,30,10000.0
seer_same_family_train_tcga_test,Family-restricted SEER only,BRCA,fold2,seer_n010k_00pct,0.055404708855862114,-0.05807245096298766,10000,217,30,10000.0
seer_same_family_train_tcga_test,Family-restricted SEER only,BRCA,fold3,seer_n010k_00pct,0.0525608150042481,-0.06614304080633679,10000,217,31,10000.0
seer_same_family_train_tcga_test,Family-restricted SEER only,BRCA,fold4,seer_n010k_00pct,0.054037587926061004,-0.19079715420883053,10000,216,30,10000.0
seer_same_family_train_tcga_test,Family-restricted SEER only,BRCA,fold5,seer_n010k_00pct,0.053613625142381174,-0.09709089105976006,10000,216,30,10000.0
seer_same_family_train_tcga_test,Family-restricted SEER only,CESC,fold1,seer_n010k_00pct,0.08222319232825209,-0.06851098447163512,10000,59,14,10000.0
seer_same_family_train_tcga_test,Family-restricted SEER only,CESC,fold2,seer_n010k_00pct,0.12402718102163818,-0.060612421876829,10000,59,14,10000.0
seer_same_family_train_tcga_test,Family-restricted SEER only,CESC,fold3,seer_n010k_00pct,0.061768937275306295,-0.04332592791268617,10000,59,14,10000.0
seer_same_family_train_tcga_test,Family-restricted SEER only,CESC,fold4,seer_n010k_00pct,0.08468522560986491,-0.21977823027076832,10000,59,15,10000.0
seer_same_family_train_tcga_test,Family-restricted SEER only,CESC,fold5,seer_n010k_00pct,0.07485965944579888,-0.22185273708499575,10000,58,14,10000.0
seer_same_family_train_tcga_test,Family-restricted SEER only,CHOL,fold1,seer_n010k_00pct,0.04394970441476391,-0.1782828602302678,10000,12,6,10000.0
seer_same_family_train_tcga_test,Family-restricted SEER only,CHOL,fold2,seer_n010k_00pct,0.07442133791537874,-0.25388058654755574,10000,11,6,10000.0
seer_same_family_train_tcga_test,Family-restricted SEER only,CHOL,fold3,seer_n010k_00pct,0.04388030222886817,-0.18709986208615453,10000,11,5,10000.0
seer_same_family_train_tcga_test,Family-restricted SEER only,CHOL,fold4,seer_n010k_00pct,0.054718443394244524,-0.3534997831094068,10000,11,5,10000.0
seer_same_family_train_tcga_test,Family-restricted SEER only,COAD,fold1,seer_n010k_00pct,0.0334844026734573,-0.17779058478603743,10000,89,20,10000.0
seer_same_family_train_tcga_test,Family-restricted SEER only,COAD,fold2,seer_n010k_00pct,0.038231060523372,-0.1621243960411909,10000,89,20,10000.0
seer_same_family_train_tcga_test,Family-restricted SEER only,COAD,fold3,seer_n010k_00pct,0.0438703903756837,-0.15602126320154147,10000,88,19,10000.0
seer_same_family_train_tcga_test,Family-restricted SEER only,COAD,fold4,seer_n010k_00pct,0.03563090730641917,-0.23400996655610357,10000,88,19,10000.0
seer_same_family_train_tcga_test,Family-restricted SEER only,COAD,fold5,seer_n010k_00pct,0.02950681425563901,-0.07878346853448231,10000,88,20,10000.0
seer_same_family_train_tcga_test,Family-restricted SEER only,DLBC,fold1,seer_n010k_00pct,0.07053469874360485,-0.09949840256035261,10000,24,5,10000.0
seer_same_family_train_tcga_test,Family-restricted SEER only,DLBC,fold2,seer_n010k_00pct,0.10371982241561098,-0.10540771826164777,10000,23,4,10000.0
seer_same_family_train_tcga_test,Family-restricted SEER only,ESCA,fold1,seer_n010k_00pct,0.05270284069114625,-0.19332671293024142,10000,37,16,10000.0
seer_same_family_train_tcga_test,Family-restricted SEER only,ESCA,fold2,seer_n010k_00pct,0.05026722392309666,-0.0817302497654106,10000,37,16,10000.0
seer_same_family_train_tcga_test,Family-restricted SEER only,ESCA,fold3,seer_n010k_00pct,0.04480015803085095,-0.08988883288212869,10000,37,15,10000.0
seer_same_family_train_tcga_test,Family-restricted SEER only,ESCA,fold4,seer_n010k_00pct,0.07299592098234829,-0.08322308679546343,10000,37,15,10000.0
seer_same_family_train_tcga_test,Family-restricted SEER only,ESCA,fold5,seer_n010k_00pct,0.05461374807306766,-0.13438628352557308,10000,37,15,10000.0
seer_same_family_train_tcga_test,Family-restricted SEER only,GBM,fold1,seer_n010k_00pct,0.09529273265164151,0.03700775590956344,10000,119,99,10000.0
seer_same_family_train_tcga_test,Family-restricted SEER only,GBM,fold2,seer_n010k_00pct,0.10958411496863565,0.02707992973012434,10000,119,98,10000.0
seer_same_family_train_tcga_test,Family-restricted SEER only,GBM,fold3,seer_n010k_00pct,0.10258359884150034,0.02614000021661858,10000,119,98,10000.0
seer_same_family_train_tcga_test,Family-restricted SEER only,GBM,fold4,seer_n010k_00pct,0.08337943930862497,0.018482233211253016,10000,119,98,10000.0
seer_same_family_train_tcga_test,Family-restricted SEER only,GBM,fold5,seer_n010k_00pct,0.10109566652001227,0.012248413634234234,10000,119,98,10000.0
seer_same_family_train_tcga_test,Family-restricted SEER only,HNSC,fold1,seer_n010k_00pct,0.06473894566966236,-0.14979231626020795,10000,106,45,10000.0
seer_same_family_train_tcga_test,Family-restricted SEER only,HNSC,fold2,seer_n010k_00pct,0.0645257852649581,-0.06682295633305586,10000,106,45,10000.0
seer_same_family_train_tcga_test,Family-restricted SEER only,HNSC,fold3,seer_n010k_00pct,0.08031595141529466,-0.07841713513071125,10000,105,44,10000.0
seer_same_family_train_tcga_test,Family-restricted SEER only,HNSC,fold4,seer_n010k_00pct,0.08399744182140333,-0.10467092234634222,10000,105,44,10000.0
seer_same_family_train_tcga_test,Family-restricted SEER only,HNSC,fold5,seer_n010k_00pct,0.08671008124659034,-0.10358023617160818,10000,105,45,10000.0
seer_same_family_train_tcga_test,Family-restricted SEER only,KICH,fold1,seer_n010k_00pct,0.02994299275535986,-0.043280456685099625,10000,56,6,10000.0
seer_same_family_train_tcga_test,Family-restricted SEER only,KICH,fold2,seer_n010k_00pct,0.03542969056477002,-0.07575833164757854,10000,56,6,10000.0
seer_same_family_train_tcga_test,Family-restricted SEER only,KIRC,fold1,seer_n010k_00pct,0.0588263401720061,-0.07867672991738586,10000,107,35,10000.0
seer_same_family_train_tcga_test,Family-restricted SEER only,KIRC,fold2,seer_n010k_00pct,0.05875295263306323,-0.062132729026791476,10000,107,35,10000.0
seer_same_family_train_tcga_test,Family-restricted SEER only,KIRC,fold3,seer_n010k_00pct,0.0620273984563352,-0.1146354017143647,10000,107,35,10000.0
seer_same_family_train_tcga_test,Family-restricted SEER only,KIRC,fold4,seer_n010k_00pct,0.056752727917419955,-0.03691955054978235,10000,107,36,10000.0
seer_same_family_train_tcga_test,Family-restricted SEER only,KIRC,fold5,seer_n010k_00pct,0.047407493689800226,-0.06600965472719522,10000,107,36,10000.0
seer_same_family_train_tcga_test,Family-restricted SEER only,KIRP,fold1,seer_n010k_00pct,0.05260083106691884,-0.15511007383001407,10000,58,9,10000.0
seer_same_family_train_tcga_test,Family-restricted SEER only,KIRP,fold2,seer_n010k_00pct,0.036663809339508496,-0.1583670740175667,10000,58,9,10000.0
seer_same_family_train_tcga_test,Family-restricted SEER only,KIRP,fold3,seer_n010k_00pct,0.029399725614071434,-0.09362553594720768,10000,58,9,10000.0
seer_same_family_train_tcga_test,Family-restricted SEER only,KIRP,fold4,seer_n010k_00pct,0.02711100256119519,-0.1240933152547562,10000,57,8,10000.0
seer_same_family_train_tcga_test,Family-restricted SEER only,KIRP,fold5,seer_n010k_00pct,0.02730225751531341,-0.1080111349027431,10000,57,9,10000.0
seer_same_family_train_tcga_test,Family-restricted SEER only,LAML,fold1,seer_n010k_00pct,0.1042412758996602,-0.13433275129198205,10000,35,22,10000.0
seer_same_family_train_tcga_test,Family-restricted SEER only,LAML,fold2,seer_n010k_00pct,0.10792335839364697,-0.08020090347935058,10000,35,22,10000.0
seer_same_family_train_tcga_test,Family-restricted SEER only,LAML,fold3,seer_n010k_00pct,0.1031377619006945,-0.11381255829234897,10000,35,22,10000.0
seer_same_family_train_tcga_test,Family-restricted SEER only,LAML,fold4,seer_n010k_00pct,0.10638990060210657,-0.04179560116125358,10000,34,21,10000.0
seer_same_family_train_tcga_test,Family-restricted SEER only,LAML,fold5,seer_n010k_00pct,0.0917807276169722,-0.16484833491151318,10000,34,21,10000.0
seer_same_family_train_tcga_test,Family-restricted SEER only,LGG,fold1,seer_n010k_00pct,0.05402288046550009,-0.11107552248499235,10000,103,25,10000.0
seer_same_family_train_tcga_test,Family-restricted SEER only,LGG,fold2,seer_n010k_00pct,0.03416519743629065,-0.14027346179475436,10000,102,25,10000.0
seer_same_family_train_tcga_test,Family-restricted SEER only,LGG,fold3,seer_n010k_00pct,0.04797307423648042,-0.21271771551603944,10000,102,25,10000.0
seer_same_family_train_tcga_test,Family-restricted SEER only,LGG,fold4,seer_n010k_00pct,0.03931835459995723,-0.1299314305568212,10000,102,25,10000.0
seer_same_family_train_tcga_test,Family-restricted SEER only,LGG,fold5,seer_n010k_00pct,0.03620165533138366,-0.06475846994752957,10000,102,25,10000.0
seer_same_family_train_tcga_test,Family-restricted SEER only,LIHC,fold1,seer_n010k_00pct,0.0439973237189406,-0.09739311503844644,10000,75,27,10000.0
seer_same_family_train_tcga_test,Family-restricted SEER only,LIHC,fold2,seer_n010k_00pct,0.06336044890795686,-0.16635622504756087,10000,74,27,10000.0
seer_same_family_train_tcga_test,Family-restricted SEER only,LIHC,fold3,seer_n010k_00pct,0.05738835505450246,-0.19634546891668825,10000,74,26,10000.0
seer_same_family_train_tcga_test,Family-restricted SEER only,LIHC,fold4,seer_n010k_00pct,0.05517489972046103,-0.1383079149124265,10000,74,26,10000.0
seer_same_family_train_tcga_test,Family-restricted SEER only,LIHC,fold5,seer_n010k_00pct,0.05691031884438253,-0.10912787506762961,10000,74,26,10000.0
seer_same_family_train_tcga_test,Family-restricted SEER only,LUAD,fold1,seer_n010k_00pct,0.05495843698861276,-0.1266560840580529,10000,102,36,10000.0
seer_same_family_train_tcga_test,Family-restricted SEER only,LUAD,fold2,seer_n010k_00pct,0.041971570231740155,-0.10532228794799671,10000,102,37,10000.0
seer_same_family_train_tcga_test,Family-restricted SEER only,LUAD,fold3,seer_n010k_00pct,0.03809822395469784,-0.09001664021046904,10000,102,37,10000.0
seer_same_family_train_tcga_test,Family-restricted SEER only,LUAD,fold4,seer_n010k_00pct,0.06356922769196789,-0.24608080190570525,10000,102,37,10000.0
seer_same_family_train_tcga_test,Family-restricted SEER only,LUAD,fold5,seer_n010k_00pct,0.05688489369796944,-0.062100463317304594,10000,101,36,10000.0
seer_same_family_train_tcga_test,Family-restricted SEER only,LUSC,fold1,seer_n010k_00pct,0.07145298387489252,-0.06625183313988975,10000,100,43,10000.0
seer_same_family_train_tcga_test,Family-restricted SEER only,LUSC,fold2,seer_n010k_00pct,0.060809192088520855,-0.06221439496460544,10000,100,43,10000.0
seer_same_family_train_tcga_test,Family-restricted SEER only,LUSC,fold3,seer_n010k_00pct,0.07091409147010444,-0.052815607379815166,10000,99,43,10000.0
seer_same_family_train_tcga_test,Family-restricted SEER only,LUSC,fold4,seer_n010k_00pct,0.08271129117057523,-0.09784889124653591,10000,99,43,10000.0
seer_same_family_train_tcga_test,Family-restricted SEER only,LUSC,fold5,seer_n010k_00pct,0.11692808326427646,-0.2425402390912042,10000,99,43,10000.0
seer_same_family_train_tcga_test,Family-restricted SEER only,MESO,fold1,seer_n010k_00pct,0.028356548191386253,-0.05252349749732825,10000,17,15,10000.0
seer_same_family_train_tcga_test,Family-restricted SEER only,MESO,fold2,seer_n010k_00pct,0.09266030755010594,-0.1672011968975896,10000,17,15,10000.0
seer_same_family_train_tcga_test,Family-restricted SEER only,MESO,fold3,seer_n010k_00pct,0.06470114310065703,-0.051756188479218465,10000,17,15,10000.0
seer_same_family_train_tcga_test,Family-restricted SEER only,MESO,fold4,seer_n010k_00pct,0.04456942797041285,-0.077434475267467,10000,17,14,10000.0
seer_same_family_train_tcga_test,Family-restricted SEER only,MESO,fold5,seer_n010k_00pct,0.05428350911755609,-0.1023303825067143,10000,17,14,10000.0
seer_same_family_train_tcga_test,Family-restricted SEER only,OV,fold1,seer_n010k_00pct,0.07727570503194749,-0.07777033827835154,10000,117,70,10000.0
seer_same_family_train_tcga_test,Family-restricted SEER only,OV,fold2,seer_n010k_00pct,0.06662536234819996,-0.06779956412362176,10000,117,70,10000.0
seer_same_family_train_tcga_test,Family-restricted SEER only,OV,fold3,seer_n010k_00pct,0.06659710677820725,-0.04844541391624191,10000,116,70,10000.0
seer_same_family_train_tcga_test,Family-restricted SEER only,OV,fold4,seer_n010k_00pct,0.06360005635739754,-0.06708341695362588,10000,116,69,10000.0
seer_same_family_train_tcga_test,Family-restricted SEER only,OV,fold5,seer_n010k_00pct,0.08829439741386377,-0.1387436481272378,10000,116,69,10000.0
seer_same_family_train_tcga_test,Family-restricted SEER only,PAAD,fold1,seer_n010k_00pct,0.04741743650438135,-0.10553170596488917,10000,37,20,10000.0
seer_same_family_train_tcga_test,Family-restricted SEER only,PAAD,fold2,seer_n010k_00pct,0.08906836229953743,-0.3594100714844424,10000,37,20,10000.0
seer_same_family_train_tcga_test,Family-restricted SEER only,PAAD,fold3,seer_n010k_00pct,0.02667235096057857,-0.07187755153663673,10000,37,20,10000.0
seer_same_family_train_tcga_test,Family-restricted SEER only,PAAD,fold4,seer_n010k_00pct,0.0424078685589691,-0.0938844139235665,10000,37,20,10000.0
seer_same_family_train_tcga_test,Family-restricted SEER only,PAAD,fold5,seer_n010k_00pct,0.041096398352523614,-0.11436343977676082,10000,36,20,10000.0
seer_same_family_train_tcga_test,Family-restricted SEER only,PRAD,fold1,seer_n010k_00pct,0.007919752356312775,-0.0356140999689946,10000,250,5,10000.0
seer_same_family_train_tcga_test,Family-restricted SEER only,PRAD,fold2,seer_n010k_00pct,0.007657444887697845,-0.020427132900873037,10000,250,5,10000.0
seer_same_family_train_tcga_test,Family-restricted SEER only,READ,fold1,seer_n010k_00pct,0.021688194919032882,-0.11677979540671744,10000,33,5,10000.0
seer_same_family_train_tcga_test,Family-restricted SEER only,READ,fold2,seer_n010k_00pct,0.024352839758155012,-0.16133523022339152,10000,33,5,10000.0
seer_same_family_train_tcga_test,Family-restricted SEER only,READ,fold3,seer_n010k_00pct,0.017643241830739998,-0.09503446107549281,10000,33,5,10000.0
seer_same_family_train_tcga_test,Family-restricted SEER only,READ,fold4,seer_n010k_00pct,0.018992777627229993,-0.10737750727432645,10000,33,6,10000.0
seer_same_family_train_tcga_test,Family-restricted SEER only,READ,fold5,seer_n010k_00pct,0.02883472717765719,-0.12796904597447223,10000,32,5,10000.0
seer_same_family_train_tcga_test,Family-restricted SEER only,SARC,fold1,seer_n010k_00pct,0.08936409071773929,-0.0922472886455436,10000,53,20,10000.0
seer_same_family_train_tcga_test,Family-restricted SEER only,SARC,fold2,seer_n010k_00pct,0.07323010870947813,-0.10731748384120776,10000,52,19,10000.0
seer_same_family_train_tcga_test,Family-restricted SEER only,SARC,fold3,seer_n010k_00pct,0.09558952684493532,-0.11119977791637484,10000,52,20,10000.0
seer_same_family_train_tcga_test,Family-restricted SEER only,SARC,fold4,seer_n010k_00pct,0.10546782005228589,-0.10502866046594175,10000,52,20,10000.0
seer_same_family_train_tcga_test,Family-restricted SEER only,SARC,fold5,seer_n010k_00pct,0.09379152073038476,-0.13646780070704573,10000,52,20,10000.0
seer_same_family_train_tcga_test,Family-restricted SEER only,SKCM,fold1,seer_n010k_00pct,0.19041154344571554,-0.006096328039958493,10000,91,43,10000.0
seer_same_family_train_tcga_test,Family-restricted SEER only,SKCM,fold2,seer_n010k_00pct,0.13173227751508512,0.016413815821863076,10000,91,43,10000.0
seer_same_family_train_tcga_test,Family-restricted SEER only,SKCM,fold3,seer_n010k_00pct,0.13260994249249716,-0.04601976160211249,10000,91,43,10000.0
seer_same_family_train_tcga_test,Family-restricted SEER only,SKCM,fold4,seer_n010k_00pct,0.17944055123325245,-0.031794005411572096,10000,91,43,10000.0
seer_same_family_train_tcga_test,Family-restricted SEER only,SKCM,fold5,seer_n010k_00pct,0.09835835002388618,0.013315085377672273,10000,90,42,10000.0
seer_same_family_train_tcga_test,Family-restricted SEER only,STAD,fold1,seer_n010k_00pct,0.04417638315789625,-0.12971666614551075,10000,84,34,10000.0
seer_same_family_train_tcga_test,Family-restricted SEER only,STAD,fold2,seer_n010k_00pct,0.050011037611684836,-0.16804877176517097,10000,84,34,10000.0
seer_same_family_train_tcga_test,Family-restricted SEER only,STAD,fold3,seer_n010k_00pct,0.04198969038245067,-0.14512442767098435,10000,83,33,10000.0
seer_same_family_train_tcga_test,Family-restricted SEER only,STAD,fold4,seer_n010k_00pct,0.052545962023448724,-0.13736560888629534,10000,83,33,10000.0
seer_same_family_train_tcga_test,Family-restricted SEER only,STAD,fold5,seer_n010k_00pct,0.04317666239810906,-0.15977023270849294,10000,83,34,10000.0
seer_same_family_train_tcga_test,Family-restricted SEER only,TGCT,fold1,seer_n010k_00pct,0.042550444545236765,0.028910905116119816,10000,67,2,10000.0
seer_same_family_train_tcga_test,Family-restricted SEER only,TGCT,fold2,seer_n010k_00pct,0.01758963238423137,0.003950092955114419,10000,67,2,10000.0
seer_same_family_train_tcga_test,Family-restricted SEER only,THCA,fold1,seer_n010k_00pct,0.010916131890033005,-0.04379366642862913,10000,169,5,10000.0
seer_same_family_train_tcga_test,Family-restricted SEER only,THCA,fold2,seer_n010k_00pct,0.009889629397941404,-0.020649953290541666,10000,169,6,10000.0
seer_same_family_train_tcga_test,Family-restricted SEER only,THCA,fold3,seer_n010k_00pct,0.00888979676292419,-0.03202332720115281,10000,168,5,10000.0
seer_same_family_train_tcga_test,Family-restricted SEER only,UCEC,fold1,seer_n010k_00pct,0.027303871172233322,-0.11869576836615553,10000,110,19,10000.0
seer_same_family_train_tcga_test,Family-restricted SEER only,UCEC,fold2,seer_n010k_00pct,0.025565114492327488,-0.05798507116380709,10000,109,18,10000.0
seer_same_family_train_tcga_test,Family-restricted SEER only,UCEC,fold3,seer_n010k_00pct,0.06125386849091498,-0.19381159405561027,10000,109,18,10000.0
seer_same_family_train_tcga_test,Family-restricted SEER only,UCEC,fold4,seer_n010k_00pct,0.02686459084247404,-0.1485961936742329,10000,109,18,10000.0
seer_same_family_train_tcga_test,Family-restricted SEER only,UCEC,fold5,seer_n010k_00pct,0.0381503600553333,-0.08672152903527826,10000,109,18,10000.0
seer_same_family_train_tcga_test,Family-restricted SEER only,UCS,fold1,seer_n010k_00pct,0.041188086436295845,-0.19071298885188867,10000,12,7,10000.0
seer_same_family_train_tcga_test,Family-restricted SEER only,UCS,fold2,seer_n010k_00pct,0.03488185557912302,-0.06759115361545306,10000,11,7,10000.0
seer_same_family_train_tcga_test,Family-restricted SEER only,UCS,fold3,seer_n010k_00pct,0.10685027211256962,-0.14009289018440674,10000,11,7,10000.0
seer_same_family_train_tcga_test,Family-restricted SEER only,UCS,fold4,seer_n010k_00pct,0.06893020910752166,-0.21978317740774644,10000,11,7,10000.0
seer_same_family_train_tcga_test,Family-restricted SEER only,UCS,fold5,seer_n010k_00pct,0.050101195376824545,-0.14564424004154897,10000,11,7,10000.0
seer_same_family_train_tcga_test,Family-restricted SEER only,BLCA,fold1,seer_n035k_00pct,0.04080433392442779,-0.15489720992468003,35000,82,36,35000.0
seer_same_family_train_tcga_test,Family-restricted SEER only,BLCA,fold2,seer_n035k_00pct,0.04898951693214056,-0.08305021974898188,35000,82,36,35000.0
seer_same_family_train_tcga_test,Family-restricted SEER only,BLCA,fold3,seer_n035k_00pct,0.045594226072194995,-0.10721429584822156,35000,82,36,35000.0
seer_same_family_train_tcga_test,Family-restricted SEER only,BLCA,fold4,seer_n035k_00pct,0.05003813138753307,-0.14060988644287367,35000,82,36,35000.0
seer_same_family_train_tcga_test,Family-restricted SEER only,BLCA,fold5,seer_n035k_00pct,0.05857669524244351,-0.20871414108405706,35000,82,36,35000.0
seer_same_family_train_tcga_test,Family-restricted SEER only,BRCA,fold1,seer_n035k_00pct,0.054328568110517395,-0.10305170759902357,35000,217,30,35000.0
seer_same_family_train_tcga_test,Family-restricted SEER only,BRCA,fold2,seer_n035k_00pct,0.05408945799215606,-0.059387701826693715,35000,217,30,35000.0
seer_same_family_train_tcga_test,Family-restricted SEER only,BRCA,fold3,seer_n035k_00pct,0.050424983688192024,-0.06827887212239286,35000,217,31,35000.0
seer_same_family_train_tcga_test,Family-restricted SEER only,BRCA,fold4,seer_n035k_00pct,0.05453490517382019,-0.19029983696107133,35000,216,30,35000.0
seer_same_family_train_tcga_test,Family-restricted SEER only,BRCA,fold5,seer_n035k_00pct,0.05403771696192999,-0.09666679924021124,35000,216,30,35000.0
seer_same_family_train_tcga_test,Family-restricted SEER only,CESC,fold1,seer_n035k_00pct,0.0788506706685771,-0.07188350613131012,35000,59,14,35000.0
seer_same_family_train_tcga_test,Family-restricted SEER only,CESC,fold2,seer_n035k_00pct,0.12248924059698581,-0.06215036230148137,35000,59,14,35000.0
seer_same_family_train_tcga_test,Family-restricted SEER only,CESC,fold3,seer_n035k_00pct,0.0601237583586549,-0.04497110682933757,35000,59,14,35000.0
seer_same_family_train_tcga_test,Family-restricted SEER only,CESC,fold4,seer_n035k_00pct,0.07942152558208038,-0.22504193029855285,35000,59,15,35000.0
seer_same_family_train_tcga_test,Family-restricted SEER only,CESC,fold5,seer_n035k_00pct,0.06868293779870258,-0.22802945873209204,35000,58,14,35000.0
seer_same_family_train_tcga_test,Family-restricted SEER only,CHOL,fold1,seer_n035k_00pct,0.040861214920480136,-0.18137134972455154,35000,12,6,35000.0
seer_same_family_train_tcga_test,Family-restricted SEER only,CHOL,fold2,seer_n035k_00pct,0.06762045453131728,-0.2606814699316172,35000,11,6,35000.0
seer_same_family_train_tcga_test,Family-restricted SEER only,CHOL,fold3,seer_n035k_00pct,0.04811838901154153,-0.18286177530348116,35000,11,5,35000.0
seer_same_family_train_tcga_test,Family-restricted SEER only,CHOL,fold4,seer_n035k_00pct,0.06591537456656825,-0.34230285193708304,35000,11,5,35000.0
seer_same_family_train_tcga_test,Family-restricted SEER only,COAD,fold1,seer_n035k_00pct,0.031613626832510504,-0.1796613606269842,35000,89,20,35000.0
seer_same_family_train_tcga_test,Family-restricted SEER only,COAD,fold2,seer_n035k_00pct,0.03896744092689509,-0.1613880156376678,35000,89,20,35000.0
seer_same_family_train_tcga_test,Family-restricted SEER only,COAD,fold3,seer_n035k_00pct,0.04668414452658578,-0.15320750905063937,35000,88,19,35000.0
seer_same_family_train_tcga_test,Family-restricted SEER only,COAD,fold4,seer_n035k_00pct,0.03856935467030516,-0.23107151919221758,35000,88,19,35000.0
seer_same_family_train_tcga_test,Family-restricted SEER only,COAD,fold5,seer_n035k_00pct,0.03371806803855944,-0.07457221475156188,35000,88,20,35000.0
seer_same_family_train_tcga_test,Family-restricted SEER only,DLBC,fold1,seer_n035k_00pct,0.07716586248526397,-0.09286723881869349,35000,24,5,35000.0
seer_same_family_train_tcga_test,Family-restricted SEER only,DLBC,fold2,seer_n035k_00pct,0.10421920009948611,-0.10490834057777264,35000,23,4,35000.0
seer_same_family_train_tcga_test,Family-restricted SEER only,ESCA,fold1,seer_n035k_00pct,0.043364918105003994,-0.2026646355163837,35000,37,16,35000.0
seer_same_family_train_tcga_test,Family-restricted SEER only,ESCA,fold2,seer_n035k_00pct,0.032740287322378256,-0.099257186366129,35000,37,16,35000.0
seer_same_family_train_tcga_test,Family-restricted SEER only,ESCA,fold3,seer_n035k_00pct,0.026690611009407054,-0.10799837990357258,35000,37,15,35000.0
seer_same_family_train_tcga_test,Family-restricted SEER only,ESCA,fold4,seer_n035k_00pct,0.04799354877775271,-0.108225459000059,35000,37,15,35000.0
seer_same_family_train_tcga_test,Family-restricted SEER only,ESCA,fold5,seer_n035k_00pct,0.043825259690191076,-0.14517477190844966,35000,37,15,35000.0
seer_same_family_train_tcga_test,Family-restricted SEER only,GBM,fold1,seer_n035k_00pct,0.08289295768132297,0.024607980939244906,35000,119,99,35000.0
seer_same_family_train_tcga_test,Family-restricted SEER only,GBM,fold2,seer_n035k_00pct,0.0936112149050668,0.011107029666555482,35000,119,98,35000.0
seer_same_family_train_tcga_test,Family-restricted SEER only,GBM,fold3,seer_n035k_00pct,0.08929562417854037,0.012852025553658608,35000,119,98,35000.0
seer_same_family_train_tcga_test,Family-restricted SEER only,GBM,fold4,seer_n035k_00pct,0.07422049488859697,0.009323288791225015,35000,119,98,35000.0
seer_same_family_train_tcga_test,Family-restricted SEER only,GBM,fold5,seer_n035k_00pct,0.0862573188709214,-0.002589934014856632,35000,119,98,35000.0
seer_same_family_train_tcga_test,Family-restricted SEER only,HNSC,fold1,seer_n035k_00pct,0.06084198983271816,-0.15368927209715214,35000,106,45,35000.0
seer_same_family_train_tcga_test,Family-restricted SEER only,HNSC,fold2,seer_n035k_00pct,0.060022747543316914,-0.07132599405469706,35000,106,45,35000.0
seer_same_family_train_tcga_test,Family-restricted SEER only,HNSC,fold3,seer_n035k_00pct,0.06888550493342264,-0.08984758161258326,35000,105,44,35000.0
seer_same_family_train_tcga_test,Family-restricted SEER only,HNSC,fold4,seer_n035k_00pct,0.07301780444202649,-0.11565055972571905,35000,105,44,35000.0
seer_same_family_train_tcga_test,Family-restricted SEER only,HNSC,fold5,seer_n035k_00pct,0.07610680335096343,-0.11418351406723509,35000,105,45,35000.0
seer_same_family_train_tcga_test,Family-restricted SEER only,KICH,fold1,seer_n035k_00pct,0.028849589120621407,-0.044373860319838074,35000,56,6,35000.0
seer_same_family_train_tcga_test,Family-restricted SEER only,KICH,fold2,seer_n035k_00pct,0.029035554143110633,-0.08215246806923793,35000,56,6,35000.0
seer_same_family_train_tcga_test,Family-restricted SEER only,KIRC,fold1,seer_n035k_00pct,0.06065389211686946,-0.07684917797252251,35000,107,35,35000.0
seer_same_family_train_tcga_test,Family-restricted SEER only,KIRC,fold2,seer_n035k_00pct,0.06026112463689653,-0.06062455702295818,35000,107,35,35000.0
seer_same_family_train_tcga_test,Family-restricted SEER only,KIRC,fold3,seer_n035k_00pct,0.06101782087138733,-0.11564497929931258,35000,107,35,35000.0
seer_same_family_train_tcga_test,Family-restricted SEER only,KIRC,fold4,seer_n035k_00pct,0.05622658896194558,-0.03744568950525672,35000,107,36,35000.0
seer_same_family_train_tcga_test,Family-restricted SEER only,KIRC,fold5,seer_n035k_00pct,0.048297499674551506,-0.06511964874244394,35000,107,36,35000.0
seer_same_family_train_tcga_test,Family-restricted SEER only,KIRP,fold1,seer_n035k_00pct,0.05582953135610015,-0.15188137354083275,35000,58,9,35000.0
seer_same_family_train_tcga_test,Family-restricted SEER only,KIRP,fold2,seer_n035k_00pct,0.03315072306715069,-0.1618801602899245,35000,58,9,35000.0
seer_same_family_train_tcga_test,Family-restricted SEER only,KIRP,fold3,seer_n035k_00pct,0.03021100718912294,-0.09281425437215618,35000,58,9,35000.0
seer_same_family_train_tcga_test,Family-restricted SEER only,KIRP,fold4,seer_n035k_00pct,0.03013063517669482,-0.12107368263925658,35000,57,8,35000.0
seer_same_family_train_tcga_test,Family-restricted SEER only,KIRP,fold5,seer_n035k_00pct,0.028680214356529624,-0.10663317806152689,35000,57,9,35000.0
seer_same_family_train_tcga_test,Family-restricted SEER only,LAML,fold1,seer_n035k_00pct,0.1119933337464279,-0.12658069344521433,35000,35,22,35000.0
seer_same_family_train_tcga_test,Family-restricted SEER only,LAML,fold2,seer_n035k_00pct,0.11534058215073091,-0.07278367972226664,35000,35,22,35000.0
seer_same_family_train_tcga_test,Family-restricted SEER only,LAML,fold3,seer_n035k_00pct,0.10624558392039467,-0.1107047362726488,35000,35,22,35000.0
seer_same_family_train_tcga_test,Family-restricted SEER only,LAML,fold4,seer_n035k_00pct,0.11105092881346192,-0.037134572949898234,35000,34,21,35000.0
seer_same_family_train_tcga_test,Family-restricted SEER only,LAML,fold5,seer_n035k_00pct,0.09431674759724523,-0.16231231493124015,35000,34,21,35000.0
seer_same_family_train_tcga_test,Family-restricted SEER only,LGG,fold1,seer_n035k_00pct,0.05022195375852032,-0.11487644919197212,35000,103,25,35000.0
seer_same_family_train_tcga_test,Family-restricted SEER only,LGG,fold2,seer_n035k_00pct,0.03445219981147408,-0.13998645941957094,35000,102,25,35000.0
seer_same_family_train_tcga_test,Family-restricted SEER only,LGG,fold3,seer_n035k_00pct,0.04750744429177216,-0.2131833454607477,35000,102,25,35000.0
seer_same_family_train_tcga_test,Family-restricted SEER only,LGG,fold4,seer_n035k_00pct,0.0382290302691813,-0.13102075488759712,35000,102,25,35000.0
seer_same_family_train_tcga_test,Family-restricted SEER only,LGG,fold5,seer_n035k_00pct,0.03189941494546264,-0.06906071033345058,35000,102,25,35000.0
seer_same_family_train_tcga_test,Family-restricted SEER only,LIHC,fold1,seer_n035k_00pct,0.04301379507811119,-0.09837664367927586,35000,75,27,35000.0
seer_same_family_train_tcga_test,Family-restricted SEER only,LIHC,fold2,seer_n035k_00pct,0.06689960311202825,-0.16281707084348948,35000,74,27,35000.0
seer_same_family_train_tcga_test,Family-restricted SEER only,LIHC,fold3,seer_n035k_00pct,0.05891052247240585,-0.19482330149878485,35000,74,26,35000.0
seer_same_family_train_tcga_test,Family-restricted SEER only,LIHC,fold4,seer_n035k_00pct,0.0602300360153201,-0.13325277861756743,35000,74,26,35000.0
seer_same_family_train_tcga_test,Family-restricted SEER only,LIHC,fold5,seer_n035k_00pct,0.05937248450073498,-0.10666570941127715,35000,74,26,35000.0
seer_same_family_train_tcga_test,Family-restricted SEER only,LUAD,fold1,seer_n035k_00pct,0.051339288752244555,-0.1302752322944211,35000,102,36,35000.0
seer_same_family_train_tcga_test,Family-restricted SEER only,LUAD,fold2,seer_n035k_00pct,0.04166021618340451,-0.10563364199633235,35000,102,37,35000.0
seer_same_family_train_tcga_test,Family-restricted SEER only,LUAD,fold3,seer_n035k_00pct,0.04101499918468628,-0.0870998649804806,35000,102,37,35000.0
seer_same_family_train_tcga_test,Family-restricted SEER only,LUAD,fold4,seer_n035k_00pct,0.05743461258424348,-0.25221541701342964,35000,102,37,35000.0
seer_same_family_train_tcga_test,Family-restricted SEER only,LUAD,fold5,seer_n035k_00pct,0.05224773864760123,-0.06673761836767281,35000,101,36,35000.0
seer_same_family_train_tcga_test,Family-restricted SEER only,LUSC,fold1,seer_n035k_00pct,0.06747596246333754,-0.07022885455144473,35000,100,43,35000.0
seer_same_family_train_tcga_test,Family-restricted SEER only,LUSC,fold2,seer_n035k_00pct,0.05808668953702913,-0.06493689751609716,35000,100,43,35000.0
seer_same_family_train_tcga_test,Family-restricted SEER only,LUSC,fold3,seer_n035k_00pct,0.06601364556255138,-0.05771605328736823,35000,99,43,35000.0
seer_same_family_train_tcga_test,Family-restricted SEER only,LUSC,fold4,seer_n035k_00pct,0.08054812637521003,-0.10001205604190111,35000,99,43,35000.0
seer_same_family_train_tcga_test,Family-restricted SEER only,LUSC,fold5,seer_n035k_00pct,0.11215126381749806,-0.24731705853798258,35000,99,43,35000.0
seer_same_family_train_tcga_test,Family-restricted SEER only,OV,fold1,seer_n035k_00pct,0.07675240372111583,-0.0782936395891832,35000,117,70,35000.0
seer_same_family_train_tcga_test,Family-restricted SEER only,OV,fold2,seer_n035k_00pct,0.0634962994516068,-0.07092862702021492,35000,117,70,35000.0
seer_same_family_train_tcga_test,Family-restricted SEER only,OV,fold3,seer_n035k_00pct,0.06535842255371965,-0.04968409814072951,35000,116,70,35000.0
seer_same_family_train_tcga_test,Family-restricted SEER only,OV,fold4,seer_n035k_00pct,0.0606705290383944,-0.07001294427262902,35000,116,69,35000.0
seer_same_family_train_tcga_test,Family-restricted SEER only,OV,fold5,seer_n035k_00pct,0.08760440197889374,-0.13943364356220783,35000,116,69,35000.0
seer_same_family_train_tcga_test,Family-restricted SEER only,PAAD,fold1,seer_n035k_00pct,0.05304712399040146,-0.09990201847886906,35000,37,20,35000.0
seer_same_family_train_tcga_test,Family-restricted SEER only,PAAD,fold2,seer_n035k_00pct,0.08451560523874416,-0.36396282854523565,35000,37,20,35000.0
seer_same_family_train_tcga_test,Family-restricted SEER only,PAAD,fold3,seer_n035k_00pct,0.03633649640098554,-0.062213406096229766,35000,37,20,35000.0
seer_same_family_train_tcga_test,Family-restricted SEER only,PAAD,fold4,seer_n035k_00pct,0.04614406089780847,-0.09014822158472714,35000,37,20,35000.0
seer_same_family_train_tcga_test,Family-restricted SEER only,PAAD,fold5,seer_n035k_00pct,0.03941086421679357,-0.11604897391249086,35000,36,20,35000.0
seer_same_family_train_tcga_test,Family-restricted SEER only,PRAD,fold1,seer_n035k_00pct,0.008235306413680562,-0.035298545911626816,35000,250,5,35000.0
seer_same_family_train_tcga_test,Family-restricted SEER only,PRAD,fold2,seer_n035k_00pct,0.007401620116246825,-0.020682957672324056,35000,250,5,35000.0
seer_same_family_train_tcga_test,Family-restricted SEER only,READ,fold1,seer_n035k_00pct,0.02394280757854686,-0.11452518274720347,35000,33,5,35000.0
seer_same_family_train_tcga_test,Family-restricted SEER only,READ,fold2,seer_n035k_00pct,0.024638396775130068,-0.16104967320641647,35000,33,5,35000.0
seer_same_family_train_tcga_test,Family-restricted SEER only,READ,fold3,seer_n035k_00pct,0.019482837536371356,-0.09319486536986145,35000,33,5,35000.0
seer_same_family_train_tcga_test,Family-restricted SEER only,READ,fold4,seer_n035k_00pct,0.019879262220327196,-0.10649102268122924,35000,33,6,35000.0
seer_same_family_train_tcga_test,Family-restricted SEER only,READ,fold5,seer_n035k_00pct,0.03447338989759313,-0.1223303832545363,35000,32,5,35000.0
seer_same_family_train_tcga_test,Family-restricted SEER only,SARC,fold1,seer_n035k_00pct,0.08459586664470811,-0.09701551271857478,35000,53,20,35000.0
seer_same_family_train_tcga_test,Family-restricted SEER only,SARC,fold2,seer_n035k_00pct,0.07498286585063782,-0.10556472670004807,35000,52,19,35000.0
seer_same_family_train_tcga_test,Family-restricted SEER only,SARC,fold3,seer_n035k_00pct,0.09519544826361742,-0.11159385649769274,35000,52,20,35000.0
seer_same_family_train_tcga_test,Family-restricted SEER only,SARC,fold4,seer_n035k_00pct,0.10148075383239492,-0.10901572668583272,35000,52,20,35000.0
seer_same_family_train_tcga_test,Family-restricted SEER only,SARC,fold5,seer_n035k_00pct,0.08818200794946003,-0.14207731348797042,35000,52,20,35000.0
seer_same_family_train_tcga_test,Family-restricted SEER only,SKCM,fold1,seer_n035k_00pct,0.17423955046964168,-0.02226832101603235,35000,91,43,35000.0
seer_same_family_train_tcga_test,Family-restricted SEER only,SKCM,fold2,seer_n035k_00pct,0.13124024820151692,0.015921786508294872,35000,91,43,35000.0
seer_same_family_train_tcga_test,Family-restricted SEER only,SKCM,fold3,seer_n035k_00pct,0.13430340903593513,-0.044326295058674525,35000,91,43,35000.0
seer_same_family_train_tcga_test,Family-restricted SEER only,SKCM,fold4,seer_n035k_00pct,0.1761356143337706,-0.035098942311053954,35000,91,43,35000.0
seer_same_family_train_tcga_test,Family-restricted SEER only,SKCM,fold5,seer_n035k_00pct,0.10422892624961116,0.019185661603397255,35000,90,42,35000.0
seer_same_family_train_tcga_test,Family-restricted SEER only,STAD,fold1,seer_n035k_00pct,0.04160350903424592,-0.13228954026916107,35000,84,34,35000.0
seer_same_family_train_tcga_test,Family-restricted SEER only,STAD,fold2,seer_n035k_00pct,0.046118390626411175,-0.1719414187504446,35000,84,34,35000.0
seer_same_family_train_tcga_test,Family-restricted SEER only,STAD,fold3,seer_n035k_00pct,0.039299993120631,-0.14781412493280405,35000,83,33,35000.0
seer_same_family_train_tcga_test,Family-restricted SEER only,STAD,fold4,seer_n035k_00pct,0.04671349285220514,-0.14319807805753892,35000,83,33,35000.0
seer_same_family_train_tcga_test,Family-restricted SEER only,STAD,fold5,seer_n035k_00pct,0.04067709496817598,-0.162269800138426,35000,83,34,35000.0
seer_same_family_train_tcga_test,Family-restricted SEER only,TGCT,fold1,seer_n035k_00pct,0.05166093182307238,0.03802139239395543,35000,67,2,35000.0
seer_same_family_train_tcga_test,Family-restricted SEER only,TGCT,fold2,seer_n035k_00pct,0.01800844803957722,0.004368908610460269,35000,67,2,35000.0
seer_same_family_train_tcga_test,Family-restricted SEER only,THCA,fold1,seer_n035k_00pct,0.010893575185358896,-0.04381622313330324,35000,169,5,35000.0
seer_same_family_train_tcga_test,Family-restricted SEER only,THCA,fold2,seer_n035k_00pct,0.010718230867872673,-0.0198213518206104,35000,169,6,35000.0
seer_same_family_train_tcga_test,Family-restricted SEER only,THCA,fold3,seer_n035k_00pct,0.00840419838955827,-0.032508925574518725,35000,168,5,35000.0
seer_same_family_train_tcga_test,Family-restricted SEER only,UCEC,fold1,seer_n035k_00pct,0.027559011257956893,-0.11844062828043195,35000,110,19,35000.0
seer_same_family_train_tcga_test,Family-restricted SEER only,UCEC,fold2,seer_n035k_00pct,0.0254032530609685,-0.058146932595166075,35000,109,18,35000.0
seer_same_family_train_tcga_test,Family-restricted SEER only,UCEC,fold3,seer_n035k_00pct,0.05962024185541608,-0.19544522069110914,35000,109,18,35000.0
seer_same_family_train_tcga_test,Family-restricted SEER only,UCEC,fold4,seer_n035k_00pct,0.025366852678646454,-0.15009393183806047,35000,109,18,35000.0
seer_same_family_train_tcga_test,Family-restricted SEER only,UCEC,fold5,seer_n035k_00pct,0.03835165321635373,-0.08652023587425783,35000,109,18,35000.0
seer_same_family_train_tcga_test,Family-restricted SEER only,UCS,fold1,seer_n035k_00pct,0.03515532395019928,-0.19674575133798522,35000,12,7,35000.0
seer_same_family_train_tcga_test,Family-restricted SEER only,UCS,fold2,seer_n035k_00pct,0.03832411227955184,-0.06414889691502423,35000,11,7,35000.0
seer_same_family_train_tcga_test,Family-restricted SEER only,UCS,fold3,seer_n035k_00pct,0.09354279738557807,-0.1534003649113983,35000,11,7,35000.0
seer_same_family_train_tcga_test,Family-restricted SEER only,UCS,fold4,seer_n035k_00pct,0.06816526106750068,-0.22054812544776745,35000,11,7,35000.0
seer_same_family_train_tcga_test,Family-restricted SEER only,UCS,fold5,seer_n035k_00pct,0.04935903355407944,-0.14638640186429408,35000,11,7,35000.0
leave_one_type_out_tcga_plus_pan_seer,Pan-cancer TCGA + pan-SEER,ACC,fold1,seer_01pct,0.035990669942328274,-0.053607284604919314,81905,19,7,70938.0
leave_one_type_out_tcga_plus_pan_seer,Pan-cancer TCGA + pan-SEER,ACC,fold2,seer_01pct,0.059035969233194124,-0.16339631356098483,81906,18,7,70938.0
leave_one_type_out_tcga_plus_pan_seer,Pan-cancer TCGA + pan-SEER,ACC,fold3,seer_01pct,0.0407149079272624,-0.11559587168571728,81906,18,7,70938.0
leave_one_type_out_tcga_plus_pan_seer,Pan-cancer TCGA + pan-SEER,ACC,fold4,seer_01pct,0.04577275550556336,-0.04398305479827481,81906,18,6,70938.0
leave_one_type_out_tcga_plus_pan_seer,Pan-cancer TCGA + pan-SEER,ACC,fold5,seer_01pct,0.047235616025446917,-0.045635680033707965,81906,18,6,70938.0
leave_one_type_out_tcga_plus_pan_seer,Pan-cancer TCGA + pan-SEER,BLCA,fold1,seer_01pct,0.033481832125381354,-0.16221971172372646,81842,82,36,70938.0
leave_one_type_out_tcga_plus_pan_seer,Pan-cancer TCGA + pan-SEER,BLCA,fold2,seer_01pct,0.04490080435554775,-0.08713893232557471,81842,82,36,70938.0
leave_one_type_out_tcga_plus_pan_seer,Pan-cancer TCGA + pan-SEER,BLCA,fold3,seer_01pct,0.03654095610202255,-0.11626756581839401,81842,82,36,70938.0
leave_one_type_out_tcga_plus_pan_seer,Pan-cancer TCGA + pan-SEER,BLCA,fold4,seer_01pct,0.03824096067461413,-0.1524070571557926,81842,82,36,70938.0
leave_one_type_out_tcga_plus_pan_seer,Pan-cancer TCGA + pan-SEER,BLCA,fold5,seer_01pct,0.04687121390061994,-0.22041962242588065,81842,82,36,70938.0
leave_one_type_out_tcga_plus_pan_seer,Pan-cancer TCGA + pan-SEER,BRCA,fold1,seer_01pct,0.0331219812352357,-0.12425829447430527,81707,217,30,70938.0
leave_one_type_out_tcga_plus_pan_seer,Pan-cancer TCGA + pan-SEER,BRCA,fold2,seer_01pct,0.03265837755359862,-0.08081878226525116,81707,217,30,70938.0
leave_one_type_out_tcga_plus_pan_seer,Pan-cancer TCGA + pan-SEER,BRCA,fold3,seer_01pct,0.0363384592302223,-0.08236539658036258,81707,217,31,70938.0
leave_one_type_out_tcga_plus_pan_seer,Pan-cancer TCGA + pan-SEER,BRCA,fold4,seer_01pct,0.0370508283516569,-0.20778391378323463,81708,216,30,70938.0
leave_one_type_out_tcga_plus_pan_seer,Pan-cancer TCGA + pan-SEER,BRCA,fold5,seer_01pct,0.06326723686585213,-0.0874372793362891,81708,216,30,70938.0
leave_one_type_out_tcga_plus_pan_seer,Pan-cancer TCGA + pan-SEER,CESC,fold1,seer_01pct,0.045294372324117725,-0.10543980447576948,81865,59,14,70938.0
leave_one_type_out_tcga_plus_pan_seer,Pan-cancer TCGA + pan-SEER,CESC,fold2,seer_01pct,0.07221857224052923,-0.11242103065793795,81865,59,14,70938.0
leave_one_type_out_tcga_plus_pan_seer,Pan-cancer TCGA + pan-SEER,CESC,fold3,seer_01pct,0.039064178309774496,-0.06603068687821798,81865,59,14,70938.0
leave_one_type_out_tcga_plus_pan_seer,Pan-cancer TCGA + pan-SEER,CESC,fold4,seer_01pct,0.045075679883507594,-0.25938777599712565,81865,59,15,70938.0
leave_one_type_out_tcga_plus_pan_seer,Pan-cancer TCGA + pan-SEER,CESC,fold5,seer_01pct,0.05195052465775444,-0.2447618718730402,81866,58,14,70938.0
leave_one_type_out_tcga_plus_pan_seer,Pan-cancer TCGA + pan-SEER,CHOL,fold1,seer_01pct,0.03210591863019657,-0.19012664601483512,81912,12,6,70938.0
leave_one_type_out_tcga_plus_pan_seer,Pan-cancer TCGA + pan-SEER,CHOL,fold2,seer_01pct,0.042204527366021524,-0.28609739709691295,81913,11,6,70938.0
leave_one_type_out_tcga_plus_pan_seer,Pan-cancer TCGA + pan-SEER,CHOL,fold3,seer_01pct,0.029595012125808513,-0.20138515218921418,81913,11,5,70938.0
leave_one_type_out_tcga_plus_pan_seer,Pan-cancer TCGA + pan-SEER,CHOL,fold4,seer_01pct,0.03798568243981306,-0.37023254406383826,81913,11,5,70938.0
leave_one_type_out_tcga_plus_pan_seer,Pan-cancer TCGA + pan-SEER,COAD,fold1,seer_01pct,0.028068614883340774,-0.18320637257615394,81835,89,20,70938.0
leave_one_type_out_tcga_plus_pan_seer,Pan-cancer TCGA + pan-SEER,COAD,fold2,seer_01pct,0.030184797941557272,-0.17017065862300562,81835,89,20,70938.0
leave_one_type_out_tcga_plus_pan_seer,Pan-cancer TCGA + pan-SEER,COAD,fold3,seer_01pct,0.030679448885727476,-0.16921220469149767,81836,88,19,70938.0
leave_one_type_out_tcga_plus_pan_seer,Pan-cancer TCGA + pan-SEER,COAD,fold4,seer_01pct,0.029305946146177424,-0.2403349277163453,81836,88,19,70938.0
leave_one_type_out_tcga_plus_pan_seer,Pan-cancer TCGA + pan-SEER,COAD,fold5,seer_01pct,0.020044976352511967,-0.08824530643760935,81836,88,20,70938.0
leave_one_type_out_tcga_plus_pan_seer,Pan-cancer TCGA + pan-SEER,DLBC,fold1,seer_01pct,0.06088620317287603,-0.10914689813108143,81900,24,5,70938.0
leave_one_type_out_tcga_plus_pan_seer,Pan-cancer TCGA + pan-SEER,DLBC,fold2,seer_01pct,0.07965880607406563,-0.12946873460319314,81901,23,4,70938.0
leave_one_type_out_tcga_plus_pan_seer,Pan-cancer TCGA + pan-SEER,ESCA,fold1,seer_01pct,0.020289219332384624,-0.22574033428900306,81887,37,16,70938.0
leave_one_type_out_tcga_plus_pan_seer,Pan-cancer TCGA + pan-SEER,ESCA,fold2,seer_01pct,0.017437049027348345,-0.11456042466115891,81887,37,16,70938.0
leave_one_type_out_tcga_plus_pan_seer,Pan-cancer TCGA + pan-SEER,ESCA,fold3,seer_01pct,0.012359675816048887,-0.12232931509693076,81887,37,15,70938.0
leave_one_type_out_tcga_plus_pan_seer,Pan-cancer TCGA + pan-SEER,ESCA,fold4,seer_01pct,0.02609334367495287,-0.13012566410285886,81887,37,15,70938.0
leave_one_type_out_tcga_plus_pan_seer,Pan-cancer TCGA + pan-SEER,ESCA,fold5,seer_01pct,0.02123221891291837,-0.16776781268572236,81887,37,15,70938.0
leave_one_type_out_tcga_plus_pan_seer,Pan-cancer TCGA + pan-SEER,GBM,fold1,seer_01pct,0.03174799484264847,-0.026536981899429594,81805,119,99,70938.0
leave_one_type_out_tcga_plus_pan_seer,Pan-cancer TCGA + pan-SEER,GBM,fold2,seer_01pct,0.026516284292530626,-0.05598790094598069,81805,119,98,70938.0
leave_one_type_out_tcga_plus_pan_seer,Pan-cancer TCGA + pan-SEER,GBM,fold3,seer_01pct,0.025049056410565256,-0.0513945422143165,81805,119,98,70938.0
leave_one_type_out_tcga_plus_pan_seer,Pan-cancer TCGA + pan-SEER,GBM,fold4,seer_01pct,0.01963856913985772,-0.04525863695751424,81805,119,98,70938.0
leave_one_type_out_tcga_plus_pan_seer,Pan-cancer TCGA + pan-SEER,GBM,fold5,seer_01pct,0.028424280261514473,-0.06042297262426356,81805,119,98,70938.0
leave_one_type_out_tcga_plus_pan_seer,Pan-cancer TCGA + pan-SEER,HNSC,fold1,seer_01pct,0.042972736326430554,-0.17155852560343973,81818,106,45,70938.0
leave_one_type_out_tcga_plus_pan_seer,Pan-cancer TCGA + pan-SEER,HNSC,fold2,seer_01pct,0.03810530938428519,-0.09324343221372877,81818,106,45,70938.0
leave_one_type_out_tcga_plus_pan_seer,Pan-cancer TCGA + pan-SEER,HNSC,fold3,seer_01pct,0.041475082078949316,-0.11725800446705659,81819,105,44,70938.0
leave_one_type_out_tcga_plus_pan_seer,Pan-cancer TCGA + pan-SEER,HNSC,fold4,seer_01pct,0.042326156103354,-0.14634220806439155,81819,105,44,70938.0
leave_one_type_out_tcga_plus_pan_seer,Pan-cancer TCGA + pan-SEER,HNSC,fold5,seer_01pct,0.050657528836526945,-0.13963278858167158,81819,105,45,70938.0
leave_one_type_out_tcga_plus_pan_seer,Pan-cancer TCGA + pan-SEER,KICH,fold1,seer_01pct,0.02310027949894565,-0.050123169941513834,81868,56,6,70938.0
leave_one_type_out_tcga_plus_pan_seer,Pan-cancer TCGA + pan-SEER,KICH,fold2,seer_01pct,0.024661897148481795,-0.08652612506386677,81868,56,6,70938.0
leave_one_type_out_tcga_plus_pan_seer,Pan-cancer TCGA + pan-SEER,KIRC,fold1,seer_01pct,0.03363928060825792,-0.10386378948113406,81817,107,35,70938.0
leave_one_type_out_tcga_plus_pan_seer,Pan-cancer TCGA + pan-SEER,KIRC,fold2,seer_01pct,0.03548418423690969,-0.08540149742294502,81817,107,35,70938.0
leave_one_type_out_tcga_plus_pan_seer,Pan-cancer TCGA + pan-SEER,KIRC,fold3,seer_01pct,0.03779572977350165,-0.13886707039719826,81817,107,35,70938.0
leave_one_type_out_tcga_plus_pan_seer,Pan-cancer TCGA + pan-SEER,KIRC,fold4,seer_01pct,0.03742123347893959,-0.056251044988262715,81817,107,36,70938.0
leave_one_type_out_tcga_plus_pan_seer,Pan-cancer TCGA + pan-SEER,KIRC,fold5,seer_01pct,0.030319375888084754,-0.0830977725289107,81817,107,36,70938.0
leave_one_type_out_tcga_plus_pan_seer,Pan-cancer TCGA + pan-SEER,KIRP,fold1,seer_01pct,0.03990583236084619,-0.16780507253608673,81866,58,9,70938.0
leave_one_type_out_tcga_plus_pan_seer,Pan-cancer TCGA + pan-SEER,KIRP,fold2,seer_01pct,0.026958057264038385,-0.1680728260930368,81866,58,9,70938.0
leave_one_type_out_tcga_plus_pan_seer,Pan-cancer TCGA + pan-SEER,KIRP,fold3,seer_01pct,0.022365518531578137,-0.10065974302970099,81866,58,9,70938.0
leave_one_type_out_tcga_plus_pan_seer,Pan-cancer TCGA + pan-SEER,KIRP,fold4,seer_01pct,0.023151736559109896,-0.1280525812568415,81867,57,8,70938.0
leave_one_type_out_tcga_plus_pan_seer,Pan-cancer TCGA + pan-SEER,KIRP,fold5,seer_01pct,0.01933063131052226,-0.11598276110753425,81867,57,9,70938.0
leave_one_type_out_tcga_plus_pan_seer,Pan-cancer TCGA + pan-SEER,LAML,fold1,seer_01pct,0.03107340913767751,-0.20750061805396475,81889,35,22,70938.0
leave_one_type_out_tcga_plus_pan_seer,Pan-cancer TCGA + pan-SEER,LAML,fold2,seer_01pct,0.032053105089385206,-0.15607115678361233,81889,35,22,70938.0
leave_one_type_out_tcga_plus_pan_seer,Pan-cancer TCGA + pan-SEER,LAML,fold3,seer_01pct,0.028712433723495454,-0.18823788646954803,81889,35,22,70938.0
leave_one_type_out_tcga_plus_pan_seer,Pan-cancer TCGA + pan-SEER,LAML,fold4,seer_01pct,0.024495030793273843,-0.12369047097008631,81890,34,21,70938.0
leave_one_type_out_tcga_plus_pan_seer,Pan-cancer TCGA + pan-SEER,LAML,fold5,seer_01pct,0.03445528204748424,-0.22217378048100114,81890,34,21,70938.0
leave_one_type_out_tcga_plus_pan_seer,Pan-cancer TCGA + pan-SEER,LGG,fold1,seer_01pct,0.03139433537577327,-0.13370406757471917,81821,103,25,70938.0
leave_one_type_out_tcga_plus_pan_seer,Pan-cancer TCGA + pan-SEER,LGG,fold2,seer_01pct,0.02627758025277623,-0.14816107897826877,81822,102,25,70938.0
leave_one_type_out_tcga_plus_pan_seer,Pan-cancer TCGA + pan-SEER,LGG,fold3,seer_01pct,0.036261824630489464,-0.2244289651220304,81822,102,25,70938.0
leave_one_type_out_tcga_plus_pan_seer,Pan-cancer TCGA + pan-SEER,LGG,fold4,seer_01pct,0.027327211657468053,-0.14192257349931037,81822,102,25,70938.0
leave_one_type_out_tcga_plus_pan_seer,Pan-cancer TCGA + pan-SEER,LGG,fold5,seer_01pct,0.024885475126726873,-0.07607465015218635,81822,102,25,70938.0
leave_one_type_out_tcga_plus_pan_seer,Pan-cancer TCGA + pan-SEER,LIHC,fold1,seer_01pct,0.02739469693188402,-0.11399574182550302,81849,75,27,70938.0
leave_one_type_out_tcga_plus_pan_seer,Pan-cancer TCGA + pan-SEER,LIHC,fold2,seer_01pct,0.0361121310320101,-0.19360454292350762,81850,74,27,70938.0
leave_one_type_out_tcga_plus_pan_seer,Pan-cancer TCGA + pan-SEER,LIHC,fold3,seer_01pct,0.027862444943764744,-0.22587137902742596,81850,74,26,70938.0
leave_one_type_out_tcga_plus_pan_seer,Pan-cancer TCGA + pan-SEER,LIHC,fold4,seer_01pct,0.031093661127213207,-0.16238915350567432,81850,74,26,70938.0
leave_one_type_out_tcga_plus_pan_seer,Pan-cancer TCGA + pan-SEER,LIHC,fold5,seer_01pct,0.03081439417004486,-0.13522379974196727,81850,74,26,70938.0
leave_one_type_out_tcga_plus_pan_seer,Pan-cancer TCGA + pan-SEER,LUAD,fold1,seer_01pct,0.059094306215889875,-0.12252021483077577,81822,102,36,70938.0
leave_one_type_out_tcga_plus_pan_seer,Pan-cancer TCGA + pan-SEER,LUAD,fold2,seer_01pct,0.05725502850484787,-0.09003882967488899,81822,102,37,70938.0
leave_one_type_out_tcga_plus_pan_seer,Pan-cancer TCGA + pan-SEER,LUAD,fold3,seer_01pct,0.034776502228344996,-0.09333836193682188,81822,102,37,70938.0
leave_one_type_out_tcga_plus_pan_seer,Pan-cancer TCGA + pan-SEER,LUAD,fold4,seer_01pct,0.04710977482266118,-0.26254025477501197,81822,102,37,70938.0
leave_one_type_out_tcga_plus_pan_seer,Pan-cancer TCGA + pan-SEER,LUAD,fold5,seer_01pct,0.035631218600531485,-0.08335413841474254,81823,101,36,70938.0
leave_one_type_out_tcga_plus_pan_seer,Pan-cancer TCGA + pan-SEER,LUSC,fold1,seer_01pct,0.04190573250223222,-0.09579908451255004,81824,100,43,70938.0
leave_one_type_out_tcga_plus_pan_seer,Pan-cancer TCGA + pan-SEER,LUSC,fold2,seer_01pct,0.03773166327704542,-0.08529192377608089,81824,100,43,70938.0
leave_one_type_out_tcga_plus_pan_seer,Pan-cancer TCGA + pan-SEER,LUSC,fold3,seer_01pct,0.04365210457209258,-0.08007759427782703,81825,99,43,70938.0
leave_one_type_out_tcga_plus_pan_seer,Pan-cancer TCGA + pan-SEER,LUSC,fold4,seer_01pct,0.05898050339738654,-0.1215796790197246,81825,99,43,70938.0
leave_one_type_out_tcga_plus_pan_seer,Pan-cancer TCGA + pan-SEER,LUSC,fold5,seer_01pct,0.06561732488593008,-0.29385099746955057,81825,99,43,70938.0
leave_one_type_out_tcga_plus_pan_seer,Pan-cancer TCGA + pan-SEER,MESO,fold1,seer_01pct,0.02911295726669322,-0.05176708842202128,81907,17,15,70938.0
leave_one_type_out_tcga_plus_pan_seer,Pan-cancer TCGA + pan-SEER,MESO,fold2,seer_01pct,0.05440908774775418,-0.20545241669994138,81907,17,15,70938.0
leave_one_type_out_tcga_plus_pan_seer,Pan-cancer TCGA + pan-SEER,MESO,fold3,seer_01pct,0.03485008917723002,-0.08160724240264547,81907,17,15,70938.0
leave_one_type_out_tcga_plus_pan_seer,Pan-cancer TCGA + pan-SEER,MESO,fold4,seer_01pct,0.03794647334673967,-0.08405742989114016,81907,17,14,70938.0
leave_one_type_out_tcga_plus_pan_seer,Pan-cancer TCGA + pan-SEER,MESO,fold5,seer_01pct,0.039004763557997056,-0.11760912806627333,81907,17,14,70938.0
leave_one_type_out_tcga_plus_pan_seer,Pan-cancer TCGA + pan-SEER,OV,fold1,seer_01pct,0.05218641133209393,-0.10285963197820511,81807,117,70,70938.0
leave_one_type_out_tcga_plus_pan_seer,Pan-cancer TCGA + pan-SEER,OV,fold2,seer_01pct,0.04391349482567599,-0.09051143164614572,81807,117,70,70938.0
leave_one_type_out_tcga_plus_pan_seer,Pan-cancer TCGA + pan-SEER,OV,fold3,seer_01pct,0.043823575515979554,-0.0712189451784696,81808,116,70,70938.0
leave_one_type_out_tcga_plus_pan_seer,Pan-cancer TCGA + pan-SEER,OV,fold4,seer_01pct,0.04523521454275304,-0.08544825876827039,81808,116,69,70938.0
leave_one_type_out_tcga_plus_pan_seer,Pan-cancer TCGA + pan-SEER,OV,fold5,seer_01pct,0.06254041170272064,-0.16449763383838095,81808,116,69,70938.0
leave_one_type_out_tcga_plus_pan_seer,Pan-cancer TCGA + pan-SEER,PAAD,fold1,seer_01pct,0.019022605859652833,-0.13392653660961767,81887,37,20,70938.0
leave_one_type_out_tcga_plus_pan_seer,Pan-cancer TCGA + pan-SEER,PAAD,fold2,seer_01pct,0.030135247858500327,-0.4183431859254795,81887,37,20,70938.0
leave_one_type_out_tcga_plus_pan_seer,Pan-cancer TCGA + pan-SEER,PAAD,fold3,seer_01pct,0.016995701945929354,-0.08155420055128595,81887,37,20,70938.0
leave_one_type_out_tcga_plus_pan_seer,Pan-cancer TCGA + pan-SEER,PAAD,fold4,seer_01pct,0.020712290261726912,-0.1155799922208087,81887,37,20,70938.0
leave_one_type_out_tcga_plus_pan_seer,Pan-cancer TCGA + pan-SEER,PAAD,fold5,seer_01pct,0.01722790625890781,-0.13823193187037663,81888,36,20,70938.0
leave_one_type_out_tcga_plus_pan_seer,Pan-cancer TCGA + pan-SEER,PCPG,fold1,seer_01pct,0.014799512675475301,-0.044056475749330186,81834,90,3,70938.0
leave_one_type_out_tcga_plus_pan_seer,Pan-cancer TCGA + pan-SEER,PCPG,fold2,seer_01pct,0.022788362061988955,0.012824230768148853,81835,89,3,70938.0
leave_one_type_out_tcga_plus_pan_seer,Pan-cancer TCGA + pan-SEER,PRAD,fold1,seer_01pct,0.005351674457387377,-0.03818217786792,81674,250,5,70938.0
leave_one_type_out_tcga_plus_pan_seer,Pan-cancer TCGA + pan-SEER,PRAD,fold2,seer_01pct,0.004745966643499612,-0.02333861114507127,81674,250,5,70938.0
leave_one_type_out_tcga_plus_pan_seer,Pan-cancer TCGA + pan-SEER,READ,fold1,seer_01pct,0.01230916739619587,-0.12615882292955446,81891,33,5,70938.0
leave_one_type_out_tcga_plus_pan_seer,Pan-cancer TCGA + pan-SEER,READ,fold2,seer_01pct,0.01958273101125984,-0.1661053389702867,81891,33,5,70938.0
leave_one_type_out_tcga_plus_pan_seer,Pan-cancer TCGA + pan-SEER,READ,fold3,seer_01pct,0.011077003513180441,-0.10160069939305236,81891,33,5,70938.0
leave_one_type_out_tcga_plus_pan_seer,Pan-cancer TCGA + pan-SEER,READ,fold4,seer_01pct,0.016531095302498463,-0.10983918959905797,81891,33,6,70938.0
leave_one_type_out_tcga_plus_pan_seer,Pan-cancer TCGA + pan-SEER,READ,fold5,seer_01pct,0.02017253387322486,-0.13663123927890458,81892,32,5,70938.0
leave_one_type_out_tcga_plus_pan_seer,Pan-cancer TCGA + pan-SEER,SARC,fold1,seer_01pct,0.05302706625847758,-0.1285843131048053,81871,53,20,70938.0
leave_one_type_out_tcga_plus_pan_seer,Pan-cancer TCGA + pan-SEER,SARC,fold2,seer_01pct,0.04002542768260507,-0.14052216486808083,81872,52,19,70938.0
leave_one_type_out_tcga_plus_pan_seer,Pan-cancer TCGA + pan-SEER,SARC,fold3,seer_01pct,0.05415286839638056,-0.1526364363649296,81872,52,20,70938.0
leave_one_type_out_tcga_plus_pan_seer,Pan-cancer TCGA + pan-SEER,SARC,fold4,seer_01pct,0.06715384329787094,-0.1433426372203567,81872,52,20,70938.0
leave_one_type_out_tcga_plus_pan_seer,Pan-cancer TCGA + pan-SEER,SARC,fold5,seer_01pct,0.05849482919619746,-0.17176449224123302,81872,52,20,70938.0
leave_one_type_out_tcga_plus_pan_seer,Pan-cancer TCGA + pan-SEER,SKCM,fold1,seer_01pct,0.13614358934070417,-0.06036428214496986,81833,91,43,70938.0
leave_one_type_out_tcga_plus_pan_seer,Pan-cancer TCGA + pan-SEER,SKCM,fold2,seer_01pct,0.10314370453409993,-0.012174757159122113,81833,91,43,70938.0
leave_one_type_out_tcga_plus_pan_seer,Pan-cancer TCGA + pan-SEER,SKCM,fold3,seer_01pct,0.1810918446189113,0.002462140524301659,81833,91,43,70938.0
leave_one_type_out_tcga_plus_pan_seer,Pan-cancer TCGA + pan-SEER,SKCM,fold4,seer_01pct,0.2148356959720273,0.003601139327202768,81833,91,43,70938.0
leave_one_type_out_tcga_plus_pan_seer,Pan-cancer TCGA + pan-SEER,SKCM,fold5,seer_01pct,0.08006970103997195,-0.00497356360624196,81834,90,42,70938.0
leave_one_type_out_tcga_plus_pan_seer,Pan-cancer TCGA + pan-SEER,STAD,fold1,seer_01pct,0.022545725137078833,-0.15134732416632815,81840,84,34,70938.0
leave_one_type_out_tcga_plus_pan_seer,Pan-cancer TCGA + pan-SEER,STAD,fold2,seer_01pct,0.02772961339334162,-0.19033019598351417,81840,84,34,70938.0
leave_one_type_out_tcga_plus_pan_seer,Pan-cancer TCGA + pan-SEER,STAD,fold3,seer_01pct,0.023234984426846125,-0.1638791336265889,81841,83,33,70938.0
leave_one_type_out_tcga_plus_pan_seer,Pan-cancer TCGA + pan-SEER,STAD,fold4,seer_01pct,0.024449615457025335,-0.16546195545271872,81841,83,33,70938.0
leave_one_type_out_tcga_plus_pan_seer,Pan-cancer TCGA + pan-SEER,STAD,fold5,seer_01pct,0.02117991898887521,-0.1817669761177268,81841,83,34,70938.0
leave_one_type_out_tcga_plus_pan_seer,Pan-cancer TCGA + pan-SEER,TGCT,fold1,seer_01pct,0.02815580269206234,0.014516263262945387,81857,67,2,70938.0
leave_one_type_out_tcga_plus_pan_seer,Pan-cancer TCGA + pan-SEER,TGCT,fold2,seer_01pct,0.021688699383869515,0.008049159954752564,81857,67,2,70938.0
leave_one_type_out_tcga_plus_pan_seer,Pan-cancer TCGA + pan-SEER,THCA,fold1,seer_01pct,0.007168825301733225,-0.04754097301692891,81755,169,5,70938.0
leave_one_type_out_tcga_plus_pan_seer,Pan-cancer TCGA + pan-SEER,THCA,fold2,seer_01pct,0.006521001648642269,-0.0240185810398408,81755,169,6,70938.0
leave_one_type_out_tcga_plus_pan_seer,Pan-cancer TCGA + pan-SEER,THCA,fold3,seer_01pct,0.005533818969173101,-0.035379304994903896,81756,168,5,70938.0
leave_one_type_out_tcga_plus_pan_seer,Pan-cancer TCGA + pan-SEER,THYM,fold1,seer_01pct,0.017395962713757967,-0.04596926542288743,81862,62,5,70938.0
leave_one_type_out_tcga_plus_pan_seer,Pan-cancer TCGA + pan-SEER,THYM,fold2,seer_01pct,0.021236950913565946,-0.06671850693842861,81863,61,4,70938.0
leave_one_type_out_tcga_plus_pan_seer,Pan-cancer TCGA + pan-SEER,UCEC,fold1,seer_01pct,0.0237533389991477,-0.12224630053924115,81814,110,19,70938.0
leave_one_type_out_tcga_plus_pan_seer,Pan-cancer TCGA + pan-SEER,UCEC,fold2,seer_01pct,0.020116845871214997,-0.06343333978491958,81815,109,18,70938.0
leave_one_type_out_tcga_plus_pan_seer,Pan-cancer TCGA + pan-SEER,UCEC,fold3,seer_01pct,0.047450170635526194,-0.20761529191099903,81815,109,18,70938.0
leave_one_type_out_tcga_plus_pan_seer,Pan-cancer TCGA + pan-SEER,UCEC,fold4,seer_01pct,0.019365930635417233,-0.1560948538812897,81815,109,18,70938.0
leave_one_type_out_tcga_plus_pan_seer,Pan-cancer TCGA + pan-SEER,UCEC,fold5,seer_01pct,0.04198293852042107,-0.0828889505701905,81815,109,18,70938.0
leave_one_type_out_tcga_plus_pan_seer,Pan-cancer TCGA + pan-SEER,UCS,fold1,seer_01pct,0.04296570752472326,-0.18893536776346126,81912,12,7,70938.0
leave_one_type_out_tcga_plus_pan_seer,Pan-cancer TCGA + pan-SEER,UCS,fold2,seer_01pct,0.035975330426204,-0.06649767876837208,81913,11,7,70938.0
leave_one_type_out_tcga_plus_pan_seer,Pan-cancer TCGA + pan-SEER,UCS,fold3,seer_01pct,0.09806784332382772,-0.14887531897314865,81913,11,7,70938.0
leave_one_type_out_tcga_plus_pan_seer,Pan-cancer TCGA + pan-SEER,UCS,fold4,seer_01pct,0.049540445469813496,-0.2391729410454546,81913,11,7,70938.0
leave_one_type_out_tcga_plus_pan_seer,Pan-cancer TCGA + pan-SEER,UCS,fold5,seer_01pct,0.05160650403624402,-0.14413893138212952,81913,11,7,70938.0
leave_one_type_out_tcga_plus_pan_seer,Pan-cancer TCGA + pan-SEER,UVM,fold1,seer_01pct,0.024569831781251786,-0.10484436958773731,81904,20,6,70938.0
leave_one_type_out_tcga_plus_pan_seer,Pan-cancer TCGA + pan-SEER,UVM,fold2,seer_01pct,0.024517560197415952,-0.11180612832717267,81904,20,6,70938.0
leave_one_type_out_tcga_plus_pan_seer,Pan-cancer TCGA + pan-SEER,UVM,fold3,seer_01pct,0.03145778446004061,-0.15859097620179294,81904,20,6,70938.0
leave_one_type_out_tcga_plus_pan_seer,Pan-cancer TCGA + pan-SEER,UVM,fold4,seer_01pct,0.022795088130616138,-0.20114459209008945,81904,20,5,70938.0
leave_one_type_out_tcga_plus_pan_seer,Pan-cancer TCGA + pan-SEER,ACC,fold1,seer_05pct,0.037559466411353604,-0.052038488135893984,365660,19,7,354693.0
leave_one_type_out_tcga_plus_pan_seer,Pan-cancer TCGA + pan-SEER,ACC,fold2,seer_05pct,0.06213815079200093,-0.160294132002178,365661,18,7,354693.0
leave_one_type_out_tcga_plus_pan_seer,Pan-cancer TCGA + pan-SEER,ACC,fold3,seer_05pct,0.042457777188185525,-0.11385300242479415,365661,18,7,354693.0
leave_one_type_out_tcga_plus_pan_seer,Pan-cancer TCGA + pan-SEER,ACC,fold4,seer_05pct,0.05602386362062966,-0.03373194668320851,365661,18,6,354693.0
leave_one_type_out_tcga_plus_pan_seer,Pan-cancer TCGA + pan-SEER,ACC,fold5,seer_05pct,0.044151980185240275,-0.048719315873914606,365661,18,6,354693.0
leave_one_type_out_tcga_plus_pan_seer,Pan-cancer TCGA + pan-SEER,BLCA,fold1,seer_05pct,0.03420347772921157,-0.16149806611989626,365597,82,36,354693.0
leave_one_type_out_tcga_plus_pan_seer,Pan-cancer TCGA + pan-SEER,BLCA,fold2,seer_05pct,0.043600673830506656,-0.0884390628506158,365597,82,36,354693.0
leave_one_type_out_tcga_plus_pan_seer,Pan-cancer TCGA + pan-SEER,BLCA,fold3,seer_05pct,0.03619929974149268,-0.11660922217892387,365597,82,36,354693.0
leave_one_type_out_tcga_plus_pan_seer,Pan-cancer TCGA + pan-SEER,BLCA,fold4,seer_05pct,0.040511086942077064,-0.1501369308883297,365597,82,36,354693.0
leave_one_type_out_tcga_plus_pan_seer,Pan-cancer TCGA + pan-SEER,BLCA,fold5,seer_05pct,0.047124799160320856,-0.22016603716617972,365597,82,36,354693.0
leave_one_type_out_tcga_plus_pan_seer,Pan-cancer TCGA + pan-SEER,BRCA,fold1,seer_05pct,0.040927352833254174,-0.1164529228762868,365462,217,30,354693.0
leave_one_type_out_tcga_plus_pan_seer,Pan-cancer TCGA + pan-SEER,BRCA,fold2,seer_05pct,0.03592869637541036,-0.07754846344343941,365462,217,30,354693.0
leave_one_type_out_tcga_plus_pan_seer,Pan-cancer TCGA + pan-SEER,BRCA,fold3,seer_05pct,0.03203396618078598,-0.08666988962979891,365462,217,31,354693.0
leave_one_type_out_tcga_plus_pan_seer,Pan-cancer TCGA + pan-SEER,BRCA,fold4,seer_05pct,0.04364404740664297,-0.20119069472824858,365463,216,30,354693.0
leave_one_type_out_tcga_plus_pan_seer,Pan-cancer TCGA + pan-SEER,BRCA,fold5,seer_05pct,0.04156883388253458,-0.10913568231960666,365463,216,30,354693.0
leave_one_type_out_tcga_plus_pan_seer,Pan-cancer TCGA + pan-SEER,CESC,fold1,seer_05pct,0.03833803446689222,-0.112396142332995,365620,59,14,354693.0
leave_one_type_out_tcga_plus_pan_seer,Pan-cancer TCGA + pan-SEER,CESC,fold2,seer_05pct,0.06976302876901581,-0.11487657412945136,365620,59,14,354693.0
leave_one_type_out_tcga_plus_pan_seer,Pan-cancer TCGA + pan-SEER,CESC,fold3,seer_05pct,0.03919347486848646,-0.06590139031950601,365620,59,14,354693.0
leave_one_type_out_tcga_plus_pan_seer,Pan-cancer TCGA + pan-SEER,CESC,fold4,seer_05pct,0.04172631158696464,-0.26273714429366857,365620,59,15,354693.0
leave_one_type_out_tcga_plus_pan_seer,Pan-cancer TCGA + pan-SEER,CESC,fold5,seer_05pct,0.049074610559291104,-0.24763778597150352,365621,58,14,354693.0
leave_one_type_out_tcga_plus_pan_seer,Pan-cancer TCGA + pan-SEER,CHOL,fold1,seer_05pct,0.02873180149436213,-0.19350076315066955,365667,12,6,354693.0
leave_one_type_out_tcga_plus_pan_seer,Pan-cancer TCGA + pan-SEER,CHOL,fold2,seer_05pct,0.04767205154406473,-0.28062987291886976,365668,11,6,354693.0
leave_one_type_out_tcga_plus_pan_seer,Pan-cancer TCGA + pan-SEER,CHOL,fold3,seer_05pct,0.025674784574396287,-0.2053053797406264,365668,11,5,354693.0
leave_one_type_out_tcga_plus_pan_seer,Pan-cancer TCGA + pan-SEER,CHOL,fold4,seer_05pct,0.04266154448773568,-0.3655566820159156,365668,11,5,354693.0
leave_one_type_out_tcga_plus_pan_seer,Pan-cancer TCGA + pan-SEER,COAD,fold1,seer_05pct,0.02592116619069652,-0.1853538212687982,365590,89,20,354693.0
leave_one_type_out_tcga_plus_pan_seer,Pan-cancer TCGA + pan-SEER,COAD,fold2,seer_05pct,0.025517837425482928,-0.17483761913907997,365590,89,20,354693.0
leave_one_type_out_tcga_plus_pan_seer,Pan-cancer TCGA + pan-SEER,COAD,fold3,seer_05pct,0.02885013750579753,-0.17104151607142762,365591,88,19,354693.0
leave_one_type_out_tcga_plus_pan_seer,Pan-cancer TCGA + pan-SEER,COAD,fold4,seer_05pct,0.026567878262739094,-0.24307299559978363,365591,88,19,354693.0
leave_one_type_out_tcga_plus_pan_seer,Pan-cancer TCGA + pan-SEER,COAD,fold5,seer_05pct,0.01883987766078478,-0.08945040512933654,365591,88,20,354693.0
leave_one_type_out_tcga_plus_pan_seer,Pan-cancer TCGA + pan-SEER,DLBC,fold1,seer_05pct,0.059724564190224046,-0.11030853711373342,365655,24,5,354693.0
leave_one_type_out_tcga_plus_pan_seer,Pan-cancer TCGA + pan-SEER,DLBC,fold2,seer_05pct,0.07478630644495521,-0.13434123423230354,365656,23,4,354693.0
leave_one_type_out_tcga_plus_pan_seer,Pan-cancer TCGA + pan-SEER,ESCA,fold1,seer_05pct,0.02438000527342594,-0.22164954834796174,365642,37,16,354693.0
leave_one_type_out_tcga_plus_pan_seer,Pan-cancer TCGA + pan-SEER,ESCA,fold2,seer_05pct,0.019544875614777805,-0.11245259807372945,365642,37,16,354693.0
leave_one_type_out_tcga_plus_pan_seer,Pan-cancer TCGA + pan-SEER,ESCA,fold3,seer_05pct,0.01651937122373718,-0.11816961968924247,365642,37,15,354693.0
leave_one_type_out_tcga_plus_pan_seer,Pan-cancer TCGA + pan-SEER,ESCA,fold4,seer_05pct,0.029105418815583203,-0.12711358896222852,365642,37,15,354693.0
leave_one_type_out_tcga_plus_pan_seer,Pan-cancer TCGA + pan-SEER,ESCA,fold5,seer_05pct,0.02644659242470339,-0.16255343917393733,365642,37,15,354693.0
leave_one_type_out_tcga_plus_pan_seer,Pan-cancer TCGA + pan-SEER,GBM,fold1,seer_05pct,0.022515391121929546,-0.03576958562014852,365560,119,99,354693.0
leave_one_type_out_tcga_plus_pan_seer,Pan-cancer TCGA + pan-SEER,GBM,fold2,seer_05pct,0.027508912368387088,-0.05499527287012423,365560,119,98,354693.0
leave_one_type_out_tcga_plus_pan_seer,Pan-cancer TCGA + pan-SEER,GBM,fold3,seer_05pct,0.0262091898143555,-0.05023440881052626,365560,119,98,354693.0
leave_one_type_out_tcga_plus_pan_seer,Pan-cancer TCGA + pan-SEER,GBM,fold4,seer_05pct,0.020146219314613693,-0.04475098678275827,365560,119,98,354693.0
leave_one_type_out_tcga_plus_pan_seer,Pan-cancer TCGA + pan-SEER,GBM,fold5,seer_05pct,0.031395421290963274,-0.05745183159481476,365560,119,98,354693.0
leave_one_type_out_tcga_plus_pan_seer,Pan-cancer TCGA + pan-SEER,HNSC,fold1,seer_05pct,0.042811229320613875,-0.17172003260925642,365573,106,45,354693.0
leave_one_type_out_tcga_plus_pan_seer,Pan-cancer TCGA + pan-SEER,HNSC,fold2,seer_05pct,0.04144259048834179,-0.08990615110967218,365573,106,45,354693.0
leave_one_type_out_tcga_plus_pan_seer,Pan-cancer TCGA + pan-SEER,HNSC,fold3,seer_05pct,0.043139212386308474,-0.11559387415969744,365574,105,44,354693.0
leave_one_type_out_tcga_plus_pan_seer,Pan-cancer TCGA + pan-SEER,HNSC,fold4,seer_05pct,0.04795788120706921,-0.14071048296067634,365574,105,44,354693.0
leave_one_type_out_tcga_plus_pan_seer,Pan-cancer TCGA + pan-SEER,HNSC,fold5,seer_05pct,0.049121585767355445,-0.14116873165084307,365574,105,45,354693.0
leave_one_type_out_tcga_plus_pan_seer,Pan-cancer TCGA + pan-SEER,KICH,fold1,seer_05pct,0.02480860860386861,-0.048414840836590874,365623,56,6,354693.0
leave_one_type_out_tcga_plus_pan_seer,Pan-cancer TCGA + pan-SEER,KICH,fold2,seer_05pct,0.02786289195111673,-0.08332513026123184,365623,56,6,354693.0
leave_one_type_out_tcga_plus_pan_seer,Pan-cancer TCGA + pan-SEER,KIRC,fold1,seer_05pct,0.03761262334738719,-0.09989044674200478,365572,107,35,354693.0
leave_one_type_out_tcga_plus_pan_seer,Pan-cancer TCGA + pan-SEER,KIRC,fold2,seer_05pct,0.038039997250715614,-0.08284568440913909,365572,107,35,354693.0
leave_one_type_out_tcga_plus_pan_seer,Pan-cancer TCGA + pan-SEER,KIRC,fold3,seer_05pct,0.04016985022105577,-0.13649294994964414,365572,107,35,354693.0
leave_one_type_out_tcga_plus_pan_seer,Pan-cancer TCGA + pan-SEER,KIRC,fold4,seer_05pct,0.03749119140921928,-0.056181087057983026,365572,107,36,354693.0
leave_one_type_out_tcga_plus_pan_seer,Pan-cancer TCGA + pan-SEER,KIRC,fold5,seer_05pct,0.03171128987514644,-0.081705858541849,365572,107,36,354693.0
leave_one_type_out_tcga_plus_pan_seer,Pan-cancer TCGA + pan-SEER,KIRP,fold1,seer_05pct,0.036039028989331826,-0.17167187590760108,365621,58,9,354693.0
leave_one_type_out_tcga_plus_pan_seer,Pan-cancer TCGA + pan-SEER,KIRP,fold2,seer_05pct,0.023319342006857386,-0.1717115413502178,365621,58,9,354693.0
leave_one_type_out_tcga_plus_pan_seer,Pan-cancer TCGA + pan-SEER,KIRP,fold3,seer_05pct,0.022514883214116255,-0.10051037834716287,365621,58,9,354693.0
leave_one_type_out_tcga_plus_pan_seer,Pan-cancer TCGA + pan-SEER,KIRP,fold4,seer_05pct,0.01860804178413578,-0.13259627603181562,365622,57,8,354693.0
leave_one_type_out_tcga_plus_pan_seer,Pan-cancer TCGA + pan-SEER,KIRP,fold5,seer_05pct,0.018308687011310203,-0.1170047054067463,365622,57,9,354693.0
leave_one_type_out_tcga_plus_pan_seer,Pan-cancer TCGA + pan-SEER,LAML,fold1,seer_05pct,0.09078012254235991,-0.14779390464928233,365644,35,22,354693.0
leave_one_type_out_tcga_plus_pan_seer,Pan-cancer TCGA + pan-SEER,LAML,fold2,seer_05pct,0.035932392836778064,-0.15219186903621948,365644,35,22,354693.0
leave_one_type_out_tcga_plus_pan_seer,Pan-cancer TCGA + pan-SEER,LAML,fold3,seer_05pct,0.030250808892827667,-0.1866995113002158,365644,35,22,354693.0
leave_one_type_out_tcga_plus_pan_seer,Pan-cancer TCGA + pan-SEER,LAML,fold4,seer_05pct,0.025252912300736643,-0.1229325894626235,365645,34,21,354693.0
leave_one_type_out_tcga_plus_pan_seer,Pan-cancer TCGA + pan-SEER,LAML,fold5,seer_05pct,0.03272712119439304,-0.22390194133409236,365645,34,21,354693.0
leave_one_type_out_tcga_plus_pan_seer,Pan-cancer TCGA + pan-SEER,LGG,fold1,seer_05pct,0.03127708553398978,-0.13382131741650266,365576,103,25,354693.0
leave_one_type_out_tcga_plus_pan_seer,Pan-cancer TCGA + pan-SEER,LGG,fold2,seer_05pct,0.026616586405517315,-0.1478220728255277,365577,102,25,354693.0
leave_one_type_out_tcga_plus_pan_seer,Pan-cancer TCGA + pan-SEER,LGG,fold3,seer_05pct,0.03699726790888907,-0.22369352184363078,365577,102,25,354693.0
leave_one_type_out_tcga_plus_pan_seer,Pan-cancer TCGA + pan-SEER,LGG,fold4,seer_05pct,0.029039494365634952,-0.14021029079114344,365577,102,25,354693.0
leave_one_type_out_tcga_plus_pan_seer,Pan-cancer TCGA + pan-SEER,LGG,fold5,seer_05pct,0.026742721160767924,-0.0742174041181453,365577,102,25,354693.0
leave_one_type_out_tcga_plus_pan_seer,Pan-cancer TCGA + pan-SEER,LIHC,fold1,seer_05pct,0.025259395940568585,-0.11613104281681846,365604,75,27,354693.0
leave_one_type_out_tcga_plus_pan_seer,Pan-cancer TCGA + pan-SEER,LIHC,fold2,seer_05pct,0.03492407684324899,-0.19479259711226873,365605,74,27,354693.0
leave_one_type_out_tcga_plus_pan_seer,Pan-cancer TCGA + pan-SEER,LIHC,fold3,seer_05pct,0.027536866959434976,-0.22619695701175574,365605,74,26,354693.0
leave_one_type_out_tcga_plus_pan_seer,Pan-cancer TCGA + pan-SEER,LIHC,fold4,seer_05pct,0.030382658786836644,-0.16310015584605086,365605,74,26,354693.0
leave_one_type_out_tcga_plus_pan_seer,Pan-cancer TCGA + pan-SEER,LIHC,fold5,seer_05pct,0.03151378863065893,-0.1345244052813532,365605,74,26,354693.0
leave_one_type_out_tcga_plus_pan_seer,Pan-cancer TCGA + pan-SEER,LUAD,fold1,seer_05pct,0.051984578155643286,-0.12962994289102237,365577,102,36,354693.0
leave_one_type_out_tcga_plus_pan_seer,Pan-cancer TCGA + pan-SEER,LUAD,fold2,seer_05pct,0.04993252370273087,-0.09736133447700598,365577,102,37,354693.0
leave_one_type_out_tcga_plus_pan_seer,Pan-cancer TCGA + pan-SEER,LUAD,fold3,seer_05pct,0.033624657834213485,-0.0944902063309534,365577,102,37,354693.0
leave_one_type_out_tcga_plus_pan_seer,Pan-cancer TCGA + pan-SEER,LUAD,fold4,seer_05pct,0.044138623638394776,-0.26551140595927836,365577,102,37,354693.0
leave_one_type_out_tcga_plus_pan_seer,Pan-cancer TCGA + pan-SEER,LUAD,fold5,seer_05pct,0.03701885009975447,-0.08196650691551957,365578,101,36,354693.0
leave_one_type_out_tcga_plus_pan_seer,Pan-cancer TCGA + pan-SEER,LUSC,fold1,seer_05pct,0.03965994015192131,-0.09804487686286095,365579,100,43,354693.0
leave_one_type_out_tcga_plus_pan_seer,Pan-cancer TCGA + pan-SEER,LUSC,fold2,seer_05pct,0.03483956414906271,-0.08818402290406359,365579,100,43,354693.0
leave_one_type_out_tcga_plus_pan_seer,Pan-cancer TCGA + pan-SEER,LUSC,fold3,seer_05pct,0.04242075578927159,-0.08130894306064801,365580,99,43,354693.0
leave_one_type_out_tcga_plus_pan_seer,Pan-cancer TCGA + pan-SEER,LUSC,fold4,seer_05pct,0.04839813616932388,-0.13216204624778727,365580,99,43,354693.0
leave_one_type_out_tcga_plus_pan_seer,Pan-cancer TCGA + pan-SEER,LUSC,fold5,seer_05pct,0.058177249405591006,-0.30129107294988966,365580,99,43,354693.0
leave_one_type_out_tcga_plus_pan_seer,Pan-cancer TCGA + pan-SEER,MESO,fold1,seer_05pct,0.023868816371888025,-0.05701122931682648,365662,17,15,354693.0
leave_one_type_out_tcga_plus_pan_seer,Pan-cancer TCGA + pan-SEER,MESO,fold2,seer_05pct,0.057975147424361446,-0.20188635702333413,365662,17,15,354693.0
leave_one_type_out_tcga_plus_pan_seer,Pan-cancer TCGA + pan-SEER,MESO,fold3,seer_05pct,0.036357233176963676,-0.08010009840291182,365662,17,15,354693.0
leave_one_type_out_tcga_plus_pan_seer,Pan-cancer TCGA + pan-SEER,MESO,fold4,seer_05pct,0.04240045395545731,-0.07960344928242252,365662,17,14,354693.0
leave_one_type_out_tcga_plus_pan_seer,Pan-cancer TCGA + pan-SEER,MESO,fold5,seer_05pct,0.039614730752930746,-0.11699916087133964,365662,17,14,354693.0
leave_one_type_out_tcga_plus_pan_seer,Pan-cancer TCGA + pan-SEER,OV,fold1,seer_05pct,0.05050656830447794,-0.10453947500582109,365562,117,70,354693.0
leave_one_type_out_tcga_plus_pan_seer,Pan-cancer TCGA + pan-SEER,OV,fold2,seer_05pct,0.0454170639263551,-0.08900786254546662,365562,117,70,354693.0
leave_one_type_out_tcga_plus_pan_seer,Pan-cancer TCGA + pan-SEER,OV,fold3,seer_05pct,0.04217656838297003,-0.07286595231147913,365563,116,70,354693.0
leave_one_type_out_tcga_plus_pan_seer,Pan-cancer TCGA + pan-SEER,OV,fold4,seer_05pct,0.04402845587243319,-0.08665501743859023,365563,116,69,354693.0
leave_one_type_out_tcga_plus_pan_seer,Pan-cancer TCGA + pan-SEER,OV,fold5,seer_05pct,0.05873131766257594,-0.16830672787852563,365563,116,69,354693.0
leave_one_type_out_tcga_plus_pan_seer,Pan-cancer TCGA + pan-SEER,PAAD,fold1,seer_05pct,0.020042547535696176,-0.13290659493357435,365642,37,20,354693.0
leave_one_type_out_tcga_plus_pan_seer,Pan-cancer TCGA + pan-SEER,PAAD,fold2,seer_05pct,0.036662310734677135,-0.41181612304930265,365642,37,20,354693.0
leave_one_type_out_tcga_plus_pan_seer,Pan-cancer TCGA + pan-SEER,PAAD,fold3,seer_05pct,0.024036213977249463,-0.07451368851996584,365642,37,20,354693.0
leave_one_type_out_tcga_plus_pan_seer,Pan-cancer TCGA + pan-SEER,PAAD,fold4,seer_05pct,0.026031593848410025,-0.11026068863412558,365642,37,20,354693.0
leave_one_type_out_tcga_plus_pan_seer,Pan-cancer TCGA + pan-SEER,PAAD,fold5,seer_05pct,0.021325448218407463,-0.13413438991087698,365643,36,20,354693.0
leave_one_type_out_tcga_plus_pan_seer,Pan-cancer TCGA + pan-SEER,PCPG,fold1,seer_05pct,0.01935777054632184,-0.03949821787848365,365589,90,3,354693.0
leave_one_type_out_tcga_plus_pan_seer,Pan-cancer TCGA + pan-SEER,PCPG,fold2,seer_05pct,0.01741071914611915,0.007446587852279047,365590,89,3,354693.0
leave_one_type_out_tcga_plus_pan_seer,Pan-cancer TCGA + pan-SEER,PRAD,fold1,seer_05pct,0.006233503713861435,-0.03730034861144594,365429,250,5,354693.0
leave_one_type_out_tcga_plus_pan_seer,Pan-cancer TCGA + pan-SEER,PRAD,fold2,seer_05pct,0.004711201806913798,-0.023373375981657084,365429,250,5,354693.0
leave_one_type_out_tcga_plus_pan_seer,Pan-cancer TCGA + pan-SEER,READ,fold1,seer_05pct,0.01452308139566445,-0.12394490893008588,365646,33,5,354693.0
leave_one_type_out_tcga_plus_pan_seer,Pan-cancer TCGA + pan-SEER,READ,fold2,seer_05pct,0.021966725534758216,-0.16372134444678832,365646,33,5,354693.0
leave_one_type_out_tcga_plus_pan_seer,Pan-cancer TCGA + pan-SEER,READ,fold3,seer_05pct,0.011148739955628461,-0.10152896295060435,365646,33,5,354693.0
leave_one_type_out_tcga_plus_pan_seer,Pan-cancer TCGA + pan-SEER,READ,fold4,seer_05pct,0.017507241217821896,-0.10886304368373455,365646,33,6,354693.0
leave_one_type_out_tcga_plus_pan_seer,Pan-cancer TCGA + pan-SEER,READ,fold5,seer_05pct,0.02061987547491006,-0.13618389767721936,365647,32,5,354693.0
leave_one_type_out_tcga_plus_pan_seer,Pan-cancer TCGA + pan-SEER,SARC,fold1,seer_05pct,0.05249454840744108,-0.1291168309558418,365626,53,20,354693.0
leave_one_type_out_tcga_plus_pan_seer,Pan-cancer TCGA + pan-SEER,SARC,fold2,seer_05pct,0.0407277537987884,-0.1398198387518975,365627,52,19,354693.0
leave_one_type_out_tcga_plus_pan_seer,Pan-cancer TCGA + pan-SEER,SARC,fold3,seer_05pct,0.05039466395961759,-0.15639464080169257,365627,52,20,354693.0
leave_one_type_out_tcga_plus_pan_seer,Pan-cancer TCGA + pan-SEER,SARC,fold4,seer_05pct,0.06196300487325611,-0.14853347564497155,365627,52,20,354693.0
leave_one_type_out_tcga_plus_pan_seer,Pan-cancer TCGA + pan-SEER,SARC,fold5,seer_05pct,0.05978188171816893,-0.17047743971926155,365627,52,20,354693.0
leave_one_type_out_tcga_plus_pan_seer,Pan-cancer TCGA + pan-SEER,SKCM,fold1,seer_05pct,0.14764568749819898,-0.04886218398747505,365588,91,43,354693.0
leave_one_type_out_tcga_plus_pan_seer,Pan-cancer TCGA + pan-SEER,SKCM,fold2,seer_05pct,0.10234671600820987,-0.012971745685012179,365588,91,43,354693.0
leave_one_type_out_tcga_plus_pan_seer,Pan-cancer TCGA + pan-SEER,SKCM,fold3,seer_05pct,0.186310178094572,0.007680473999962356,365588,91,43,354693.0
leave_one_type_out_tcga_plus_pan_seer,Pan-cancer TCGA + pan-SEER,SKCM,fold4,seer_05pct,0.20974325913539663,-0.001491297509427919,365588,91,43,354693.0
leave_one_type_out_tcga_plus_pan_seer,Pan-cancer TCGA + pan-SEER,SKCM,fold5,seer_05pct,0.08512221465019035,7.895000397643848e-05,365589,90,42,354693.0
leave_one_type_out_tcga_plus_pan_seer,Pan-cancer TCGA + pan-SEER,STAD,fold1,seer_05pct,0.024643311471654283,-0.14924973783175272,365595,84,34,354693.0
leave_one_type_out_tcga_plus_pan_seer,Pan-cancer TCGA + pan-SEER,STAD,fold2,seer_05pct,0.03196263118315221,-0.18609717819370358,365595,84,34,354693.0
leave_one_type_out_tcga_plus_pan_seer,Pan-cancer TCGA + pan-SEER,STAD,fold3,seer_05pct,0.022054964033386106,-0.16505915402004892,365596,83,33,354693.0
leave_one_type_out_tcga_plus_pan_seer,Pan-cancer TCGA + pan-SEER,STAD,fold4,seer_05pct,0.02670278528994689,-0.16320878561979718,365596,83,33,354693.0
leave_one_type_out_tcga_plus_pan_seer,Pan-cancer TCGA + pan-SEER,STAD,fold5,seer_05pct,0.02553707977124355,-0.17740981533535843,365596,83,34,354693.0
leave_one_type_out_tcga_plus_pan_seer,Pan-cancer TCGA + pan-SEER,TGCT,fold1,seer_05pct,0.03030140640687505,0.0166618669777581,365612,67,2,354693.0
leave_one_type_out_tcga_plus_pan_seer,Pan-cancer TCGA + pan-SEER,TGCT,fold2,seer_05pct,0.0255592998005544,0.01191976037143745,365612,67,2,354693.0
leave_one_type_out_tcga_plus_pan_seer,Pan-cancer TCGA + pan-SEER,THCA,fold1,seer_05pct,0.007808735592305633,-0.0469010627263565,365510,169,5,354693.0
leave_one_type_out_tcga_plus_pan_seer,Pan-cancer TCGA + pan-SEER,THCA,fold2,seer_05pct,0.006500906951151596,-0.024038675737331476,365510,169,6,354693.0
leave_one_type_out_tcga_plus_pan_seer,Pan-cancer TCGA + pan-SEER,THCA,fold3,seer_05pct,0.005827204628466625,-0.035085919335610366,365511,168,5,354693.0
leave_one_type_out_tcga_plus_pan_seer,Pan-cancer TCGA + pan-SEER,THYM,fold1,seer_05pct,0.016171568766930714,-0.04719365936971469,365617,62,5,354693.0
leave_one_type_out_tcga_plus_pan_seer,Pan-cancer TCGA + pan-SEER,THYM,fold2,seer_05pct,0.020105277670081845,-0.06785018018191272,365618,61,4,354693.0
leave_one_type_out_tcga_plus_pan_seer,Pan-cancer TCGA + pan-SEER,UCEC,fold1,seer_05pct,0.020264110983392168,-0.12573552855499667,365569,110,19,354693.0
leave_one_type_out_tcga_plus_pan_seer,Pan-cancer TCGA + pan-SEER,UCEC,fold2,seer_05pct,0.018520378207935964,-0.06502980744819861,365570,109,18,354693.0
leave_one_type_out_tcga_plus_pan_seer,Pan-cancer TCGA + pan-SEER,UCEC,fold3,seer_05pct,0.04136110942745473,-0.2137043531190705,365570,109,18,354693.0
leave_one_type_out_tcga_plus_pan_seer,Pan-cancer TCGA + pan-SEER,UCEC,fold4,seer_05pct,0.018504766367287383,-0.15695601814941956,365570,109,18,354693.0
leave_one_type_out_tcga_plus_pan_seer,Pan-cancer TCGA + pan-SEER,UCEC,fold5,seer_05pct,0.03936531293188207,-0.08550657615872949,365570,109,18,354693.0
leave_one_type_out_tcga_plus_pan_seer,Pan-cancer TCGA + pan-SEER,UCS,fold1,seer_05pct,0.03542095346874749,-0.19648012181943703,365667,12,7,354693.0
leave_one_type_out_tcga_plus_pan_seer,Pan-cancer TCGA + pan-SEER,UCS,fold2,seer_05pct,0.03377766011219959,-0.06869534908237648,365668,11,7,354693.0
leave_one_type_out_tcga_plus_pan_seer,Pan-cancer TCGA + pan-SEER,UCS,fold3,seer_05pct,0.0849248339605184,-0.16201832833645796,365668,11,7,354693.0
leave_one_type_out_tcga_plus_pan_seer,Pan-cancer TCGA + pan-SEER,UCS,fold4,seer_05pct,0.05028610583557054,-0.2384272806796976,365668,11,7,354693.0
leave_one_type_out_tcga_plus_pan_seer,Pan-cancer TCGA + pan-SEER,UCS,fold5,seer_05pct,0.044495704633554393,-0.15124973078481913,365668,11,7,354693.0
leave_one_type_out_tcga_plus_pan_seer,Pan-cancer TCGA + pan-SEER,UVM,fold1,seer_05pct,0.02540987005618403,-0.10400433131280507,365659,20,6,354693.0
leave_one_type_out_tcga_plus_pan_seer,Pan-cancer TCGA + pan-SEER,UVM,fold2,seer_05pct,0.02732686755807296,-0.10899682096651567,365659,20,6,354693.0
leave_one_type_out_tcga_plus_pan_seer,Pan-cancer TCGA + pan-SEER,UVM,fold3,seer_05pct,0.029230203476470273,-0.16081855718536328,365659,20,6,354693.0
leave_one_type_out_tcga_plus_pan_seer,Pan-cancer TCGA + pan-SEER,UVM,fold4,seer_05pct,0.020977111855112116,-0.20296256836559348,365659,20,5,354693.0
leave_one_type_out_tcga_plus_pan_seer,Pan-cancer TCGA + pan-SEER,ACC,fold1,seer_100pct,0.04552869406187267,-0.04406926048537492,7104810,19,7,7093843.0
leave_one_type_out_tcga_plus_pan_seer,Pan-cancer TCGA + pan-SEER,ACC,fold2,seer_100pct,0.10642304088090086,-0.11600924191327809,7104811,18,7,7093843.0
leave_one_type_out_tcga_plus_pan_seer,Pan-cancer TCGA + pan-SEER,BRCA,fold1,seer_100pct,0.03715812899967351,-0.12022214670986746,7104612,217,30,7093843.0
leave_one_type_out_tcga_plus_pan_seer,Pan-cancer TCGA + pan-SEER,CESC,fold3,seer_100pct,0.052575984931960695,-0.05251888025603177,7104770,59,14,7093843.0
leave_one_type_out_tcga_plus_pan_seer,Pan-cancer TCGA + pan-SEER,CESC,fold4,seer_100pct,0.07058715846495685,-0.2338762974156764,7104770,59,15,7093843.0
leave_one_type_out_tcga_plus_pan_seer,Pan-cancer TCGA + pan-SEER,CESC,fold5,seer_100pct,0.06571620029735875,-0.23099619623343587,7104771,58,14,7093843.0
leave_one_type_out_tcga_plus_pan_seer,Pan-cancer TCGA + pan-SEER,CHOL,fold1,seer_100pct,0.0358642735325489,-0.1863682911124828,7104817,12,6,7093843.0
leave_one_type_out_tcga_plus_pan_seer,Pan-cancer TCGA + pan-SEER,CHOL,fold2,seer_100pct,0.04439014716778307,-0.28391177729515144,7104818,11,6,7093843.0
leave_one_type_out_tcga_plus_pan_seer,Pan-cancer TCGA + pan-SEER,CHOL,fold3,seer_100pct,0.045054218230693326,-0.18592594608432936,7104818,11,5,7093843.0
leave_one_type_out_tcga_plus_pan_seer,Pan-cancer TCGA + pan-SEER,CHOL,fold4,seer_100pct,0.03737356458234832,-0.370844661921303,7104818,11,5,7093843.0
leave_one_type_out_tcga_plus_pan_seer,Pan-cancer TCGA + pan-SEER,COAD,fold1,seer_100pct,0.02802680872284216,-0.18324817873665256,7104740,89,20,7093843.0
leave_one_type_out_tcga_plus_pan_seer,Pan-cancer TCGA + pan-SEER,COAD,fold2,seer_100pct,0.028038697894156094,-0.1723167586704068,7104740,89,20,7093843.0
leave_one_type_out_tcga_plus_pan_seer,Pan-cancer TCGA + pan-SEER,COAD,fold3,seer_100pct,0.02998474151191034,-0.16990691206531483,7104741,88,19,7093843.0
leave_one_type_out_tcga_plus_pan_seer,Pan-cancer TCGA + pan-SEER,COAD,fold4,seer_100pct,0.028243817340260085,-0.24139705652226265,7104741,88,19,7093843.0
leave_one_type_out_tcga_plus_pan_seer,Pan-cancer TCGA + pan-SEER,COAD,fold5,seer_100pct,0.02444063990819216,-0.08384964288192916,7104741,88,20,7093843.0
leave_one_type_out_tcga_plus_pan_seer,Pan-cancer TCGA + pan-SEER,DLBC,fold1,seer_100pct,0.056393043515892416,-0.11364005778806505,7104805,24,5,7093843.0
leave_one_type_out_tcga_plus_pan_seer,Pan-cancer TCGA + pan-SEER,DLBC,fold2,seer_100pct,0.06784274121171013,-0.14128479946554862,7104806,23,4,7093843.0
leave_one_type_out_tcga_plus_pan_seer,Pan-cancer TCGA + pan-SEER,ESCA,fold1,seer_100pct,0.021646060948474963,-0.22438349267291272,7104792,37,16,7093843.0
leave_one_type_out_tcga_plus_pan_seer,Pan-cancer TCGA + pan-SEER,ESCA,fold2,seer_100pct,0.023980465536070084,-0.10801700815243717,7104792,37,16,7093843.0
leave_one_type_out_tcga_plus_pan_seer,Pan-cancer TCGA + pan-SEER,ESCA,fold4,seer_100pct,0.031249294704186206,-0.12496971307362552,7104792,37,15,7093843.0
leave_one_type_out_tcga_plus_pan_seer,Pan-cancer TCGA + pan-SEER,GBM,fold4,seer_100pct,0.03939206332191436,-0.025505142775457595,7104710,119,98,7093843.0
leave_one_type_out_tcga_plus_pan_seer,Pan-cancer TCGA + pan-SEER,GBM,fold5,seer_100pct,0.045288102992491704,-0.04355914989328633,7104710,119,98,7093843.0
leave_one_type_out_tcga_plus_pan_seer,Pan-cancer TCGA + pan-SEER,HNSC,fold5,seer_100pct,0.05435739358551078,-0.13593292383268774,7104724,105,45,7093843.0
leave_one_type_out_tcga_plus_pan_seer,Pan-cancer TCGA + pan-SEER,KICH,fold2,seer_100pct,0.030316872665797585,-0.08087114954655097,7104773,56,6,7093843.0
leave_one_type_out_tcga_plus_pan_seer,Pan-cancer TCGA + pan-SEER,KIRP,fold1,seer_100pct,0.03760279874196321,-0.1701081061549697,7104771,58,9,7093843.0
leave_one_type_out_tcga_plus_pan_seer,Pan-cancer TCGA + pan-SEER,KIRP,fold2,seer_100pct,0.028335297384451945,-0.16669558597262324,7104771,58,9,7093843.0
leave_one_type_out_tcga_plus_pan_seer,Pan-cancer TCGA + pan-SEER,KIRP,fold3,seer_100pct,0.025364957520172482,-0.09766030404110664,7104771,58,9,7093843.0
leave_one_type_out_tcga_plus_pan_seer,Pan-cancer TCGA + pan-SEER,KIRP,fold4,seer_100pct,0.027076755564448975,-0.12412756225150243,7104772,57,8,7093843.0
leave_one_type_out_tcga_plus_pan_seer,Pan-cancer TCGA + pan-SEER,KIRP,fold5,seer_100pct,0.02270333598474518,-0.11261005643331133,7104772,57,9,7093843.0
leave_one_type_out_tcga_plus_pan_seer,Pan-cancer TCGA + pan-SEER,LAML,fold4,seer_100pct,0.05978795875242677,-0.08839754301093339,7104795,34,21,7093843.0
leave_one_type_out_tcga_plus_pan_seer,Pan-cancer TCGA + pan-SEER,LGG,fold2,seer_100pct,0.040837268286425664,-0.13360139094461934,7104727,102,25,7093843.0
leave_one_type_out_tcga_plus_pan_seer,Pan-cancer TCGA + pan-SEER,LIHC,fold2,seer_100pct,0.03857313643296256,-0.19114353752255517,7104755,74,27,7093843.0
leave_one_type_out_tcga_plus_pan_seer,Pan-cancer TCGA + pan-SEER,LUAD,fold3,seer_100pct,0.03207401756034973,-0.09604084660481715,7104727,102,37,7093843.0
leave_one_type_out_tcga_plus_pan_seer,Pan-cancer TCGA + pan-SEER,LUSC,fold4,seer_100pct,0.05087699363491399,-0.12968318878219715,7104730,99,43,7093843.0
leave_one_type_out_tcga_plus_pan_seer,Pan-cancer TCGA + pan-SEER,LUSC,fold5,seer_100pct,0.06866949816057276,-0.2907988241949079,7104730,99,43,7093843.0
leave_one_type_out_tcga_plus_pan_seer,Pan-cancer TCGA + pan-SEER,PAAD,fold1,seer_100pct,0.04199016294340046,-0.11095897952587006,7104792,37,20,7093843.0
leave_one_type_out_tcga_plus_pan_seer,Pan-cancer TCGA + pan-SEER,PAAD,fold3,seer_100pct,0.030913227583857533,-0.06763667491335777,7104792,37,20,7093843.0
leave_one_type_out_tcga_plus_pan_seer,Pan-cancer TCGA + pan-SEER,PRAD,fold1,seer_100pct,0.0072724189996000894,-0.03626143332570729,7104579,250,5,7093843.0
leave_one_type_out_tcga_plus_pan_seer,Pan-cancer TCGA + pan-SEER,PRAD,fold2,seer_100pct,0.006615457953031893,-0.021469119835538987,7104579,250,5,7093843.0
leave_one_type_out_tcga_plus_pan_seer,Pan-cancer TCGA + pan-SEER,READ,fold1,seer_100pct,0.013665775857186873,-0.12480221446856346,7104796,33,5,7093843.0
leave_one_type_out_tcga_plus_pan_seer,Pan-cancer TCGA + pan-SEER,READ,fold3,seer_100pct,0.01191945473786304,-0.10075824816836976,7104796,33,5,7093843.0
leave_one_type_out_tcga_plus_pan_seer,Pan-cancer TCGA + pan-SEER,READ,fold5,seer_100pct,0.02022040663527559,-0.13658336651685385,7104797,32,5,7093843.0
leave_one_type_out_tcga_plus_pan_seer,Pan-cancer TCGA + pan-SEER,SARC,fold2,seer_100pct,0.04964487702522893,-0.13090271552545696,7104777,52,19,7093843.0
leave_one_type_out_tcga_plus_pan_seer,Pan-cancer TCGA + pan-SEER,SARC,fold3,seer_100pct,0.05816782157139195,-0.14862148318991822,7104777,52,20,7093843.0
leave_one_type_out_tcga_plus_pan_seer,Pan-cancer TCGA + pan-SEER,SARC,fold4,seer_100pct,0.0687507395865299,-0.14174574093169773,7104777,52,20,7093843.0
leave_one_type_out_tcga_plus_pan_seer,Pan-cancer TCGA + pan-SEER,SKCM,fold2,seer_100pct,0.1123240063298411,-0.0029944553633809434,7104738,91,43,7093843.0
leave_one_type_out_tcga_plus_pan_seer,Pan-cancer TCGA + pan-SEER,STAD,fold1,seer_100pct,0.03136421505723968,-0.1425288342461673,7104745,84,34,7093843.0
leave_one_type_out_tcga_plus_pan_seer,Pan-cancer TCGA + pan-SEER,STAD,fold4,seer_100pct,0.029684984383513042,-0.160226586526231,7104746,83,33,7093843.0
leave_one_type_out_tcga_plus_pan_seer,Pan-cancer TCGA + pan-SEER,STAD,fold5,seer_100pct,0.03449465792642467,-0.16845223718017732,7104746,83,34,7093843.0
leave_one_type_out_tcga_plus_pan_seer,Pan-cancer TCGA + pan-SEER,TGCT,fold1,seer_100pct,0.021779609460725033,0.008140070031608082,7104762,67,2,7093843.0
leave_one_type_out_tcga_plus_pan_seer,Pan-cancer TCGA + pan-SEER,THCA,fold2,seer_100pct,0.007284120628895513,-0.023255462059587558,7104660,169,6,7093843.0
leave_one_type_out_tcga_plus_pan_seer,Pan-cancer TCGA + pan-SEER,THCA,fold3,seer_100pct,0.0058716539869514885,-0.035041469977125504,7104661,168,5,7093843.0
leave_one_type_out_tcga_plus_pan_seer,Pan-cancer TCGA + pan-SEER,UCEC,fold1,seer_100pct,0.025065850995278333,-0.12093378854311052,7104719,110,19,7093843.0
leave_one_type_out_tcga_plus_pan_seer,Pan-cancer TCGA + pan-SEER,UCEC,fold4,seer_100pct,0.021897238955968727,-0.1535635455607382,7104720,109,18,7093843.0
leave_one_type_out_tcga_plus_pan_seer,Pan-cancer TCGA + pan-SEER,UCEC,fold5,seer_100pct,0.0307958161585755,-0.09407607293203606,7104720,109,18,7093843.0
leave_one_type_out_tcga_plus_pan_seer,Pan-cancer TCGA + pan-SEER,UCS,fold2,seer_100pct,0.04202172080579875,-0.06045128838877733,7104818,11,7,7093843.0
leave_one_type_out_tcga_plus_pan_seer,Pan-cancer TCGA + pan-SEER,UCS,fold3,seer_100pct,0.11376724558342599,-0.13317591671355036,7104818,11,7,7093843.0
leave_one_type_out_tcga_plus_pan_seer,Pan-cancer TCGA + pan-SEER,UCS,fold4,seer_100pct,0.060370892182531936,-0.22834249433273618,7104818,11,7,7093843.0
leave_one_type_out_tcga_plus_pan_seer,Pan-cancer TCGA + pan-SEER,UCS,fold5,seer_100pct,0.05909049972060361,-0.13665493569776993,7104818,11,7,7093843.0
leave_one_type_out_tcga_plus_pan_seer,Pan-cancer TCGA + pan-SEER,UVM,fold1,seer_100pct,0.025468195026848047,-0.10394600634214105,7104809,20,6,7093843.0
leave_one_type_out_tcga_plus_pan_seer,Pan-cancer TCGA + pan-SEER,UVM,fold3,seer_100pct,0.03609271589799939,-0.15395604476383415,7104809,20,6,7093843.0
leave_one_type_out_tcga_plus_pan_seer,Pan-cancer TCGA + pan-SEER,UVM,fold4,seer_100pct,0.030353380848927847,-0.19358629937177774,7104809,20,5,7093843.0
leave_one_type_out_tcga_plus_pan_seer,Pan-cancer TCGA + pan-SEER,ACC,fold1,seer_10pct,0.03983432357901732,-0.04976363096823027,720351,19,7,709384.0
leave_one_type_out_tcga_plus_pan_seer,Pan-cancer TCGA + pan-SEER,ACC,fold2,seer_10pct,0.07001455582333371,-0.15241772697084524,720352,18,7,709384.0
leave_one_type_out_tcga_plus_pan_seer,Pan-cancer TCGA + pan-SEER,ACC,fold3,seer_10pct,0.05147238967236372,-0.10483838994061595,720352,18,7,709384.0
leave_one_type_out_tcga_plus_pan_seer,Pan-cancer TCGA + pan-SEER,ACC,fold4,seer_10pct,0.05516566423024926,-0.03459014607358891,720352,18,6,709384.0
leave_one_type_out_tcga_plus_pan_seer,Pan-cancer TCGA + pan-SEER,ACC,fold5,seer_10pct,0.044408421578013654,-0.04846287448114123,720352,18,6,709384.0
leave_one_type_out_tcga_plus_pan_seer,Pan-cancer TCGA + pan-SEER,BLCA,fold1,seer_10pct,0.030867818132489358,-0.16483372571661847,720288,82,36,709384.0
leave_one_type_out_tcga_plus_pan_seer,Pan-cancer TCGA + pan-SEER,BLCA,fold2,seer_10pct,0.04023960415475178,-0.09180013252637068,720288,82,36,709384.0
leave_one_type_out_tcga_plus_pan_seer,Pan-cancer TCGA + pan-SEER,BLCA,fold3,seer_10pct,0.033699433479297554,-0.119109088441119,720288,82,36,709384.0
leave_one_type_out_tcga_plus_pan_seer,Pan-cancer TCGA + pan-SEER,BLCA,fold4,seer_10pct,0.04046557562269872,-0.15018244220770802,720288,82,36,709384.0
leave_one_type_out_tcga_plus_pan_seer,Pan-cancer TCGA + pan-SEER,BLCA,fold5,seer_10pct,0.04649801703558542,-0.22079281929091515,720288,82,36,709384.0
leave_one_type_out_tcga_plus_pan_seer,Pan-cancer TCGA + pan-SEER,BRCA,fold1,seer_10pct,0.037319137832017645,-0.12006113787752332,720153,217,30,709384.0
leave_one_type_out_tcga_plus_pan_seer,Pan-cancer TCGA + pan-SEER,BRCA,fold2,seer_10pct,0.03367900853098551,-0.07979815128786427,720153,217,30,709384.0
leave_one_type_out_tcga_plus_pan_seer,Pan-cancer TCGA + pan-SEER,BRCA,fold3,seer_10pct,0.03068834252535393,-0.08801551328523095,720153,217,31,709384.0
leave_one_type_out_tcga_plus_pan_seer,Pan-cancer TCGA + pan-SEER,BRCA,fold4,seer_10pct,0.04141434146953608,-0.20342040066535547,720154,216,30,709384.0
leave_one_type_out_tcga_plus_pan_seer,Pan-cancer TCGA + pan-SEER,BRCA,fold5,seer_10pct,0.0420985538080494,-0.10860596239409183,720154,216,30,709384.0
leave_one_type_out_tcga_plus_pan_seer,Pan-cancer TCGA + pan-SEER,CESC,fold1,seer_10pct,0.04521668566332239,-0.10551749113656482,720311,59,14,709384.0
leave_one_type_out_tcga_plus_pan_seer,Pan-cancer TCGA + pan-SEER,CESC,fold2,seer_10pct,0.07294562104978004,-0.11169398184868713,720311,59,14,709384.0
leave_one_type_out_tcga_plus_pan_seer,Pan-cancer TCGA + pan-SEER,CESC,fold3,seer_10pct,0.04077421630838989,-0.06432064887960257,720311,59,14,709384.0
leave_one_type_out_tcga_plus_pan_seer,Pan-cancer TCGA + pan-SEER,CESC,fold4,seer_10pct,0.04578905166132572,-0.2586744042193075,720311,59,15,709384.0
leave_one_type_out_tcga_plus_pan_seer,Pan-cancer TCGA + pan-SEER,CESC,fold5,seer_10pct,0.04568047084298082,-0.2510319256878138,720312,58,14,709384.0
leave_one_type_out_tcga_plus_pan_seer,Pan-cancer TCGA + pan-SEER,CHOL,fold1,seer_10pct,0.03185421040734786,-0.19037835423768384,720358,12,6,709384.0
leave_one_type_out_tcga_plus_pan_seer,Pan-cancer TCGA + pan-SEER,CHOL,fold2,seer_10pct,0.04085763561269671,-0.28744428885023776,720359,11,6,709384.0
leave_one_type_out_tcga_plus_pan_seer,Pan-cancer TCGA + pan-SEER,CHOL,fold3,seer_10pct,0.03166679017351748,-0.1993133741415052,720359,11,5,709384.0
leave_one_type_out_tcga_plus_pan_seer,Pan-cancer TCGA + pan-SEER,CHOL,fold4,seer_10pct,0.040112413428449685,-0.3681058130752016,720359,11,5,709384.0
leave_one_type_out_tcga_plus_pan_seer,Pan-cancer TCGA + pan-SEER,COAD,fold1,seer_10pct,0.02372849609162929,-0.18754649136786544,720281,89,20,709384.0
leave_one_type_out_tcga_plus_pan_seer,Pan-cancer TCGA + pan-SEER,COAD,fold2,seer_10pct,0.02538113197475043,-0.17497432458981246,720281,89,20,709384.0
leave_one_type_out_tcga_plus_pan_seer,Pan-cancer TCGA + pan-SEER,COAD,fold3,seer_10pct,0.02844323690024719,-0.17144841667697797,720282,88,19,709384.0
leave_one_type_out_tcga_plus_pan_seer,Pan-cancer TCGA + pan-SEER,COAD,fold4,seer_10pct,0.03142239529589726,-0.23821847856662548,720282,88,19,709384.0
leave_one_type_out_tcga_plus_pan_seer,Pan-cancer TCGA + pan-SEER,COAD,fold5,seer_10pct,0.019685000956736684,-0.08860528183338463,720282,88,20,709384.0
leave_one_type_out_tcga_plus_pan_seer,Pan-cancer TCGA + pan-SEER,DLBC,fold1,seer_10pct,0.060852709835699716,-0.10918039146825775,720346,24,5,709384.0
leave_one_type_out_tcga_plus_pan_seer,Pan-cancer TCGA + pan-SEER,DLBC,fold2,seer_10pct,0.0650888679873922,-0.14403867268986653,720347,23,4,709384.0
leave_one_type_out_tcga_plus_pan_seer,Pan-cancer TCGA + pan-SEER,ESCA,fold1,seer_10pct,0.025810091141344353,-0.22021946248004332,720333,37,16,709384.0
leave_one_type_out_tcga_plus_pan_seer,Pan-cancer TCGA + pan-SEER,ESCA,fold2,seer_10pct,0.03355480609433515,-0.09844266759417211,720333,37,16,709384.0
leave_one_type_out_tcga_plus_pan_seer,Pan-cancer TCGA + pan-SEER,ESCA,fold3,seer_10pct,0.02123435862335496,-0.11345463228962469,720333,37,15,709384.0
leave_one_type_out_tcga_plus_pan_seer,Pan-cancer TCGA + pan-SEER,ESCA,fold4,seer_10pct,0.027616933615507818,-0.1286020741623039,720333,37,15,709384.0
leave_one_type_out_tcga_plus_pan_seer,Pan-cancer TCGA + pan-SEER,ESCA,fold5,seer_10pct,0.02858478342698669,-0.16041524817165403,720333,37,15,709384.0
leave_one_type_out_tcga_plus_pan_seer,Pan-cancer TCGA + pan-SEER,GBM,fold1,seer_10pct,0.02316692714880234,-0.03511804959327573,720251,119,99,709384.0
leave_one_type_out_tcga_plus_pan_seer,Pan-cancer TCGA + pan-SEER,GBM,fold2,seer_10pct,0.02955327046279599,-0.05295091477571533,720251,119,98,709384.0
leave_one_type_out_tcga_plus_pan_seer,Pan-cancer TCGA + pan-SEER,GBM,fold3,seer_10pct,0.027184076074262386,-0.04925952255061937,720251,119,98,709384.0
leave_one_type_out_tcga_plus_pan_seer,Pan-cancer TCGA + pan-SEER,GBM,fold4,seer_10pct,0.023470883211964826,-0.04142632288540713,720251,119,98,709384.0
leave_one_type_out_tcga_plus_pan_seer,Pan-cancer TCGA + pan-SEER,GBM,fold5,seer_10pct,0.030766307556358796,-0.05808094532941924,720251,119,98,709384.0
leave_one_type_out_tcga_plus_pan_seer,Pan-cancer TCGA + pan-SEER,HNSC,fold1,seer_10pct,0.040971351200737666,-0.17355991072913263,720264,106,45,709384.0
leave_one_type_out_tcga_plus_pan_seer,Pan-cancer TCGA + pan-SEER,HNSC,fold2,seer_10pct,0.042987476242430704,-0.08836126535558325,720264,106,45,709384.0
leave_one_type_out_tcga_plus_pan_seer,Pan-cancer TCGA + pan-SEER,HNSC,fold3,seer_10pct,0.044046613523138316,-0.11468647302286758,720265,105,44,709384.0
leave_one_type_out_tcga_plus_pan_seer,Pan-cancer TCGA + pan-SEER,HNSC,fold4,seer_10pct,0.05003429666983668,-0.13863406749790885,720265,105,44,709384.0
leave_one_type_out_tcga_plus_pan_seer,Pan-cancer TCGA + pan-SEER,HNSC,fold5,seer_10pct,0.051544176125259064,-0.13874614129293944,720265,105,45,709384.0
leave_one_type_out_tcga_plus_pan_seer,Pan-cancer TCGA + pan-SEER,KICH,fold1,seer_10pct,0.025830604707468337,-0.04739284473299114,720314,56,6,709384.0
leave_one_type_out_tcga_plus_pan_seer,Pan-cancer TCGA + pan-SEER,KICH,fold2,seer_10pct,0.027118421191292333,-0.08406960102105623,720314,56,6,709384.0
leave_one_type_out_tcga_plus_pan_seer,Pan-cancer TCGA + pan-SEER,KIRC,fold1,seer_10pct,0.04162684630476528,-0.0958762237846267,720263,107,35,709384.0
leave_one_type_out_tcga_plus_pan_seer,Pan-cancer TCGA + pan-SEER,KIRC,fold2,seer_10pct,0.042932182232973945,-0.07795349942688076,720263,107,35,709384.0
leave_one_type_out_tcga_plus_pan_seer,Pan-cancer TCGA + pan-SEER,KIRC,fold3,seer_10pct,0.04235021990926128,-0.13431258026143864,720263,107,35,709384.0
leave_one_type_out_tcga_plus_pan_seer,Pan-cancer TCGA + pan-SEER,KIRC,fold4,seer_10pct,0.040457238021935585,-0.05321504044526672,720263,107,36,709384.0
leave_one_type_out_tcga_plus_pan_seer,Pan-cancer TCGA + pan-SEER,KIRC,fold5,seer_10pct,0.036773541954480085,-0.07664360646251536,720263,107,36,709384.0
leave_one_type_out_tcga_plus_pan_seer,Pan-cancer TCGA + pan-SEER,KIRP,fold1,seer_10pct,0.03564167288614858,-0.17206923201078433,720312,58,9,709384.0
leave_one_type_out_tcga_plus_pan_seer,Pan-cancer TCGA + pan-SEER,KIRP,fold2,seer_10pct,0.02320772218885452,-0.17182316116822066,720312,58,9,709384.0
leave_one_type_out_tcga_plus_pan_seer,Pan-cancer TCGA + pan-SEER,KIRP,fold3,seer_10pct,0.022933410575224442,-0.10009185098605468,720312,58,9,709384.0
leave_one_type_out_tcga_plus_pan_seer,Pan-cancer TCGA + pan-SEER,KIRP,fold4,seer_10pct,0.02478490559530308,-0.12641941222064831,720313,57,8,709384.0
leave_one_type_out_tcga_plus_pan_seer,Pan-cancer TCGA + pan-SEER,KIRP,fold5,seer_10pct,0.019493535588318074,-0.11581985682973844,720313,57,9,709384.0
leave_one_type_out_tcga_plus_pan_seer,Pan-cancer TCGA + pan-SEER,LAML,fold1,seer_10pct,0.03862753384355526,-0.199946493348087,720335,35,22,709384.0
leave_one_type_out_tcga_plus_pan_seer,Pan-cancer TCGA + pan-SEER,LAML,fold2,seer_10pct,0.04047261761028163,-0.14765164426271593,720335,35,22,709384.0
leave_one_type_out_tcga_plus_pan_seer,Pan-cancer TCGA + pan-SEER,LAML,fold3,seer_10pct,0.034996634601678685,-0.1819536855913648,720335,35,22,709384.0
leave_one_type_out_tcga_plus_pan_seer,Pan-cancer TCGA + pan-SEER,LAML,fold4,seer_10pct,0.03536218566167554,-0.11282331610168461,720336,34,21,709384.0
leave_one_type_out_tcga_plus_pan_seer,Pan-cancer TCGA + pan-SEER,LAML,fold5,seer_10pct,0.037213346448474544,-0.21941571608001084,720336,34,21,709384.0
leave_one_type_out_tcga_plus_pan_seer,Pan-cancer TCGA + pan-SEER,LGG,fold1,seer_10pct,0.03420527917751604,-0.1308931237729764,720267,103,25,709384.0
leave_one_type_out_tcga_plus_pan_seer,Pan-cancer TCGA + pan-SEER,LGG,fold2,seer_10pct,0.027498265732938714,-0.1469403934981063,720268,102,25,709384.0
leave_one_type_out_tcga_plus_pan_seer,Pan-cancer TCGA + pan-SEER,LGG,fold3,seer_10pct,0.03841286264268279,-0.22227792710983707,720268,102,25,709384.0
leave_one_type_out_tcga_plus_pan_seer,Pan-cancer TCGA + pan-SEER,LGG,fold4,seer_10pct,0.029209283960566133,-0.14004050119621228,720268,102,25,709384.0
leave_one_type_out_tcga_plus_pan_seer,Pan-cancer TCGA + pan-SEER,LGG,fold5,seer_10pct,0.023686113798650866,-0.07727401148026236,720268,102,25,709384.0
leave_one_type_out_tcga_plus_pan_seer,Pan-cancer TCGA + pan-SEER,LIHC,fold1,seer_10pct,0.03455351860221292,-0.10683692015517413,720295,75,27,709384.0
leave_one_type_out_tcga_plus_pan_seer,Pan-cancer TCGA + pan-SEER,LIHC,fold2,seer_10pct,0.036423203037035494,-0.19329347091848223,720296,74,27,709384.0
leave_one_type_out_tcga_plus_pan_seer,Pan-cancer TCGA + pan-SEER,LIHC,fold3,seer_10pct,0.030057180098409887,-0.22367664387278083,720296,74,26,709384.0
leave_one_type_out_tcga_plus_pan_seer,Pan-cancer TCGA + pan-SEER,LIHC,fold4,seer_10pct,0.03032148008619712,-0.1631613345466904,720296,74,26,709384.0
leave_one_type_out_tcga_plus_pan_seer,Pan-cancer TCGA + pan-SEER,LIHC,fold5,seer_10pct,0.03329252210851548,-0.13274567180349667,720296,74,26,709384.0
leave_one_type_out_tcga_plus_pan_seer,Pan-cancer TCGA + pan-SEER,LUAD,fold1,seer_10pct,0.05357803921607953,-0.1280364818305861,720268,102,36,709384.0
leave_one_type_out_tcga_plus_pan_seer,Pan-cancer TCGA + pan-SEER,LUAD,fold2,seer_10pct,0.05023460292715934,-0.09705925525257753,720268,102,37,709384.0
leave_one_type_out_tcga_plus_pan_seer,Pan-cancer TCGA + pan-SEER,LUAD,fold3,seer_10pct,0.03523193516404252,-0.09288292900112435,720268,102,37,709384.0
leave_one_type_out_tcga_plus_pan_seer,Pan-cancer TCGA + pan-SEER,LUAD,fold4,seer_10pct,0.04569684434002304,-0.2639531852576501,720268,102,37,709384.0
leave_one_type_out_tcga_plus_pan_seer,Pan-cancer TCGA + pan-SEER,LUAD,fold5,seer_10pct,0.03611755805530671,-0.08286779895996732,720269,101,36,709384.0
leave_one_type_out_tcga_plus_pan_seer,Pan-cancer TCGA + pan-SEER,LUSC,fold1,seer_10pct,0.038630577684481346,-0.09907423933030092,720270,100,43,709384.0
leave_one_type_out_tcga_plus_pan_seer,Pan-cancer TCGA + pan-SEER,LUSC,fold2,seer_10pct,0.035415339633248506,-0.0876082474198778,720270,100,43,709384.0
leave_one_type_out_tcga_plus_pan_seer,Pan-cancer TCGA + pan-SEER,LUSC,fold3,seer_10pct,0.03908028827368237,-0.08464941057623723,720271,99,43,709384.0
leave_one_type_out_tcga_plus_pan_seer,Pan-cancer TCGA + pan-SEER,LUSC,fold4,seer_10pct,0.04593240822965375,-0.1346277741874574,720271,99,43,709384.0
leave_one_type_out_tcga_plus_pan_seer,Pan-cancer TCGA + pan-SEER,LUSC,fold5,seer_10pct,0.06138231199785283,-0.29808601035762783,720271,99,43,709384.0
leave_one_type_out_tcga_plus_pan_seer,Pan-cancer TCGA + pan-SEER,MESO,fold1,seer_10pct,0.0379460119377622,-0.0429340337509523,720353,17,15,709384.0
leave_one_type_out_tcga_plus_pan_seer,Pan-cancer TCGA + pan-SEER,MESO,fold2,seer_10pct,0.058644150863655944,-0.20121735358403964,720353,17,15,709384.0
leave_one_type_out_tcga_plus_pan_seer,Pan-cancer TCGA + pan-SEER,MESO,fold3,seer_10pct,0.03375784858172753,-0.08269948299814797,720353,17,15,709384.0
leave_one_type_out_tcga_plus_pan_seer,Pan-cancer TCGA + pan-SEER,MESO,fold4,seer_10pct,0.040859048394098645,-0.0811448548437812,720353,17,14,709384.0
leave_one_type_out_tcga_plus_pan_seer,Pan-cancer TCGA + pan-SEER,MESO,fold5,seer_10pct,0.04018354741746,-0.1164303442068104,720353,17,14,709384.0
leave_one_type_out_tcga_plus_pan_seer,Pan-cancer TCGA + pan-SEER,OV,fold1,seer_10pct,0.051393232538796435,-0.1036528107715026,720253,117,70,709384.0
leave_one_type_out_tcga_plus_pan_seer,Pan-cancer TCGA + pan-SEER,OV,fold2,seer_10pct,0.04588925424495144,-0.08853567222687028,720253,117,70,709384.0
leave_one_type_out_tcga_plus_pan_seer,Pan-cancer TCGA + pan-SEER,OV,fold3,seer_10pct,0.04629156211223355,-0.06875095858221561,720254,116,70,709384.0
leave_one_type_out_tcga_plus_pan_seer,Pan-cancer TCGA + pan-SEER,OV,fold4,seer_10pct,0.0428426387193683,-0.08784083459165512,720254,116,69,709384.0
leave_one_type_out_tcga_plus_pan_seer,Pan-cancer TCGA + pan-SEER,OV,fold5,seer_10pct,0.059132830979277955,-0.1679052145618236,720254,116,69,709384.0
leave_one_type_out_tcga_plus_pan_seer,Pan-cancer TCGA + pan-SEER,PAAD,fold1,seer_10pct,0.02131573025038626,-0.13163341221888425,720333,37,20,709384.0
leave_one_type_out_tcga_plus_pan_seer,Pan-cancer TCGA + pan-SEER,PAAD,fold2,seer_10pct,0.034922168744628446,-0.41355626503935133,720333,37,20,709384.0
leave_one_type_out_tcga_plus_pan_seer,Pan-cancer TCGA + pan-SEER,PAAD,fold3,seer_10pct,0.023542732133734697,-0.0750071703634806,720333,37,20,709384.0
leave_one_type_out_tcga_plus_pan_seer,Pan-cancer TCGA + pan-SEER,PAAD,fold4,seer_10pct,0.02106333968571797,-0.11522894279681764,720333,37,20,709384.0
leave_one_type_out_tcga_plus_pan_seer,Pan-cancer TCGA + pan-SEER,PAAD,fold5,seer_10pct,0.02028383525736089,-0.13517600287192355,720334,36,20,709384.0
leave_one_type_out_tcga_plus_pan_seer,Pan-cancer TCGA + pan-SEER,PCPG,fold1,seer_10pct,0.014817527172124017,-0.044038461252681474,720280,90,3,709384.0
leave_one_type_out_tcga_plus_pan_seer,Pan-cancer TCGA + pan-SEER,PCPG,fold2,seer_10pct,0.016017949036914513,0.0060538177430744106,720281,89,3,709384.0
leave_one_type_out_tcga_plus_pan_seer,Pan-cancer TCGA + pan-SEER,PRAD,fold1,seer_10pct,0.005330161699255002,-0.038203690626052375,720120,250,5,709384.0
leave_one_type_out_tcga_plus_pan_seer,Pan-cancer TCGA + pan-SEER,PRAD,fold2,seer_10pct,0.005298532818833753,-0.02278604496973713,720120,250,5,709384.0
leave_one_type_out_tcga_plus_pan_seer,Pan-cancer TCGA + pan-SEER,READ,fold1,seer_10pct,0.01645715026281503,-0.1220108400629353,720337,33,5,709384.0
leave_one_type_out_tcga_plus_pan_seer,Pan-cancer TCGA + pan-SEER,READ,fold2,seer_10pct,0.020736942699636485,-0.16495112728191005,720337,33,5,709384.0
leave_one_type_out_tcga_plus_pan_seer,Pan-cancer TCGA + pan-SEER,READ,fold3,seer_10pct,0.010799162627957513,-0.10187854027827528,720337,33,5,709384.0
leave_one_type_out_tcga_plus_pan_seer,Pan-cancer TCGA + pan-SEER,READ,fold4,seer_10pct,0.014370487375302866,-0.11199979752625358,720337,33,6,709384.0
leave_one_type_out_tcga_plus_pan_seer,Pan-cancer TCGA + pan-SEER,READ,fold5,seer_10pct,0.021186741170097164,-0.13561703198203226,720338,32,5,709384.0
leave_one_type_out_tcga_plus_pan_seer,Pan-cancer TCGA + pan-SEER,SARC,fold1,seer_10pct,0.05659629687740425,-0.12501508248587864,720317,53,20,709384.0
leave_one_type_out_tcga_plus_pan_seer,Pan-cancer TCGA + pan-SEER,SARC,fold2,seer_10pct,0.03840503508493199,-0.1421425574657539,720318,52,19,709384.0
leave_one_type_out_tcga_plus_pan_seer,Pan-cancer TCGA + pan-SEER,SARC,fold3,seer_10pct,0.05590235890795717,-0.150886945853353,720318,52,20,709384.0
leave_one_type_out_tcga_plus_pan_seer,Pan-cancer TCGA + pan-SEER,SARC,fold4,seer_10pct,0.05817369318690546,-0.15232278733132218,720318,52,20,709384.0
leave_one_type_out_tcga_plus_pan_seer,Pan-cancer TCGA + pan-SEER,SARC,fold5,seer_10pct,0.0624824692271481,-0.16777685221028238,720318,52,20,709384.0
leave_one_type_out_tcga_plus_pan_seer,Pan-cancer TCGA + pan-SEER,SKCM,fold1,seer_10pct,0.15557889220039395,-0.04092897928528008,720279,91,43,709384.0
leave_one_type_out_tcga_plus_pan_seer,Pan-cancer TCGA + pan-SEER,SKCM,fold2,seer_10pct,0.09482281610322368,-0.020495645589998363,720279,91,43,709384.0
leave_one_type_out_tcga_plus_pan_seer,Pan-cancer TCGA + pan-SEER,SKCM,fold3,seer_10pct,0.19363409634336243,0.015004392248752774,720279,91,43,709384.0
leave_one_type_out_tcga_plus_pan_seer,Pan-cancer TCGA + pan-SEER,SKCM,fold4,seer_10pct,0.2174503932699915,0.006215836625166948,720279,91,43,709384.0
leave_one_type_out_tcga_plus_pan_seer,Pan-cancer TCGA + pan-SEER,SKCM,fold5,seer_10pct,0.08325573113984291,-0.0017875335063709946,720280,90,42,709384.0
leave_one_type_out_tcga_plus_pan_seer,Pan-cancer TCGA + pan-SEER,STAD,fold1,seer_10pct,0.031013494308726398,-0.14287955499468058,720286,84,34,709384.0
leave_one_type_out_tcga_plus_pan_seer,Pan-cancer TCGA + pan-SEER,STAD,fold2,seer_10pct,0.03170695111804697,-0.18635285825880882,720286,84,34,709384.0
leave_one_type_out_tcga_plus_pan_seer,Pan-cancer TCGA + pan-SEER,STAD,fold3,seer_10pct,0.023986685155780608,-0.1631274328976544,720287,83,33,709384.0
leave_one_type_out_tcga_plus_pan_seer,Pan-cancer TCGA + pan-SEER,STAD,fold4,seer_10pct,0.030738689373040588,-0.15917288153670348,720287,83,33,709384.0
leave_one_type_out_tcga_plus_pan_seer,Pan-cancer TCGA + pan-SEER,STAD,fold5,seer_10pct,0.030417924844446137,-0.17252897026215586,720287,83,34,709384.0
leave_one_type_out_tcga_plus_pan_seer,Pan-cancer TCGA + pan-SEER,TGCT,fold1,seer_10pct,0.034635060551034685,0.020995521121917736,720303,67,2,709384.0
leave_one_type_out_tcga_plus_pan_seer,Pan-cancer TCGA + pan-SEER,TGCT,fold2,seer_10pct,0.0228872937216661,0.00924775429254915,720303,67,2,709384.0
leave_one_type_out_tcga_plus_pan_seer,Pan-cancer TCGA + pan-SEER,THCA,fold1,seer_10pct,0.007372924412692533,-0.0473368739059696,720201,169,5,709384.0
leave_one_type_out_tcga_plus_pan_seer,Pan-cancer TCGA + pan-SEER,THCA,fold2,seer_10pct,0.006720276249596822,-0.02381930643888625,720201,169,6,709384.0
leave_one_type_out_tcga_plus_pan_seer,Pan-cancer TCGA + pan-SEER,THCA,fold3,seer_10pct,0.005653351124612393,-0.035259772839464604,720202,168,5,709384.0
leave_one_type_out_tcga_plus_pan_seer,Pan-cancer TCGA + pan-SEER,THYM,fold1,seer_10pct,0.0179347327650171,-0.0454304953716283,720308,62,5,709384.0
leave_one_type_out_tcga_plus_pan_seer,Pan-cancer TCGA + pan-SEER,THYM,fold2,seer_10pct,0.018999411092124843,-0.06895604675986972,720309,61,4,709384.0
leave_one_type_out_tcga_plus_pan_seer,Pan-cancer TCGA + pan-SEER,UCEC,fold1,seer_10pct,0.020347376445790422,-0.12565226309259842,720260,110,19,709384.0
leave_one_type_out_tcga_plus_pan_seer,Pan-cancer TCGA + pan-SEER,UCEC,fold2,seer_10pct,0.02102327471359884,-0.06252691094253574,720261,109,18,709384.0
leave_one_type_out_tcga_plus_pan_seer,Pan-cancer TCGA + pan-SEER,UCEC,fold3,seer_10pct,0.041799325121271144,-0.21326613742525408,720261,109,18,709384.0
leave_one_type_out_tcga_plus_pan_seer,Pan-cancer TCGA + pan-SEER,UCEC,fold4,seer_10pct,0.019284509553930938,-0.156176274962776,720261,109,18,709384.0
leave_one_type_out_tcga_plus_pan_seer,Pan-cancer TCGA + pan-SEER,UCEC,fold5,seer_10pct,0.039714208273579854,-0.0851576808170317,720261,109,18,709384.0
leave_one_type_out_tcga_plus_pan_seer,Pan-cancer TCGA + pan-SEER,UCS,fold1,seer_10pct,0.030234607162188457,-0.20166646812599606,720358,12,7,709384.0
leave_one_type_out_tcga_plus_pan_seer,Pan-cancer TCGA + pan-SEER,UCS,fold2,seer_10pct,0.02832750860097822,-0.07414550059359787,720359,11,7,709384.0
leave_one_type_out_tcga_plus_pan_seer,Pan-cancer TCGA + pan-SEER,UCS,fold3,seer_10pct,0.08928445614231806,-0.1576587061546583,720359,11,7,709384.0
leave_one_type_out_tcga_plus_pan_seer,Pan-cancer TCGA + pan-SEER,UCS,fold4,seer_10pct,0.0516452079146823,-0.23706817860058582,720359,11,7,709384.0
leave_one_type_out_tcga_plus_pan_seer,Pan-cancer TCGA + pan-SEER,UCS,fold5,seer_10pct,0.05656276087713851,-0.139182674541235,720359,11,7,709384.0
leave_one_type_out_tcga_plus_pan_seer,Pan-cancer TCGA + pan-SEER,UVM,fold1,seer_10pct,0.030413185902024832,-0.09900101546696427,720350,20,6,709384.0
leave_one_type_out_tcga_plus_pan_seer,Pan-cancer TCGA + pan-SEER,UVM,fold2,seer_10pct,0.025492584198061177,-0.11083110432652744,720350,20,6,709384.0
leave_one_type_out_tcga_plus_pan_seer,Pan-cancer TCGA + pan-SEER,UVM,fold3,seer_10pct,0.0256952732066137,-0.16435348745521985,720350,20,6,709384.0
leave_one_type_out_tcga_plus_pan_seer,Pan-cancer TCGA + pan-SEER,UVM,fold4,seer_10pct,0.025965939645778906,-0.1979737405749267,720350,20,5,709384.0
leave_one_type_out_tcga_plus_pan_seer,Pan-cancer TCGA + pan-SEER,ACC,fold1,seer_20pct,0.0409872033835279,-0.04861075116371969,1429738,19,7,1418771.0
leave_one_type_out_tcga_plus_pan_seer,Pan-cancer TCGA + pan-SEER,ACC,fold2,seer_20pct,0.07192507141965204,-0.1505072113745269,1429739,18,7,1418771.0
leave_one_type_out_tcga_plus_pan_seer,Pan-cancer TCGA + pan-SEER,ACC,fold3,seer_20pct,0.052897780175194406,-0.10341299943778527,1429739,18,7,1418771.0
leave_one_type_out_tcga_plus_pan_seer,Pan-cancer TCGA + pan-SEER,ACC,fold4,seer_20pct,0.07021795875763896,-0.019537851546199206,1429739,18,6,1418771.0
leave_one_type_out_tcga_plus_pan_seer,Pan-cancer TCGA + pan-SEER,ACC,fold5,seer_20pct,0.04992279835181754,-0.042948497707337344,1429739,18,6,1418771.0
leave_one_type_out_tcga_plus_pan_seer,Pan-cancer TCGA + pan-SEER,BLCA,fold1,seer_20pct,0.0350965461939016,-0.16060499765520622,1429675,82,36,1418771.0
leave_one_type_out_tcga_plus_pan_seer,Pan-cancer TCGA + pan-SEER,BLCA,fold2,seer_20pct,0.04638237912085967,-0.08565735756026278,1429675,82,36,1418771.0
leave_one_type_out_tcga_plus_pan_seer,Pan-cancer TCGA + pan-SEER,BLCA,fold3,seer_20pct,0.041551728465707156,-0.1112567934547094,1429675,82,36,1418771.0
leave_one_type_out_tcga_plus_pan_seer,Pan-cancer TCGA + pan-SEER,BLCA,fold4,seer_20pct,0.04715531947260548,-0.14349269835780126,1429675,82,36,1418771.0
leave_one_type_out_tcga_plus_pan_seer,Pan-cancer TCGA + pan-SEER,BLCA,fold5,seer_20pct,0.04965566057941542,-0.21763517574708516,1429675,82,36,1418771.0
leave_one_type_out_tcga_plus_pan_seer,Pan-cancer TCGA + pan-SEER,BRCA,fold1,seer_20pct,0.028628761789364132,-0.12875151392017684,1429540,217,30,1418771.0
leave_one_type_out_tcga_plus_pan_seer,Pan-cancer TCGA + pan-SEER,BRCA,fold2,seer_20pct,0.03164820620870897,-0.08182895361014081,1429540,217,30,1418771.0
leave_one_type_out_tcga_plus_pan_seer,Pan-cancer TCGA + pan-SEER,BRCA,fold3,seer_20pct,0.028581690072158366,-0.09012216573842652,1429540,217,31,1418771.0
leave_one_type_out_tcga_plus_pan_seer,Pan-cancer TCGA + pan-SEER,BRCA,fold4,seer_20pct,0.04136424462872201,-0.20347049750616952,1429541,216,30,1418771.0
leave_one_type_out_tcga_plus_pan_seer,Pan-cancer TCGA + pan-SEER,BRCA,fold5,seer_20pct,0.0428093680340042,-0.10789514816813703,1429541,216,30,1418771.0
leave_one_type_out_tcga_plus_pan_seer,Pan-cancer TCGA + pan-SEER,CESC,fold1,seer_20pct,0.04293272906847679,-0.10780144773141043,1429698,59,14,1418771.0
leave_one_type_out_tcga_plus_pan_seer,Pan-cancer TCGA + pan-SEER,CESC,fold2,seer_20pct,0.08513028911658233,-0.09950931378188485,1429698,59,14,1418771.0
leave_one_type_out_tcga_plus_pan_seer,Pan-cancer TCGA + pan-SEER,CESC,fold3,seer_20pct,0.04434410646471169,-0.06075075872328078,1429698,59,14,1418771.0
leave_one_type_out_tcga_plus_pan_seer,Pan-cancer TCGA + pan-SEER,CESC,fold4,seer_20pct,0.0606351253380572,-0.24382833054257602,1429698,59,15,1418771.0
leave_one_type_out_tcga_plus_pan_seer,Pan-cancer TCGA + pan-SEER,CESC,fold5,seer_20pct,0.05015379888936346,-0.24655859764143118,1429699,58,14,1418771.0
leave_one_type_out_tcga_plus_pan_seer,Pan-cancer TCGA + pan-SEER,CHOL,fold1,seer_20pct,0.026902313569266412,-0.19533025107576527,1429745,12,6,1418771.0
leave_one_type_out_tcga_plus_pan_seer,Pan-cancer TCGA + pan-SEER,CHOL,fold2,seer_20pct,0.040312842666372584,-0.2879890817965619,1429746,11,6,1418771.0
leave_one_type_out_tcga_plus_pan_seer,Pan-cancer TCGA + pan-SEER,CHOL,fold3,seer_20pct,0.05366890216479257,-0.17731126215023013,1429746,11,5,1418771.0
leave_one_type_out_tcga_plus_pan_seer,Pan-cancer TCGA + pan-SEER,CHOL,fold4,seer_20pct,0.0425182378753652,-0.3656999886282861,1429746,11,5,1418771.0
leave_one_type_out_tcga_plus_pan_seer,Pan-cancer TCGA + pan-SEER,COAD,fold1,seer_20pct,0.025127648906655746,-0.18614733855283896,1429668,89,20,1418771.0
leave_one_type_out_tcga_plus_pan_seer,Pan-cancer TCGA + pan-SEER,COAD,fold2,seer_20pct,0.026990069106392678,-0.1733653874581702,1429668,89,20,1418771.0
leave_one_type_out_tcga_plus_pan_seer,Pan-cancer TCGA + pan-SEER,COAD,fold3,seer_20pct,0.029799301956105684,-0.17009235162111946,1429669,88,19,1418771.0
leave_one_type_out_tcga_plus_pan_seer,Pan-cancer TCGA + pan-SEER,COAD,fold4,seer_20pct,0.025809685886290443,-0.24383118797623227,1429669,88,19,1418771.0
leave_one_type_out_tcga_plus_pan_seer,Pan-cancer TCGA + pan-SEER,COAD,fold5,seer_20pct,0.023752305479713666,-0.08453797731040766,1429669,88,20,1418771.0
leave_one_type_out_tcga_plus_pan_seer,Pan-cancer TCGA + pan-SEER,DLBC,fold1,seer_20pct,0.0583069972336725,-0.11172610407028497,1429733,24,5,1418771.0
leave_one_type_out_tcga_plus_pan_seer,Pan-cancer TCGA + pan-SEER,DLBC,fold2,seer_20pct,0.0755850140821897,-0.13354252659506904,1429734,23,4,1418771.0
leave_one_type_out_tcga_plus_pan_seer,Pan-cancer TCGA + pan-SEER,ESCA,fold1,seer_20pct,0.02491306831602187,-0.22111648530536582,1429720,37,16,1418771.0
leave_one_type_out_tcga_plus_pan_seer,Pan-cancer TCGA + pan-SEER,ESCA,fold2,seer_20pct,0.018957264054319464,-0.11304020963418779,1429720,37,16,1418771.0
leave_one_type_out_tcga_plus_pan_seer,Pan-cancer TCGA + pan-SEER,ESCA,fold3,seer_20pct,0.023560207925777482,-0.11112878298720216,1429720,37,15,1418771.0
leave_one_type_out_tcga_plus_pan_seer,Pan-cancer TCGA + pan-SEER,ESCA,fold4,seer_20pct,0.033710530687898234,-0.1225084770899135,1429720,37,15,1418771.0
leave_one_type_out_tcga_plus_pan_seer,Pan-cancer TCGA + pan-SEER,ESCA,fold5,seer_20pct,0.030760183006802423,-0.15823984859183832,1429720,37,15,1418771.0
leave_one_type_out_tcga_plus_pan_seer,Pan-cancer TCGA + pan-SEER,GBM,fold1,seer_20pct,0.030973004656026665,-0.027311972086051402,1429638,119,99,1418771.0
leave_one_type_out_tcga_plus_pan_seer,Pan-cancer TCGA + pan-SEER,GBM,fold2,seer_20pct,0.030118750159728123,-0.052385435078783196,1429638,119,98,1418771.0
leave_one_type_out_tcga_plus_pan_seer,Pan-cancer TCGA + pan-SEER,GBM,fold3,seer_20pct,0.0313851176026438,-0.04505848102223796,1429638,119,98,1418771.0
leave_one_type_out_tcga_plus_pan_seer,Pan-cancer TCGA + pan-SEER,GBM,fold4,seer_20pct,0.02808950834640147,-0.03680769775097049,1429638,119,98,1418771.0
leave_one_type_out_tcga_plus_pan_seer,Pan-cancer TCGA + pan-SEER,GBM,fold5,seer_20pct,0.0296866294328046,-0.05916062345297343,1429638,119,98,1418771.0
leave_one_type_out_tcga_plus_pan_seer,Pan-cancer TCGA + pan-SEER,HNSC,fold1,seer_20pct,0.049845520855946956,-0.16468574107392334,1429651,106,45,1418771.0
leave_one_type_out_tcga_plus_pan_seer,Pan-cancer TCGA + pan-SEER,HNSC,fold3,seer_20pct,0.04729056807786249,-0.1114425184681434,1429652,105,44,1418771.0
leave_one_type_out_tcga_plus_pan_seer,Pan-cancer TCGA + pan-SEER,HNSC,fold4,seer_20pct,0.054198441555377196,-0.13446992261236834,1429652,105,44,1418771.0
leave_one_type_out_tcga_plus_pan_seer,Pan-cancer TCGA + pan-SEER,HNSC,fold5,seer_20pct,0.057724039656231685,-0.13256627776196683,1429652,105,45,1418771.0
leave_one_type_out_tcga_plus_pan_seer,Pan-cancer TCGA + pan-SEER,KICH,fold1,seer_20pct,0.026563107009169536,-0.04666034243128995,1429701,56,6,1418771.0
leave_one_type_out_tcga_plus_pan_seer,Pan-cancer TCGA + pan-SEER,KICH,fold2,seer_20pct,0.029914897770455234,-0.08127312444189333,1429701,56,6,1418771.0
leave_one_type_out_tcga_plus_pan_seer,Pan-cancer TCGA + pan-SEER,KIRC,fold1,seer_20pct,0.04391552686973177,-0.0935875432196602,1429650,107,35,1418771.0
leave_one_type_out_tcga_plus_pan_seer,Pan-cancer TCGA + pan-SEER,KIRC,fold2,seer_20pct,0.04659377721034207,-0.07429190444951264,1429650,107,35,1418771.0
leave_one_type_out_tcga_plus_pan_seer,Pan-cancer TCGA + pan-SEER,KIRC,fold3,seer_20pct,0.04149211500898724,-0.13517068516171266,1429650,107,35,1418771.0
leave_one_type_out_tcga_plus_pan_seer,Pan-cancer TCGA + pan-SEER,KIRC,fold4,seer_20pct,0.04882097597438542,-0.04485130249281688,1429650,107,36,1418771.0
leave_one_type_out_tcga_plus_pan_seer,Pan-cancer TCGA + pan-SEER,KIRC,fold5,seer_20pct,0.036258217397047134,-0.07715893101994831,1429650,107,36,1418771.0
leave_one_type_out_tcga_plus_pan_seer,Pan-cancer TCGA + pan-SEER,KIRP,fold1,seer_20pct,0.0366880409794571,-0.17102286391747581,1429699,58,9,1418771.0
leave_one_type_out_tcga_plus_pan_seer,Pan-cancer TCGA + pan-SEER,KIRP,fold2,seer_20pct,0.027220970720606287,-0.1678099126364689,1429699,58,9,1418771.0
leave_one_type_out_tcga_plus_pan_seer,Pan-cancer TCGA + pan-SEER,KIRP,fold3,seer_20pct,0.024562999628373546,-0.09846226193290557,1429699,58,9,1418771.0
leave_one_type_out_tcga_plus_pan_seer,Pan-cancer TCGA + pan-SEER,KIRP,fold4,seer_20pct,0.025088182140195515,-0.12611613567575589,1429700,57,8,1418771.0
leave_one_type_out_tcga_plus_pan_seer,Pan-cancer TCGA + pan-SEER,KIRP,fold5,seer_20pct,0.019401171309021456,-0.11591222110903505,1429700,57,9,1418771.0
leave_one_type_out_tcga_plus_pan_seer,Pan-cancer TCGA + pan-SEER,LAML,fold1,seer_20pct,0.042516121308683694,-0.19605790588295857,1429722,35,22,1418771.0
leave_one_type_out_tcga_plus_pan_seer,Pan-cancer TCGA + pan-SEER,LAML,fold2,seer_20pct,0.08793264732074124,-0.10019161455225631,1429722,35,22,1418771.0
leave_one_type_out_tcga_plus_pan_seer,Pan-cancer TCGA + pan-SEER,LAML,fold3,seer_20pct,0.04235412154568675,-0.17459619864735673,1429722,35,22,1418771.0
leave_one_type_out_tcga_plus_pan_seer,Pan-cancer TCGA + pan-SEER,LAML,fold4,seer_20pct,0.044640287417911984,-0.10354521434544817,1429723,34,21,1418771.0
leave_one_type_out_tcga_plus_pan_seer,Pan-cancer TCGA + pan-SEER,LAML,fold5,seer_20pct,0.042816853481591206,-0.21381220904689419,1429723,34,21,1418771.0
leave_one_type_out_tcga_plus_pan_seer,Pan-cancer TCGA + pan-SEER,LGG,fold1,seer_20pct,0.03478512697673265,-0.1303132759737598,1429654,103,25,1418771.0
leave_one_type_out_tcga_plus_pan_seer,Pan-cancer TCGA + pan-SEER,LGG,fold2,seer_20pct,0.031046112834583528,-0.14339254639646148,1429655,102,25,1418771.0
leave_one_type_out_tcga_plus_pan_seer,Pan-cancer TCGA + pan-SEER,LGG,fold3,seer_20pct,0.04176867427414793,-0.21892211547837193,1429655,102,25,1418771.0
leave_one_type_out_tcga_plus_pan_seer,Pan-cancer TCGA + pan-SEER,LGG,fold4,seer_20pct,0.03120311125756227,-0.13804667389921615,1429655,102,25,1418771.0
leave_one_type_out_tcga_plus_pan_seer,Pan-cancer TCGA + pan-SEER,LGG,fold5,seer_20pct,0.02553841355532486,-0.07542171172358836,1429655,102,25,1418771.0
leave_one_type_out_tcga_plus_pan_seer,Pan-cancer TCGA + pan-SEER,LIHC,fold1,seer_20pct,0.029926116275181523,-0.11146432248220553,1429682,75,27,1418771.0
leave_one_type_out_tcga_plus_pan_seer,Pan-cancer TCGA + pan-SEER,LIHC,fold2,seer_20pct,0.03752989054912033,-0.1921867834063974,1429683,74,27,1418771.0
leave_one_type_out_tcga_plus_pan_seer,Pan-cancer TCGA + pan-SEER,LIHC,fold3,seer_20pct,0.03011766950999689,-0.22361615446119382,1429683,74,26,1418771.0
leave_one_type_out_tcga_plus_pan_seer,Pan-cancer TCGA + pan-SEER,LIHC,fold4,seer_20pct,0.03312247625739961,-0.1603603383754879,1429683,74,26,1418771.0
leave_one_type_out_tcga_plus_pan_seer,Pan-cancer TCGA + pan-SEER,LIHC,fold5,seer_20pct,0.03367580662668241,-0.13236238728532973,1429683,74,26,1418771.0
leave_one_type_out_tcga_plus_pan_seer,Pan-cancer TCGA + pan-SEER,LUAD,fold1,seer_20pct,0.052503115971853254,-0.1291114050748124,1429655,102,36,1418771.0
leave_one_type_out_tcga_plus_pan_seer,Pan-cancer TCGA + pan-SEER,LUAD,fold2,seer_20pct,0.04883514265437737,-0.0984587155253595,1429655,102,37,1418771.0
leave_one_type_out_tcga_plus_pan_seer,Pan-cancer TCGA + pan-SEER,LUAD,fold3,seer_20pct,0.029833808618882802,-0.09828105554628408,1429655,102,37,1418771.0
leave_one_type_out_tcga_plus_pan_seer,Pan-cancer TCGA + pan-SEER,LUAD,fold4,seer_20pct,0.042993299952524766,-0.26665672964514836,1429655,102,37,1418771.0
leave_one_type_out_tcga_plus_pan_seer,Pan-cancer TCGA + pan-SEER,LUAD,fold5,seer_20pct,0.0324247395383238,-0.08656061747695024,1429656,101,36,1418771.0
leave_one_type_out_tcga_plus_pan_seer,Pan-cancer TCGA + pan-SEER,LUSC,fold1,seer_20pct,0.04171061496624238,-0.0959942020485399,1429657,100,43,1418771.0
leave_one_type_out_tcga_plus_pan_seer,Pan-cancer TCGA + pan-SEER,LUSC,fold2,seer_20pct,0.03581868971424399,-0.08720489733888231,1429657,100,43,1418771.0
leave_one_type_out_tcga_plus_pan_seer,Pan-cancer TCGA + pan-SEER,LUSC,fold3,seer_20pct,0.04032496443087069,-0.08340473441904891,1429658,99,43,1418771.0
leave_one_type_out_tcga_plus_pan_seer,Pan-cancer TCGA + pan-SEER,LUSC,fold4,seer_20pct,0.05159813814389534,-0.12896204427321578,1429658,99,43,1418771.0
leave_one_type_out_tcga_plus_pan_seer,Pan-cancer TCGA + pan-SEER,LUSC,fold5,seer_20pct,0.06441927542612808,-0.2950490469293526,1429658,99,43,1418771.0
leave_one_type_out_tcga_plus_pan_seer,Pan-cancer TCGA + pan-SEER,MESO,fold1,seer_20pct,0.052326543515510575,-0.028553502173203925,1429740,17,15,1418771.0
leave_one_type_out_tcga_plus_pan_seer,Pan-cancer TCGA + pan-SEER,MESO,fold2,seer_20pct,0.0548611136047905,-0.20500039084290506,1429740,17,15,1418771.0
leave_one_type_out_tcga_plus_pan_seer,Pan-cancer TCGA + pan-SEER,MESO,fold3,seer_20pct,0.04351077823542476,-0.07294655334445073,1429740,17,15,1418771.0
leave_one_type_out_tcga_plus_pan_seer,Pan-cancer TCGA + pan-SEER,MESO,fold4,seer_20pct,0.04767941286398122,-0.07432449037389863,1429740,17,14,1418771.0
leave_one_type_out_tcga_plus_pan_seer,Pan-cancer TCGA + pan-SEER,MESO,fold5,seer_20pct,0.05191057772146299,-0.1047033139028074,1429740,17,14,1418771.0
leave_one_type_out_tcga_plus_pan_seer,Pan-cancer TCGA + pan-SEER,OV,fold1,seer_20pct,0.052682277049471475,-0.10236376626082755,1429640,117,70,1418771.0
leave_one_type_out_tcga_plus_pan_seer,Pan-cancer TCGA + pan-SEER,OV,fold2,seer_20pct,0.05263802528036209,-0.08178690119145962,1429640,117,70,1418771.0
leave_one_type_out_tcga_plus_pan_seer,Pan-cancer TCGA + pan-SEER,OV,fold3,seer_20pct,0.0449283889131963,-0.07011413178125286,1429641,116,70,1418771.0
leave_one_type_out_tcga_plus_pan_seer,Pan-cancer TCGA + pan-SEER,OV,fold4,seer_20pct,0.04538761492883871,-0.08529585838218472,1429641,116,69,1418771.0
leave_one_type_out_tcga_plus_pan_seer,Pan-cancer TCGA + pan-SEER,OV,fold5,seer_20pct,0.06176594488651458,-0.165272100654587,1429641,116,69,1418771.0
leave_one_type_out_tcga_plus_pan_seer,Pan-cancer TCGA + pan-SEER,PAAD,fold1,seer_20pct,0.02083280239393902,-0.1321163400753315,1429720,37,20,1418771.0
leave_one_type_out_tcga_plus_pan_seer,Pan-cancer TCGA + pan-SEER,PAAD,fold2,seer_20pct,0.03505377514091376,-0.413424658643066,1429720,37,20,1418771.0
leave_one_type_out_tcga_plus_pan_seer,Pan-cancer TCGA + pan-SEER,PAAD,fold3,seer_20pct,0.023045771690556854,-0.07550413080665845,1429720,37,20,1418771.0
leave_one_type_out_tcga_plus_pan_seer,Pan-cancer TCGA + pan-SEER,PAAD,fold4,seer_20pct,0.023078063738291604,-0.113214218744244,1429720,37,20,1418771.0
leave_one_type_out_tcga_plus_pan_seer,Pan-cancer TCGA + pan-SEER,PAAD,fold5,seer_20pct,0.026017044385138858,-0.12944279374414558,1429721,36,20,1418771.0
leave_one_type_out_tcga_plus_pan_seer,Pan-cancer TCGA + pan-SEER,PCPG,fold1,seer_20pct,0.016603435589474004,-0.04225255283533148,1429667,90,3,1418771.0
leave_one_type_out_tcga_plus_pan_seer,Pan-cancer TCGA + pan-SEER,PCPG,fold2,seer_20pct,0.016232568638084293,0.00626843734424419,1429668,89,3,1418771.0
leave_one_type_out_tcga_plus_pan_seer,Pan-cancer TCGA + pan-SEER,PRAD,fold1,seer_20pct,0.006980862123416813,-0.03655299020189056,1429507,250,5,1418771.0
leave_one_type_out_tcga_plus_pan_seer,Pan-cancer TCGA + pan-SEER,PRAD,fold2,seer_20pct,0.005143442640119214,-0.02294113514845167,1429507,250,5,1418771.0
leave_one_type_out_tcga_plus_pan_seer,Pan-cancer TCGA + pan-SEER,READ,fold1,seer_20pct,0.015604329821075132,-0.1228636605046752,1429724,33,5,1418771.0
leave_one_type_out_tcga_plus_pan_seer,Pan-cancer TCGA + pan-SEER,READ,fold2,seer_20pct,0.020410925057515794,-0.16527714492403076,1429724,33,5,1418771.0
leave_one_type_out_tcga_plus_pan_seer,Pan-cancer TCGA + pan-SEER,READ,fold3,seer_20pct,0.012885277727618046,-0.09979242517861475,1429724,33,5,1418771.0
leave_one_type_out_tcga_plus_pan_seer,Pan-cancer TCGA + pan-SEER,READ,fold4,seer_20pct,0.014824706687013852,-0.11154557821454258,1429724,33,6,1418771.0
leave_one_type_out_tcga_plus_pan_seer,Pan-cancer TCGA + pan-SEER,READ,fold5,seer_20pct,0.020122246659174337,-0.1366815264929551,1429725,32,5,1418771.0
leave_one_type_out_tcga_plus_pan_seer,Pan-cancer TCGA + pan-SEER,SARC,fold1,seer_20pct,0.05793269779169026,-0.12367868157159263,1429704,53,20,1418771.0
leave_one_type_out_tcga_plus_pan_seer,Pan-cancer TCGA + pan-SEER,SARC,fold2,seer_20pct,0.04235823070692239,-0.13818936184376351,1429705,52,19,1418771.0
leave_one_type_out_tcga_plus_pan_seer,Pan-cancer TCGA + pan-SEER,SARC,fold3,seer_20pct,0.05396147975839553,-0.15282782500291464,1429705,52,20,1418771.0
leave_one_type_out_tcga_plus_pan_seer,Pan-cancer TCGA + pan-SEER,SARC,fold4,seer_20pct,0.0625183685201961,-0.14797811199803154,1429705,52,20,1418771.0
leave_one_type_out_tcga_plus_pan_seer,Pan-cancer TCGA + pan-SEER,SARC,fold5,seer_20pct,0.06074823799842332,-0.16951108343900714,1429705,52,20,1418771.0
leave_one_type_out_tcga_plus_pan_seer,Pan-cancer TCGA + pan-SEER,SKCM,fold1,seer_20pct,0.1241749988353742,-0.07233287265029983,1429666,91,43,1418771.0
leave_one_type_out_tcga_plus_pan_seer,Pan-cancer TCGA + pan-SEER,SKCM,fold2,seer_20pct,0.10255690268433722,-0.012761559008884829,1429666,91,43,1418771.0
leave_one_type_out_tcga_plus_pan_seer,Pan-cancer TCGA + pan-SEER,SKCM,fold4,seer_20pct,0.21633535614926927,0.005100799504444725,1429666,91,43,1418771.0
leave_one_type_out_tcga_plus_pan_seer,Pan-cancer TCGA + pan-SEER,SKCM,fold5,seer_20pct,0.08859737324930096,0.003554108603087053,1429667,90,42,1418771.0
leave_one_type_out_tcga_plus_pan_seer,Pan-cancer TCGA + pan-SEER,STAD,fold1,seer_20pct,0.028997411704022237,-0.14489563759938476,1429673,84,34,1418771.0
leave_one_type_out_tcga_plus_pan_seer,Pan-cancer TCGA + pan-SEER,STAD,fold2,seer_20pct,0.034921640908944486,-0.1831381684679113,1429673,84,34,1418771.0
leave_one_type_out_tcga_plus_pan_seer,Pan-cancer TCGA + pan-SEER,STAD,fold3,seer_20pct,0.02206590167390677,-0.16504821637952827,1429674,83,33,1418771.0
leave_one_type_out_tcga_plus_pan_seer,Pan-cancer TCGA + pan-SEER,STAD,fold4,seer_20pct,0.029537092867449845,-0.1603744780422942,1429674,83,33,1418771.0
leave_one_type_out_tcga_plus_pan_seer,Pan-cancer TCGA + pan-SEER,STAD,fold5,seer_20pct,0.029350983329042835,-0.17359591177755915,1429674,83,34,1418771.0
leave_one_type_out_tcga_plus_pan_seer,Pan-cancer TCGA + pan-SEER,TGCT,fold1,seer_20pct,0.030973639849005266,0.017334100419888317,1429690,67,2,1418771.0
leave_one_type_out_tcga_plus_pan_seer,Pan-cancer TCGA + pan-SEER,TGCT,fold2,seer_20pct,0.02397327657437659,0.010333737145259638,1429690,67,2,1418771.0
leave_one_type_out_tcga_plus_pan_seer,Pan-cancer TCGA + pan-SEER,THCA,fold1,seer_20pct,0.007691126480651335,-0.0470186718380108,1429588,169,5,1418771.0
leave_one_type_out_tcga_plus_pan_seer,Pan-cancer TCGA + pan-SEER,THCA,fold2,seer_20pct,0.0060325031461051695,-0.0245070795423779,1429588,169,6,1418771.0
leave_one_type_out_tcga_plus_pan_seer,Pan-cancer TCGA + pan-SEER,THCA,fold3,seer_20pct,0.005229935599600922,-0.03568318836447607,1429589,168,5,1418771.0
leave_one_type_out_tcga_plus_pan_seer,Pan-cancer TCGA + pan-SEER,THYM,fold1,seer_20pct,0.019056270314497425,-0.04430895782214797,1429695,62,5,1418771.0
leave_one_type_out_tcga_plus_pan_seer,Pan-cancer TCGA + pan-SEER,THYM,fold2,seer_20pct,0.020446111761391758,-0.0675093460906028,1429696,61,4,1418771.0
leave_one_type_out_tcga_plus_pan_seer,Pan-cancer TCGA + pan-SEER,UCEC,fold1,seer_20pct,0.02026401597012903,-0.12573562356825982,1429647,110,19,1418771.0
leave_one_type_out_tcga_plus_pan_seer,Pan-cancer TCGA + pan-SEER,UCEC,fold2,seer_20pct,0.023109501838098713,-0.06044068381803586,1429648,109,18,1418771.0
leave_one_type_out_tcga_plus_pan_seer,Pan-cancer TCGA + pan-SEER,UCEC,fold3,seer_20pct,0.04454544385541422,-0.210520018691111,1429648,109,18,1418771.0
leave_one_type_out_tcga_plus_pan_seer,Pan-cancer TCGA + pan-SEER,UCEC,fold4,seer_20pct,0.02157605319942093,-0.153884731317286,1429648,109,18,1418771.0
leave_one_type_out_tcga_plus_pan_seer,Pan-cancer TCGA + pan-SEER,UCEC,fold5,seer_20pct,0.03816487244326168,-0.08670701664734988,1429648,109,18,1418771.0
leave_one_type_out_tcga_plus_pan_seer,Pan-cancer TCGA + pan-SEER,UCS,fold1,seer_20pct,0.04034966859352035,-0.19155140669466417,1429745,12,7,1418771.0
leave_one_type_out_tcga_plus_pan_seer,Pan-cancer TCGA + pan-SEER,UCS,fold2,seer_20pct,0.04425768644660975,-0.058215322747966335,1429746,11,7,1418771.0
leave_one_type_out_tcga_plus_pan_seer,Pan-cancer TCGA + pan-SEER,UCS,fold3,seer_20pct,0.08726539350960957,-0.15967776878736678,1429746,11,7,1418771.0
leave_one_type_out_tcga_plus_pan_seer,Pan-cancer TCGA + pan-SEER,UCS,fold4,seer_20pct,0.052110629964934284,-0.23660275655033383,1429746,11,7,1418771.0
leave_one_type_out_tcga_plus_pan_seer,Pan-cancer TCGA + pan-SEER,UCS,fold5,seer_20pct,0.05426481097223969,-0.14148062444613385,1429746,11,7,1418771.0
leave_one_type_out_tcga_plus_pan_seer,Pan-cancer TCGA + pan-SEER,UVM,fold1,seer_20pct,0.04512511685258067,-0.08428908451640843,1429737,20,6,1418771.0
leave_one_type_out_tcga_plus_pan_seer,Pan-cancer TCGA + pan-SEER,UVM,fold2,seer_20pct,0.029192176096974724,-0.1071315124276139,1429737,20,6,1418771.0
leave_one_type_out_tcga_plus_pan_seer,Pan-cancer TCGA + pan-SEER,UVM,fold3,seer_20pct,0.03576438825599282,-0.15428437240584073,1429737,20,6,1418771.0
leave_one_type_out_tcga_plus_pan_seer,Pan-cancer TCGA + pan-SEER,UVM,fold4,seer_20pct,0.02388845317597424,-0.20005122704473136,1429737,20,5,1418771.0
leave_one_type_out_tcga_plus_pan_seer,Pan-cancer TCGA + pan-SEER,ACC,fold1,seer_50pct,0.03968249923906192,-0.04991545530818567,3557887,19,7,3546920.0
leave_one_type_out_tcga_plus_pan_seer,Pan-cancer TCGA + pan-SEER,ACC,fold2,seer_50pct,0.08670885936669341,-0.13572342342748556,3557888,18,7,3546920.0
leave_one_type_out_tcga_plus_pan_seer,Pan-cancer TCGA + pan-SEER,ACC,fold4,seer_50pct,0.08048585617598719,-0.009269954127850977,3557888,18,6,3546920.0
leave_one_type_out_tcga_plus_pan_seer,Pan-cancer TCGA + pan-SEER,ACC,fold5,seer_50pct,0.05667186580373618,-0.036199430255418705,3557888,18,6,3546920.0
leave_one_type_out_tcga_plus_pan_seer,Pan-cancer TCGA + pan-SEER,BLCA,fold1,seer_50pct,0.04053737356107144,-0.15516417028803636,3557824,82,36,3546920.0
leave_one_type_out_tcga_plus_pan_seer,Pan-cancer TCGA + pan-SEER,BLCA,fold2,seer_50pct,0.04626500988915064,-0.08577472679197182,3557824,82,36,3546920.0
leave_one_type_out_tcga_plus_pan_seer,Pan-cancer TCGA + pan-SEER,BLCA,fold3,seer_50pct,0.03998904462764487,-0.11281947729277168,3557824,82,36,3546920.0
leave_one_type_out_tcga_plus_pan_seer,Pan-cancer TCGA + pan-SEER,BLCA,fold4,seer_50pct,0.04656612020976904,-0.14408189762063772,3557824,82,36,3546920.0
leave_one_type_out_tcga_plus_pan_seer,Pan-cancer TCGA + pan-SEER,BLCA,fold5,seer_50pct,0.051642782997932346,-0.21564805332856823,3557824,82,36,3546920.0
leave_one_type_out_tcga_plus_pan_seer,Pan-cancer TCGA + pan-SEER,BRCA,fold1,seer_50pct,0.04057444928235592,-0.11680582642718504,3557689,217,30,3546920.0
leave_one_type_out_tcga_plus_pan_seer,Pan-cancer TCGA + pan-SEER,BRCA,fold2,seer_50pct,0.03442030013678787,-0.07905685968206191,3557689,217,30,3546920.0
leave_one_type_out_tcga_plus_pan_seer,Pan-cancer TCGA + pan-SEER,BRCA,fold3,seer_50pct,0.03846399225475186,-0.08023986355583303,3557689,217,31,3546920.0
leave_one_type_out_tcga_plus_pan_seer,Pan-cancer TCGA + pan-SEER,BRCA,fold4,seer_50pct,0.032538742896909605,-0.21229599923798192,3557690,216,30,3546920.0
leave_one_type_out_tcga_plus_pan_seer,Pan-cancer TCGA + pan-SEER,BRCA,fold5,seer_50pct,0.05479896355367993,-0.0959055526484613,3557690,216,30,3546920.0
leave_one_type_out_tcga_plus_pan_seer,Pan-cancer TCGA + pan-SEER,CESC,fold1,seer_50pct,0.07593614248238355,-0.07479803431750366,3557847,59,14,3546920.0
leave_one_type_out_tcga_plus_pan_seer,Pan-cancer TCGA + pan-SEER,CESC,fold2,seer_50pct,0.10234203980598094,-0.08229756309248623,3557847,59,14,3546920.0
leave_one_type_out_tcga_plus_pan_seer,Pan-cancer TCGA + pan-SEER,CESC,fold3,seer_50pct,0.05471673423459967,-0.050378130953392795,3557847,59,14,3546920.0
leave_one_type_out_tcga_plus_pan_seer,Pan-cancer TCGA + pan-SEER,CESC,fold4,seer_50pct,0.06135029020611511,-0.24311316567451813,3557847,59,15,3546920.0
leave_one_type_out_tcga_plus_pan_seer,Pan-cancer TCGA + pan-SEER,CESC,fold5,seer_50pct,0.053522804473236756,-0.24318959205755786,3557848,58,14,3546920.0
leave_one_type_out_tcga_plus_pan_seer,Pan-cancer TCGA + pan-SEER,CHOL,fold1,seer_50pct,0.03472069998799867,-0.187511864657033,3557894,12,6,3546920.0
leave_one_type_out_tcga_plus_pan_seer,Pan-cancer TCGA + pan-SEER,CHOL,fold2,seer_50pct,0.049667228995156326,-0.2786346954677782,3557895,11,6,3546920.0
leave_one_type_out_tcga_plus_pan_seer,Pan-cancer TCGA + pan-SEER,CHOL,fold3,seer_50pct,0.03839030794725269,-0.19258985636776998,3557895,11,5,3546920.0
leave_one_type_out_tcga_plus_pan_seer,Pan-cancer TCGA + pan-SEER,CHOL,fold4,seer_50pct,0.04703150382085255,-0.3611867226827988,3557895,11,5,3546920.0
leave_one_type_out_tcga_plus_pan_seer,Pan-cancer TCGA + pan-SEER,COAD,fold1,seer_50pct,0.02524047824066729,-0.18603450921882742,3557817,89,20,3546920.0
leave_one_type_out_tcga_plus_pan_seer,Pan-cancer TCGA + pan-SEER,COAD,fold2,seer_50pct,0.02930869962509318,-0.1710467569394697,3557817,89,20,3546920.0
leave_one_type_out_tcga_plus_pan_seer,Pan-cancer TCGA + pan-SEER,COAD,fold3,seer_50pct,0.03052515029516914,-0.16936650328205602,3557818,88,19,3546920.0
leave_one_type_out_tcga_plus_pan_seer,Pan-cancer TCGA + pan-SEER,COAD,fold4,seer_50pct,0.029416196006066965,-0.24022467785645576,3557818,88,19,3546920.0
leave_one_type_out_tcga_plus_pan_seer,Pan-cancer TCGA + pan-SEER,COAD,fold5,seer_50pct,0.022519931943596163,-0.08577035084652515,3557818,88,20,3546920.0
leave_one_type_out_tcga_plus_pan_seer,Pan-cancer TCGA + pan-SEER,DLBC,fold1,seer_50pct,0.13031053230816345,-0.039722568995794016,3557882,24,5,3546920.0
leave_one_type_out_tcga_plus_pan_seer,Pan-cancer TCGA + pan-SEER,DLBC,fold2,seer_50pct,0.07510690699314146,-0.1340206336841173,3557883,23,4,3546920.0
leave_one_type_out_tcga_plus_pan_seer,Pan-cancer TCGA + pan-SEER,ESCA,fold1,seer_50pct,0.021249752953925928,-0.22477980066746175,3557869,37,16,3546920.0
leave_one_type_out_tcga_plus_pan_seer,Pan-cancer TCGA + pan-SEER,ESCA,fold2,seer_50pct,0.017484746841858204,-0.11451272684664905,3557869,37,16,3546920.0
leave_one_type_out_tcga_plus_pan_seer,Pan-cancer TCGA + pan-SEER,ESCA,fold3,seer_50pct,0.028449304290972633,-0.10623968662200702,3557869,37,15,3546920.0
leave_one_type_out_tcga_plus_pan_seer,Pan-cancer TCGA + pan-SEER,ESCA,fold4,seer_50pct,0.03094205945442203,-0.1252769483233897,3557869,37,15,3546920.0
leave_one_type_out_tcga_plus_pan_seer,Pan-cancer TCGA + pan-SEER,ESCA,fold5,seer_50pct,0.03640336167325459,-0.15259666992538615,3557869,37,15,3546920.0
leave_one_type_out_tcga_plus_pan_seer,Pan-cancer TCGA + pan-SEER,GBM,fold1,seer_50pct,0.0392578263764554,-0.01902715036562267,3557787,119,99,3546920.0
leave_one_type_out_tcga_plus_pan_seer,Pan-cancer TCGA + pan-SEER,GBM,fold2,seer_50pct,0.04690020805983895,-0.035603977178672364,3557787,119,98,3546920.0
leave_one_type_out_tcga_plus_pan_seer,Pan-cancer TCGA + pan-SEER,GBM,fold3,seer_50pct,0.04586988261769029,-0.03057371600719147,3557787,119,98,3546920.0
leave_one_type_out_tcga_plus_pan_seer,Pan-cancer TCGA + pan-SEER,GBM,fold4,seer_50pct,0.03279169499369729,-0.03210551110367467,3557787,119,98,3546920.0
leave_one_type_out_tcga_plus_pan_seer,Pan-cancer TCGA + pan-SEER,GBM,fold5,seer_50pct,0.0680515874688134,-0.020795665416964634,3557787,119,98,3546920.0
leave_one_type_out_tcga_plus_pan_seer,Pan-cancer TCGA + pan-SEER,HNSC,fold3,seer_50pct,0.05688882430588723,-0.10184426224011867,3557801,105,44,3546920.0
leave_one_type_out_tcga_plus_pan_seer,Pan-cancer TCGA + pan-SEER,HNSC,fold5,seer_50pct,0.0614136724182212,-0.1288766449999773,3557801,105,45,3546920.0
leave_one_type_out_tcga_plus_pan_seer,Pan-cancer TCGA + pan-SEER,KICH,fold2,seer_50pct,0.028524727272139828,-0.08266329494020874,3557850,56,6,3546920.0
leave_one_type_out_tcga_plus_pan_seer,Pan-cancer TCGA + pan-SEER,KIRC,fold2,seer_50pct,0.053624917699528915,-0.06726076396032579,3557799,107,35,3546920.0
leave_one_type_out_tcga_plus_pan_seer,Pan-cancer TCGA + pan-SEER,KIRC,fold4,seer_50pct,0.051922715263587466,-0.04174956320361484,3557799,107,36,3546920.0
leave_one_type_out_tcga_plus_pan_seer,Pan-cancer TCGA + pan-SEER,KIRP,fold1,seer_50pct,0.03652134216330993,-0.17118956273362299,3557848,58,9,3546920.0
leave_one_type_out_tcga_plus_pan_seer,Pan-cancer TCGA + pan-SEER,KIRP,fold2,seer_50pct,0.028132971290424382,-0.1668979120666508,3557848,58,9,3546920.0
leave_one_type_out_tcga_plus_pan_seer,Pan-cancer TCGA + pan-SEER,KIRP,fold3,seer_50pct,0.024802316268748292,-0.09822294529253082,3557848,58,9,3546920.0
leave_one_type_out_tcga_plus_pan_seer,Pan-cancer TCGA + pan-SEER,KIRP,fold4,seer_50pct,0.02765387096601814,-0.12355044684993326,3557849,57,8,3546920.0
leave_one_type_out_tcga_plus_pan_seer,Pan-cancer TCGA + pan-SEER,KIRP,fold5,seer_50pct,0.022832718329956207,-0.11248067408810031,3557849,57,9,3546920.0
leave_one_type_out_tcga_plus_pan_seer,Pan-cancer TCGA + pan-SEER,LAML,fold3,seer_50pct,0.08094344825989613,-0.13600687193314734,3557871,35,22,3546920.0
leave_one_type_out_tcga_plus_pan_seer,Pan-cancer TCGA + pan-SEER,LAML,fold4,seer_50pct,0.06960160037746065,-0.0785839013858995,3557872,34,21,3546920.0
leave_one_type_out_tcga_plus_pan_seer,Pan-cancer TCGA + pan-SEER,LAML,fold5,seer_50pct,0.043237136192895195,-0.21339192633559018,3557872,34,21,3546920.0
leave_one_type_out_tcga_plus_pan_seer,Pan-cancer TCGA + pan-SEER,LGG,fold1,seer_50pct,0.04226086772973146,-0.12283753522076098,3557803,103,25,3546920.0
leave_one_type_out_tcga_plus_pan_seer,Pan-cancer TCGA + pan-SEER,LGG,fold2,seer_50pct,0.030301401736949368,-0.14413725749409564,3557804,102,25,3546920.0
leave_one_type_out_tcga_plus_pan_seer,Pan-cancer TCGA + pan-SEER,LGG,fold5,seer_50pct,0.033355933652356104,-0.06760419162655712,3557804,102,25,3546920.0
leave_one_type_out_tcga_plus_pan_seer,Pan-cancer TCGA + pan-SEER,LIHC,fold2,seer_50pct,0.0386174513960771,-0.19109922255944062,3557832,74,27,3546920.0
leave_one_type_out_tcga_plus_pan_seer,Pan-cancer TCGA + pan-SEER,LIHC,fold3,seer_50pct,0.03194679429011966,-0.22178702968107106,3557832,74,26,3546920.0
leave_one_type_out_tcga_plus_pan_seer,Pan-cancer TCGA + pan-SEER,LIHC,fold5,seer_50pct,0.03887357618450781,-0.12716461772750431,3557832,74,26,3546920.0
leave_one_type_out_tcga_plus_pan_seer,Pan-cancer TCGA + pan-SEER,LUAD,fold2,seer_50pct,0.048300901194055355,-0.0989929569856815,3557804,102,37,3546920.0
leave_one_type_out_tcga_plus_pan_seer,Pan-cancer TCGA + pan-SEER,LUAD,fold3,seer_50pct,0.09326394140060339,-0.03485092276456349,3557804,102,37,3546920.0
leave_one_type_out_tcga_plus_pan_seer,Pan-cancer TCGA + pan-SEER,LUSC,fold2,seer_50pct,0.0366678769844843,-0.086355710068642,3557806,100,43,3546920.0
leave_one_type_out_tcga_plus_pan_seer,Pan-cancer TCGA + pan-SEER,LUSC,fold3,seer_50pct,0.04110510060424542,-0.08262459824567418,3557807,99,43,3546920.0
leave_one_type_out_tcga_plus_pan_seer,Pan-cancer TCGA + pan-SEER,LUSC,fold4,seer_50pct,0.050046825552550536,-0.13051335686456061,3557807,99,43,3546920.0
leave_one_type_out_tcga_plus_pan_seer,Pan-cancer TCGA + pan-SEER,LUSC,fold5,seer_50pct,0.06246979197305049,-0.2969985303824302,3557807,99,43,3546920.0
leave_one_type_out_tcga_plus_pan_seer,Pan-cancer TCGA + pan-SEER,MESO,fold1,seer_50pct,0.05561457985225051,-0.02526546583646399,3557889,17,15,3546920.0
leave_one_type_out_tcga_plus_pan_seer,Pan-cancer TCGA + pan-SEER,MESO,fold2,seer_50pct,0.056284328203652485,-0.2035771762440431,3557889,17,15,3546920.0
leave_one_type_out_tcga_plus_pan_seer,Pan-cancer TCGA + pan-SEER,MESO,fold3,seer_50pct,0.06861887538669066,-0.04783845619318483,3557889,17,15,3546920.0
leave_one_type_out_tcga_plus_pan_seer,Pan-cancer TCGA + pan-SEER,MESO,fold4,seer_50pct,0.05063394795389751,-0.07136995528398232,3557889,17,14,3546920.0
leave_one_type_out_tcga_plus_pan_seer,Pan-cancer TCGA + pan-SEER,OV,fold1,seer_50pct,0.057687597179171136,-0.0973584461311279,3557789,117,70,3546920.0
leave_one_type_out_tcga_plus_pan_seer,Pan-cancer TCGA + pan-SEER,OV,fold2,seer_50pct,0.052392561334429835,-0.08203236513739189,3557789,117,70,3546920.0
leave_one_type_out_tcga_plus_pan_seer,Pan-cancer TCGA + pan-SEER,OV,fold3,seer_50pct,0.05807374712090089,-0.05696877357354827,3557790,116,70,3546920.0
leave_one_type_out_tcga_plus_pan_seer,Pan-cancer TCGA + pan-SEER,OV,fold4,seer_50pct,0.04970840106631803,-0.0809750722447054,3557790,116,69,3546920.0
leave_one_type_out_tcga_plus_pan_seer,Pan-cancer TCGA + pan-SEER,OV,fold5,seer_50pct,0.06912912195174328,-0.1579089235893583,3557790,116,69,3546920.0
leave_one_type_out_tcga_plus_pan_seer,Pan-cancer TCGA + pan-SEER,PAAD,fold1,seer_50pct,0.022633014463454344,-0.13031612800581618,3557869,37,20,3546920.0
leave_one_type_out_tcga_plus_pan_seer,Pan-cancer TCGA + pan-SEER,PAAD,fold2,seer_50pct,0.041281710649184955,-0.4071967231347948,3557869,37,20,3546920.0
leave_one_type_out_tcga_plus_pan_seer,Pan-cancer TCGA + pan-SEER,PAAD,fold3,seer_50pct,0.023215670210379125,-0.07533423228683618,3557869,37,20,3546920.0
leave_one_type_out_tcga_plus_pan_seer,Pan-cancer TCGA + pan-SEER,PAAD,fold5,seer_50pct,0.025703573135905183,-0.12975626499337925,3557870,36,20,3546920.0
leave_one_type_out_tcga_plus_pan_seer,Pan-cancer TCGA + pan-SEER,PCPG,fold1,seer_50pct,0.02276073815241023,-0.036095250272395255,3557816,90,3,3546920.0
leave_one_type_out_tcga_plus_pan_seer,Pan-cancer TCGA + pan-SEER,PCPG,fold2,seer_50pct,0.015411483605719268,0.005447352311879166,3557817,89,3,3546920.0
leave_one_type_out_tcga_plus_pan_seer,Pan-cancer TCGA + pan-SEER,PRAD,fold1,seer_50pct,0.007849673033492207,-0.035684179291815166,3557656,250,5,3546920.0
leave_one_type_out_tcga_plus_pan_seer,Pan-cancer TCGA + pan-SEER,PRAD,fold2,seer_50pct,0.007791405825804111,-0.02029317196276677,3557656,250,5,3546920.0
leave_one_type_out_tcga_plus_pan_seer,Pan-cancer TCGA + pan-SEER,READ,fold1,seer_50pct,0.016409477544160226,-0.1220585127815901,3557873,33,5,3546920.0
leave_one_type_out_tcga_plus_pan_seer,Pan-cancer TCGA + pan-SEER,READ,fold2,seer_50pct,0.022599581696116297,-0.16308848828543027,3557873,33,5,3546920.0
leave_one_type_out_tcga_plus_pan_seer,Pan-cancer TCGA + pan-SEER,READ,fold3,seer_50pct,0.013184702329762658,-0.09949300057647015,3557873,33,5,3546920.0
leave_one_type_out_tcga_plus_pan_seer,Pan-cancer TCGA + pan-SEER,READ,fold4,seer_50pct,0.015956809904360478,-0.11041347499719596,3557873,33,6,3546920.0
leave_one_type_out_tcga_plus_pan_seer,Pan-cancer TCGA + pan-SEER,READ,fold5,seer_50pct,0.02295656721653678,-0.13384720593559266,3557874,32,5,3546920.0
leave_one_type_out_tcga_plus_pan_seer,Pan-cancer TCGA + pan-SEER,SARC,fold2,seer_50pct,0.0411260938521147,-0.13942149869857118,3557854,52,19,3546920.0
leave_one_type_out_tcga_plus_pan_seer,Pan-cancer TCGA + pan-SEER,SARC,fold3,seer_50pct,0.057431681793525174,-0.149357622967785,3557854,52,20,3546920.0
leave_one_type_out_tcga_plus_pan_seer,Pan-cancer TCGA + pan-SEER,SARC,fold4,seer_50pct,0.07872201119275472,-0.13177446932547293,3557854,52,20,3546920.0
leave_one_type_out_tcga_plus_pan_seer,Pan-cancer TCGA + pan-SEER,SARC,fold5,seer_50pct,0.0780903831333154,-0.15216893830411507,3557854,52,20,3546920.0
leave_one_type_out_tcga_plus_pan_seer,Pan-cancer TCGA + pan-SEER,SKCM,fold1,seer_50pct,0.1345791885543512,-0.06192868293132284,3557815,91,43,3546920.0
leave_one_type_out_tcga_plus_pan_seer,Pan-cancer TCGA + pan-SEER,SKCM,fold2,seer_50pct,0.1446526377477204,0.02933417605449834,3557815,91,43,3546920.0
leave_one_type_out_tcga_plus_pan_seer,Pan-cancer TCGA + pan-SEER,SKCM,fold4,seer_50pct,0.23358652855110001,0.02235197190627547,3557815,91,43,3546920.0
leave_one_type_out_tcga_plus_pan_seer,Pan-cancer TCGA + pan-SEER,STAD,fold1,seer_50pct,0.033795377982501,-0.140097671320906,3557822,84,34,3546920.0
leave_one_type_out_tcga_plus_pan_seer,Pan-cancer TCGA + pan-SEER,STAD,fold2,seer_50pct,0.036561193964055834,-0.18149861541279996,3557822,84,34,3546920.0
leave_one_type_out_tcga_plus_pan_seer,Pan-cancer TCGA + pan-SEER,STAD,fold3,seer_50pct,0.025334880980743858,-0.16177923707269118,3557823,83,33,3546920.0
leave_one_type_out_tcga_plus_pan_seer,Pan-cancer TCGA + pan-SEER,STAD,fold4,seer_50pct,0.028401875333441826,-0.16150969557630224,3557823,83,33,3546920.0
leave_one_type_out_tcga_plus_pan_seer,Pan-cancer TCGA + pan-SEER,STAD,fold5,seer_50pct,0.02580227957091846,-0.17714461553568353,3557823,83,34,3546920.0
leave_one_type_out_tcga_plus_pan_seer,Pan-cancer TCGA + pan-SEER,TGCT,fold1,seer_50pct,0.013331460589948494,-0.00030807883916845677,3557839,67,2,3546920.0
leave_one_type_out_tcga_plus_pan_seer,Pan-cancer TCGA + pan-SEER,TGCT,fold2,seer_50pct,0.017539368448741027,0.0038998290196240754,3557839,67,2,3546920.0
leave_one_type_out_tcga_plus_pan_seer,Pan-cancer TCGA + pan-SEER,THCA,fold2,seer_50pct,0.006725475225373863,-0.023814107463109208,3557737,169,6,3546920.0
leave_one_type_out_tcga_plus_pan_seer,Pan-cancer TCGA + pan-SEER,THCA,fold3,seer_50pct,0.005317339506652633,-0.03559578445742436,3557738,168,5,3546920.0
leave_one_type_out_tcga_plus_pan_seer,Pan-cancer TCGA + pan-SEER,THYM,fold1,seer_50pct,0.01930513448245896,-0.044060093654186436,3557844,62,5,3546920.0
leave_one_type_out_tcga_plus_pan_seer,Pan-cancer TCGA + pan-SEER,THYM,fold2,seer_50pct,0.02521986590949906,-0.0627355919424955,3557845,61,4,3546920.0
leave_one_type_out_tcga_plus_pan_seer,Pan-cancer TCGA + pan-SEER,UCEC,fold1,seer_50pct,0.022179920457918396,-0.12381971908047046,3557796,110,19,3546920.0
leave_one_type_out_tcga_plus_pan_seer,Pan-cancer TCGA + pan-SEER,UCEC,fold2,seer_50pct,0.022845151154293593,-0.06070503450184098,3557797,109,18,3546920.0
leave_one_type_out_tcga_plus_pan_seer,Pan-cancer TCGA + pan-SEER,UCEC,fold4,seer_50pct,0.021285056410384758,-0.15417572810632219,3557797,109,18,3546920.0
leave_one_type_out_tcga_plus_pan_seer,Pan-cancer TCGA + pan-SEER,UCEC,fold5,seer_50pct,0.02799495436579345,-0.0968769347248181,3557797,109,18,3546920.0
leave_one_type_out_tcga_plus_pan_seer,Pan-cancer TCGA + pan-SEER,UCS,fold1,seer_50pct,0.06306355408727635,-0.16883752120090817,3557894,12,7,3546920.0
leave_one_type_out_tcga_plus_pan_seer,Pan-cancer TCGA + pan-SEER,UCS,fold2,seer_50pct,0.04549414044454435,-0.05697886875003173,3557895,11,7,3546920.0
leave_one_type_out_tcga_plus_pan_seer,Pan-cancer TCGA + pan-SEER,UCS,fold3,seer_50pct,0.10608816954283075,-0.1408549927541456,3557895,11,7,3546920.0
leave_one_type_out_tcga_plus_pan_seer,Pan-cancer TCGA + pan-SEER,UCS,fold4,seer_50pct,0.051778264501250816,-0.2369351220140173,3557895,11,7,3546920.0
leave_one_type_out_tcga_plus_pan_seer,Pan-cancer TCGA + pan-SEER,UCS,fold5,seer_50pct,0.04966610750731192,-0.1460793279110616,3557895,11,7,3546920.0
leave_one_type_out_tcga_plus_pan_seer,Pan-cancer TCGA + pan-SEER,UVM,fold1,seer_50pct,0.030161494383952762,-0.09925270698503633,3557886,20,6,3546920.0
leave_one_type_out_tcga_plus_pan_seer,Pan-cancer TCGA + pan-SEER,UVM,fold2,seer_50pct,0.03297681820313704,-0.10334687032145158,3557886,20,6,3546920.0
leave_one_type_out_tcga_plus_pan_seer,Pan-cancer TCGA + pan-SEER,UVM,fold3,seer_50pct,0.02605120359829228,-0.16399755706354127,3557886,20,6,3546920.0
leave_one_type_out_tcga_plus_pan_seer,Pan-cancer TCGA + pan-SEER,UVM,fold4,seer_50pct,0.03056201666989059,-0.193377663550815,3557886,20,5,3546920.0
leave_one_type_out_tcga_plus_pan_seer,Pan-cancer TCGA + pan-SEER,ACC,fold1,seer_n001k_00pct,0.10606864757396701,0.016470693026719427,11966,19,7,999.0
leave_one_type_out_tcga_plus_pan_seer,Pan-cancer TCGA + pan-SEER,ACC,fold2,seer_n001k_00pct,0.13720641538933276,-0.0852258674048462,11967,18,7,999.0
leave_one_type_out_tcga_plus_pan_seer,Pan-cancer TCGA + pan-SEER,ACC,fold3,seer_n001k_00pct,0.05615477990844997,-0.10015599970452971,11967,18,7,999.0
leave_one_type_out_tcga_plus_pan_seer,Pan-cancer TCGA + pan-SEER,ACC,fold4,seer_n001k_00pct,0.05296329272859444,-0.03679251757524373,11967,18,6,999.0
leave_one_type_out_tcga_plus_pan_seer,Pan-cancer TCGA + pan-SEER,ACC,fold5,seer_n001k_00pct,0.1761074526512377,0.08323615659208282,11967,18,6,999.0
leave_one_type_out_tcga_plus_pan_seer,Pan-cancer TCGA + pan-SEER,BLCA,fold1,seer_n001k_00pct,0.047393791710113244,-0.14830775213899458,11903,82,36,999.0
leave_one_type_out_tcga_plus_pan_seer,Pan-cancer TCGA + pan-SEER,BLCA,fold2,seer_n001k_00pct,0.09238165378191684,-0.03965808289920561,11903,82,36,999.0
leave_one_type_out_tcga_plus_pan_seer,Pan-cancer TCGA + pan-SEER,BLCA,fold3,seer_n001k_00pct,0.07723419707608221,-0.07557432484433434,11903,82,36,999.0
leave_one_type_out_tcga_plus_pan_seer,Pan-cancer TCGA + pan-SEER,BLCA,fold4,seer_n001k_00pct,0.09226134282472172,-0.09838667500568503,11903,82,36,999.0
leave_one_type_out_tcga_plus_pan_seer,Pan-cancer TCGA + pan-SEER,BLCA,fold5,seer_n001k_00pct,0.15239754192546595,-0.11489329440103463,11903,82,36,999.0
leave_one_type_out_tcga_plus_pan_seer,Pan-cancer TCGA + pan-SEER,BRCA,fold1,seer_n001k_00pct,0.10811228886555667,-0.0492679868439843,11768,217,30,999.0
leave_one_type_out_tcga_plus_pan_seer,Pan-cancer TCGA + pan-SEER,BRCA,fold2,seer_n001k_00pct,0.07927332540897407,-0.034203834409875705,11768,217,30,999.0
leave_one_type_out_tcga_plus_pan_seer,Pan-cancer TCGA + pan-SEER,BRCA,fold3,seer_n001k_00pct,0.0821283744086777,-0.03657548140190718,11768,217,31,999.0
leave_one_type_out_tcga_plus_pan_seer,Pan-cancer TCGA + pan-SEER,BRCA,fold4,seer_n001k_00pct,0.10183012070660713,-0.1430046214282844,11769,216,30,999.0
leave_one_type_out_tcga_plus_pan_seer,Pan-cancer TCGA + pan-SEER,BRCA,fold5,seer_n001k_00pct,0.06917904752980575,-0.08152546867233548,11769,216,30,999.0
leave_one_type_out_tcga_plus_pan_seer,Pan-cancer TCGA + pan-SEER,CESC,fold1,seer_n001k_00pct,0.11479402899572583,-0.03594014780416138,11926,59,14,999.0
leave_one_type_out_tcga_plus_pan_seer,Pan-cancer TCGA + pan-SEER,CESC,fold2,seer_n001k_00pct,0.12835097196650902,-0.056288630931958156,11926,59,14,999.0
leave_one_type_out_tcga_plus_pan_seer,Pan-cancer TCGA + pan-SEER,CESC,fold3,seer_n001k_00pct,0.08150821204139484,-0.023586653146597622,11926,59,14,999.0
leave_one_type_out_tcga_plus_pan_seer,Pan-cancer TCGA + pan-SEER,CESC,fold4,seer_n001k_00pct,0.12301134564715753,-0.18145211023347568,11926,59,15,999.0
leave_one_type_out_tcga_plus_pan_seer,Pan-cancer TCGA + pan-SEER,CESC,fold5,seer_n001k_00pct,0.18234053327890742,-0.1143718632518872,11927,58,14,999.0
leave_one_type_out_tcga_plus_pan_seer,Pan-cancer TCGA + pan-SEER,CHOL,fold1,seer_n001k_00pct,0.031077577460494853,-0.19115498718453683,11973,12,6,999.0
leave_one_type_out_tcga_plus_pan_seer,Pan-cancer TCGA + pan-SEER,CHOL,fold2,seer_n001k_00pct,0.056745087407962656,-0.27155683705497186,11974,11,6,999.0
leave_one_type_out_tcga_plus_pan_seer,Pan-cancer TCGA + pan-SEER,CHOL,fold3,seer_n001k_00pct,0.03622527001556784,-0.19475489429945486,11974,11,5,999.0
leave_one_type_out_tcga_plus_pan_seer,Pan-cancer TCGA + pan-SEER,CHOL,fold4,seer_n001k_00pct,0.04359813016780158,-0.36462009633584974,11974,11,5,999.0
leave_one_type_out_tcga_plus_pan_seer,Pan-cancer TCGA + pan-SEER,COAD,fold1,seer_n001k_00pct,0.09684426536375769,-0.11443072209573703,11896,89,20,999.0
leave_one_type_out_tcga_plus_pan_seer,Pan-cancer TCGA + pan-SEER,COAD,fold2,seer_n001k_00pct,0.088958064306574,-0.11139739225798888,11896,89,20,999.0
leave_one_type_out_tcga_plus_pan_seer,Pan-cancer TCGA + pan-SEER,COAD,fold3,seer_n001k_00pct,0.11696835211425839,-0.08292330146296677,11897,88,19,999.0
leave_one_type_out_tcga_plus_pan_seer,Pan-cancer TCGA + pan-SEER,COAD,fold4,seer_n001k_00pct,0.06499901845899432,-0.20464185540352842,11897,88,19,999.0
leave_one_type_out_tcga_plus_pan_seer,Pan-cancer TCGA + pan-SEER,COAD,fold5,seer_n001k_00pct,0.031173036885759967,-0.07711724590436135,11897,88,20,999.0
leave_one_type_out_tcga_plus_pan_seer,Pan-cancer TCGA + pan-SEER,DLBC,fold1,seer_n001k_00pct,0.07948770857208567,-0.09054539273187179,11961,24,5,999.0
leave_one_type_out_tcga_plus_pan_seer,Pan-cancer TCGA + pan-SEER,DLBC,fold2,seer_n001k_00pct,0.1580367331315347,-0.05109080754572404,11962,23,4,999.0
leave_one_type_out_tcga_plus_pan_seer,Pan-cancer TCGA + pan-SEER,ESCA,fold1,seer_n001k_00pct,0.04066407277747548,-0.2053654808439122,11948,37,16,999.0
leave_one_type_out_tcga_plus_pan_seer,Pan-cancer TCGA + pan-SEER,ESCA,fold2,seer_n001k_00pct,0.020625187548792046,-0.11137228613971521,11948,37,16,999.0
leave_one_type_out_tcga_plus_pan_seer,Pan-cancer TCGA + pan-SEER,ESCA,fold3,seer_n001k_00pct,0.019321721604619604,-0.11536726930836004,11948,37,15,999.0
leave_one_type_out_tcga_plus_pan_seer,Pan-cancer TCGA + pan-SEER,ESCA,fold4,seer_n001k_00pct,0.024320755111727987,-0.13189825266608374,11948,37,15,999.0
leave_one_type_out_tcga_plus_pan_seer,Pan-cancer TCGA + pan-SEER,ESCA,fold5,seer_n001k_00pct,0.025935514582459723,-0.16306451701618102,11948,37,15,999.0
leave_one_type_out_tcga_plus_pan_seer,Pan-cancer TCGA + pan-SEER,GBM,fold1,seer_n001k_00pct,0.0267459579987585,-0.03153901874331957,11866,119,99,999.0
leave_one_type_out_tcga_plus_pan_seer,Pan-cancer TCGA + pan-SEER,GBM,fold2,seer_n001k_00pct,0.040061281482406605,-0.04244290375610471,11866,119,98,999.0
leave_one_type_out_tcga_plus_pan_seer,Pan-cancer TCGA + pan-SEER,GBM,fold3,seer_n001k_00pct,0.0343509972168463,-0.04209260140803546,11866,119,98,999.0
leave_one_type_out_tcga_plus_pan_seer,Pan-cancer TCGA + pan-SEER,GBM,fold4,seer_n001k_00pct,0.0544839442233085,-0.010413261874063454,11866,119,98,999.0
leave_one_type_out_tcga_plus_pan_seer,Pan-cancer TCGA + pan-SEER,GBM,fold5,seer_n001k_00pct,0.04572657594745005,-0.04312067693832799,11866,119,98,999.0
leave_one_type_out_tcga_plus_pan_seer,Pan-cancer TCGA + pan-SEER,HNSC,fold3,seer_n001k_00pct,0.12687041487644887,-0.03186267166955703,11880,105,44,999.0
leave_one_type_out_tcga_plus_pan_seer,Pan-cancer TCGA + pan-SEER,HNSC,fold5,seer_n001k_00pct,0.08912035880371293,-0.10116995861448559,11880,105,45,999.0
leave_one_type_out_tcga_plus_pan_seer,Pan-cancer TCGA + pan-SEER,KICH,fold2,seer_n001k_00pct,0.0628891313416208,-0.048298890870727765,11929,56,6,999.0
leave_one_type_out_tcga_plus_pan_seer,Pan-cancer TCGA + pan-SEER,KIRC,fold2,seer_n001k_00pct,0.06713317782381498,-0.05375250383603973,11878,107,35,999.0
leave_one_type_out_tcga_plus_pan_seer,Pan-cancer TCGA + pan-SEER,KIRC,fold4,seer_n001k_00pct,0.06737770281952417,-0.026294575647678134,11878,107,36,999.0
leave_one_type_out_tcga_plus_pan_seer,Pan-cancer TCGA + pan-SEER,KIRP,fold1,seer_n001k_00pct,0.14822784638160144,-0.05948305851533148,11927,58,9,999.0
leave_one_type_out_tcga_plus_pan_seer,Pan-cancer TCGA + pan-SEER,KIRP,fold2,seer_n001k_00pct,0.10504849739979787,-0.08998238595727732,11927,58,9,999.0
leave_one_type_out_tcga_plus_pan_seer,Pan-cancer TCGA + pan-SEER,KIRP,fold3,seer_n001k_00pct,0.039616420949468954,-0.08340884061181017,11927,58,9,999.0
leave_one_type_out_tcga_plus_pan_seer,Pan-cancer TCGA + pan-SEER,KIRP,fold4,seer_n001k_00pct,0.057522443692277624,-0.09368187412367376,11928,57,8,999.0
leave_one_type_out_tcga_plus_pan_seer,Pan-cancer TCGA + pan-SEER,KIRP,fold5,seer_n001k_00pct,0.03004490837289696,-0.10526848404515955,11928,57,9,999.0
leave_one_type_out_tcga_plus_pan_seer,Pan-cancer TCGA + pan-SEER,LAML,fold3,seer_n001k_00pct,0.03770633519735269,-0.17924398499569077,11950,35,22,999.0
leave_one_type_out_tcga_plus_pan_seer,Pan-cancer TCGA + pan-SEER,LAML,fold4,seer_n001k_00pct,0.027693435509767442,-0.12049206625359271,11951,34,21,999.0
leave_one_type_out_tcga_plus_pan_seer,Pan-cancer TCGA + pan-SEER,LAML,fold5,seer_n001k_00pct,0.049686344092802676,-0.2069427184356827,11951,34,21,999.0
leave_one_type_out_tcga_plus_pan_seer,Pan-cancer TCGA + pan-SEER,LGG,fold1,seer_n001k_00pct,0.10056060028401047,-0.06453780266648197,11882,103,25,999.0
leave_one_type_out_tcga_plus_pan_seer,Pan-cancer TCGA + pan-SEER,LGG,fold2,seer_n001k_00pct,0.09414516655514027,-0.08029349267590474,11883,102,25,999.0
leave_one_type_out_tcga_plus_pan_seer,Pan-cancer TCGA + pan-SEER,LGG,fold5,seer_n001k_00pct,0.05545621471845739,-0.045503910560455836,11883,102,25,999.0
leave_one_type_out_tcga_plus_pan_seer,Pan-cancer TCGA + pan-SEER,LIHC,fold2,seer_n001k_00pct,0.05057393486064798,-0.17914273909486975,11911,74,27,999.0
leave_one_type_out_tcga_plus_pan_seer,Pan-cancer TCGA + pan-SEER,LIHC,fold3,seer_n001k_00pct,0.04197499007985713,-0.21175883389133357,11911,74,26,999.0
leave_one_type_out_tcga_plus_pan_seer,Pan-cancer TCGA + pan-SEER,LIHC,fold5,seer_n001k_00pct,0.046184124116217945,-0.11985406979579419,11911,74,26,999.0
leave_one_type_out_tcga_plus_pan_seer,Pan-cancer TCGA + pan-SEER,LUAD,fold2,seer_n001k_00pct,0.08924731036737163,-0.058046547812365235,11883,102,37,999.0
leave_one_type_out_tcga_plus_pan_seer,Pan-cancer TCGA + pan-SEER,LUAD,fold3,seer_n001k_00pct,0.04803683342819183,-0.08007803073697504,11883,102,37,999.0
leave_one_type_out_tcga_plus_pan_seer,Pan-cancer TCGA + pan-SEER,LUSC,fold2,seer_n001k_00pct,0.0834470547902756,-0.0395765322628507,11885,100,43,999.0
leave_one_type_out_tcga_plus_pan_seer,Pan-cancer TCGA + pan-SEER,LUSC,fold3,seer_n001k_00pct,0.11398802601544418,-0.009741672834475426,11886,99,43,999.0
leave_one_type_out_tcga_plus_pan_seer,Pan-cancer TCGA + pan-SEER,LUSC,fold4,seer_n001k_00pct,0.1411670023163207,-0.03939318010079043,11886,99,43,999.0
leave_one_type_out_tcga_plus_pan_seer,Pan-cancer TCGA + pan-SEER,LUSC,fold5,seer_n001k_00pct,0.272820474787115,-0.08664784756836563,11886,99,43,999.0
leave_one_type_out_tcga_plus_pan_seer,Pan-cancer TCGA + pan-SEER,MESO,fold1,seer_n001k_00pct,0.030840452451406354,-0.050039593237308146,11968,17,15,999.0
leave_one_type_out_tcga_plus_pan_seer,Pan-cancer TCGA + pan-SEER,MESO,fold2,seer_n001k_00pct,0.07216486427387857,-0.187696640173817,11968,17,15,999.0
leave_one_type_out_tcga_plus_pan_seer,Pan-cancer TCGA + pan-SEER,MESO,fold3,seer_n001k_00pct,0.0463673719477635,-0.070089959632112,11968,17,15,999.0
leave_one_type_out_tcga_plus_pan_seer,Pan-cancer TCGA + pan-SEER,MESO,fold4,seer_n001k_00pct,0.03410239668910937,-0.08790150654877046,11968,17,14,999.0
leave_one_type_out_tcga_plus_pan_seer,Pan-cancer TCGA + pan-SEER,OV,fold1,seer_n001k_00pct,0.15879008694962615,0.0037440436393271215,11868,117,70,999.0
leave_one_type_out_tcga_plus_pan_seer,Pan-cancer TCGA + pan-SEER,OV,fold2,seer_n001k_00pct,0.12776945966604217,-0.006655466805779553,11868,117,70,999.0
leave_one_type_out_tcga_plus_pan_seer,Pan-cancer TCGA + pan-SEER,OV,fold3,seer_n001k_00pct,0.1078608668815242,-0.00718165381292496,11869,116,70,999.0
leave_one_type_out_tcga_plus_pan_seer,Pan-cancer TCGA + pan-SEER,OV,fold4,seer_n001k_00pct,0.09215847617517324,-0.038524997135850184,11869,116,69,999.0
leave_one_type_out_tcga_plus_pan_seer,Pan-cancer TCGA + pan-SEER,OV,fold5,seer_n001k_00pct,0.2093516780252521,-0.017686367515849483,11869,116,69,999.0
leave_one_type_out_tcga_plus_pan_seer,Pan-cancer TCGA + pan-SEER,PAAD,fold1,seer_n001k_00pct,0.02576983249271689,-0.12717930997655363,11948,37,20,999.0
leave_one_type_out_tcga_plus_pan_seer,Pan-cancer TCGA + pan-SEER,PAAD,fold2,seer_n001k_00pct,0.03933629801687358,-0.40914213576710623,11948,37,20,999.0
leave_one_type_out_tcga_plus_pan_seer,Pan-cancer TCGA + pan-SEER,PAAD,fold3,seer_n001k_00pct,0.018828367868365684,-0.07972153462884962,11948,37,20,999.0
leave_one_type_out_tcga_plus_pan_seer,Pan-cancer TCGA + pan-SEER,PAAD,fold5,seer_n001k_00pct,0.019711496518629017,-0.1357483416106554,11949,36,20,999.0
leave_one_type_out_tcga_plus_pan_seer,Pan-cancer TCGA + pan-SEER,PCPG,fold1,seer_n001k_00pct,0.030067376256276826,-0.02878861216852866,11895,90,3,999.0
leave_one_type_out_tcga_plus_pan_seer,Pan-cancer TCGA + pan-SEER,PCPG,fold2,seer_n001k_00pct,0.030211457614409163,0.02024732632056906,11896,89,3,999.0
leave_one_type_out_tcga_plus_pan_seer,Pan-cancer TCGA + pan-SEER,PRAD,fold1,seer_n001k_00pct,0.017677236747758982,-0.025856615577548394,11735,250,5,999.0
leave_one_type_out_tcga_plus_pan_seer,Pan-cancer TCGA + pan-SEER,PRAD,fold2,seer_n001k_00pct,0.013220247372174348,-0.014864330416396534,11735,250,5,999.0
leave_one_type_out_tcga_plus_pan_seer,Pan-cancer TCGA + pan-SEER,READ,fold1,seer_n001k_00pct,0.03078020573133393,-0.1076877845944164,11952,33,5,999.0
leave_one_type_out_tcga_plus_pan_seer,Pan-cancer TCGA + pan-SEER,READ,fold2,seer_n001k_00pct,0.11255283841114767,-0.07313523157039888,11952,33,5,999.0
leave_one_type_out_tcga_plus_pan_seer,Pan-cancer TCGA + pan-SEER,READ,fold3,seer_n001k_00pct,0.017957679452491448,-0.09472002345374135,11952,33,5,999.0
leave_one_type_out_tcga_plus_pan_seer,Pan-cancer TCGA + pan-SEER,READ,fold4,seer_n001k_00pct,0.06107226093242862,-0.06529802396912782,11952,33,6,999.0
leave_one_type_out_tcga_plus_pan_seer,Pan-cancer TCGA + pan-SEER,READ,fold5,seer_n001k_00pct,0.0414032529175981,-0.11540052023453132,11953,32,5,999.0
leave_one_type_out_tcga_plus_pan_seer,Pan-cancer TCGA + pan-SEER,SARC,fold2,seer_n001k_00pct,0.07954646657889097,-0.10100112597179492,11933,52,19,999.0
leave_one_type_out_tcga_plus_pan_seer,Pan-cancer TCGA + pan-SEER,SARC,fold3,seer_n001k_00pct,0.16699028081276635,-0.039799023948543816,11933,52,20,999.0
leave_one_type_out_tcga_plus_pan_seer,Pan-cancer TCGA + pan-SEER,SARC,fold4,seer_n001k_00pct,0.23002149709909775,0.019525016580870108,11933,52,20,999.0
leave_one_type_out_tcga_plus_pan_seer,Pan-cancer TCGA + pan-SEER,SARC,fold5,seer_n001k_00pct,0.11687323776302726,-0.11338608367440321,11933,52,20,999.0
leave_one_type_out_tcga_plus_pan_seer,Pan-cancer TCGA + pan-SEER,SKCM,fold1,seer_n001k_00pct,0.2749531935215033,0.0784453220358293,11894,91,43,999.0
leave_one_type_out_tcga_plus_pan_seer,Pan-cancer TCGA + pan-SEER,SKCM,fold2,seer_n001k_00pct,0.2493558310555029,0.13403736936228086,11894,91,43,999.0
leave_one_type_out_tcga_plus_pan_seer,Pan-cancer TCGA + pan-SEER,SKCM,fold4,seer_n001k_00pct,0.3975340160583981,0.18629945941357356,11894,91,43,999.0
leave_one_type_out_tcga_plus_pan_seer,Pan-cancer TCGA + pan-SEER,STAD,fold1,seer_n001k_00pct,0.026591556295392907,-0.1473014930080141,11901,84,34,999.0
leave_one_type_out_tcga_plus_pan_seer,Pan-cancer TCGA + pan-SEER,STAD,fold2,seer_n001k_00pct,0.0382371406721216,-0.17982266870473418,11901,84,34,999.0
leave_one_type_out_tcga_plus_pan_seer,Pan-cancer TCGA + pan-SEER,STAD,fold3,seer_n001k_00pct,0.024845996337472462,-0.16226812171596255,11902,83,33,999.0
leave_one_type_out_tcga_plus_pan_seer,Pan-cancer TCGA + pan-SEER,STAD,fold4,seer_n001k_00pct,0.034367861698344604,-0.15554370921139946,11902,83,33,999.0
leave_one_type_out_tcga_plus_pan_seer,Pan-cancer TCGA + pan-SEER,STAD,fold5,seer_n001k_00pct,0.03187709808722276,-0.17106979701937924,11902,83,34,999.0
leave_one_type_out_tcga_plus_pan_seer,Pan-cancer TCGA + pan-SEER,TGCT,fold1,seer_n001k_00pct,0.01923232693802973,0.00559278750891278,11918,67,2,999.0
leave_one_type_out_tcga_plus_pan_seer,Pan-cancer TCGA + pan-SEER,TGCT,fold2,seer_n001k_00pct,0.031113865530703666,0.017474326101586717,11918,67,2,999.0
leave_one_type_out_tcga_plus_pan_seer,Pan-cancer TCGA + pan-SEER,THCA,fold2,seer_n001k_00pct,0.018417447638461405,-0.012122135050021667,11816,169,6,999.0
leave_one_type_out_tcga_plus_pan_seer,Pan-cancer TCGA + pan-SEER,THCA,fold3,seer_n001k_00pct,0.02052205052767126,-0.020391073436405734,11817,168,5,999.0
leave_one_type_out_tcga_plus_pan_seer,Pan-cancer TCGA + pan-SEER,THYM,fold1,seer_n001k_00pct,0.043976964854224566,-0.019388263282420833,11923,62,5,999.0
leave_one_type_out_tcga_plus_pan_seer,Pan-cancer TCGA + pan-SEER,THYM,fold2,seer_n001k_00pct,0.05504422158510776,-0.0329112362668868,11924,61,4,999.0
leave_one_type_out_tcga_plus_pan_seer,Pan-cancer TCGA + pan-SEER,UCEC,fold1,seer_n001k_00pct,0.040506769710270694,-0.10549286982811815,11875,110,19,999.0
leave_one_type_out_tcga_plus_pan_seer,Pan-cancer TCGA + pan-SEER,UCEC,fold2,seer_n001k_00pct,0.031950672566810015,-0.05159951308932456,11876,109,18,999.0
leave_one_type_out_tcga_plus_pan_seer,Pan-cancer TCGA + pan-SEER,UCEC,fold4,seer_n001k_00pct,0.03563947646974531,-0.13982130804696163,11876,109,18,999.0
leave_one_type_out_tcga_plus_pan_seer,Pan-cancer TCGA + pan-SEER,UCEC,fold5,seer_n001k_00pct,0.06858872438100576,-0.0562831647096058,11876,109,18,999.0
leave_one_type_out_tcga_plus_pan_seer,Pan-cancer TCGA + pan-SEER,UCS,fold1,seer_n001k_00pct,0.05284835341639379,-0.17905272187179072,11973,12,7,999.0
leave_one_type_out_tcga_plus_pan_seer,Pan-cancer TCGA + pan-SEER,UCS,fold2,seer_n001k_00pct,0.04070192632653283,-0.06177108286804325,11974,11,7,999.0
leave_one_type_out_tcga_plus_pan_seer,Pan-cancer TCGA + pan-SEER,UCS,fold3,seer_n001k_00pct,0.352104637904769,0.10516147560779263,11974,11,7,999.0
leave_one_type_out_tcga_plus_pan_seer,Pan-cancer TCGA + pan-SEER,UCS,fold4,seer_n001k_00pct,0.07502309883616272,-0.21369028767910542,11974,11,7,999.0
leave_one_type_out_tcga_plus_pan_seer,Pan-cancer TCGA + pan-SEER,UCS,fold5,seer_n001k_00pct,0.05889976004547746,-0.13684567537289608,11974,11,7,999.0
leave_one_type_out_tcga_plus_pan_seer,Pan-cancer TCGA + pan-SEER,UVM,fold1,seer_n001k_00pct,0.02704573198885769,-0.1023684693801314,11965,20,6,999.0
leave_one_type_out_tcga_plus_pan_seer,Pan-cancer TCGA + pan-SEER,UVM,fold2,seer_n001k_00pct,0.028672146320030085,-0.10765154220455854,11965,20,6,999.0
leave_one_type_out_tcga_plus_pan_seer,Pan-cancer TCGA + pan-SEER,UVM,fold4,seer_n001k_00pct,0.03331057724054854,-0.19062910298015706,11965,20,5,999.0
leave_one_type_out_tcga_plus_pan_seer,Pan-cancer TCGA + pan-SEER,ACC,fold1,seer_n003k_00pct,0.043985376313216334,-0.045612578234031254,13968,19,7,3001.0
leave_one_type_out_tcga_plus_pan_seer,Pan-cancer TCGA + pan-SEER,ACC,fold2,seer_n003k_00pct,0.10548524058063996,-0.116947042213539,13969,18,7,3001.0
leave_one_type_out_tcga_plus_pan_seer,Pan-cancer TCGA + pan-SEER,ACC,fold3,seer_n003k_00pct,0.045647875660388464,-0.11066290395259121,13969,18,7,3001.0
leave_one_type_out_tcga_plus_pan_seer,Pan-cancer TCGA + pan-SEER,ACC,fold4,seer_n003k_00pct,0.0445213393055909,-0.04523447099824727,13969,18,6,3001.0
leave_one_type_out_tcga_plus_pan_seer,Pan-cancer TCGA + pan-SEER,ACC,fold5,seer_n003k_00pct,0.06825799332369192,-0.024613302735462958,13969,18,6,3001.0
leave_one_type_out_tcga_plus_pan_seer,Pan-cancer TCGA + pan-SEER,BLCA,fold1,seer_n003k_00pct,0.04371813500888043,-0.15198340884022737,13905,82,36,3001.0
leave_one_type_out_tcga_plus_pan_seer,Pan-cancer TCGA + pan-SEER,BLCA,fold2,seer_n003k_00pct,0.08268664808510118,-0.04935308859602128,13905,82,36,3001.0
leave_one_type_out_tcga_plus_pan_seer,Pan-cancer TCGA + pan-SEER,BLCA,fold3,seer_n003k_00pct,0.0733548695965964,-0.07945365232382015,13905,82,36,3001.0
leave_one_type_out_tcga_plus_pan_seer,Pan-cancer TCGA + pan-SEER,BLCA,fold4,seer_n003k_00pct,0.05294730766636454,-0.1377007101640422,13905,82,36,3001.0
leave_one_type_out_tcga_plus_pan_seer,Pan-cancer TCGA + pan-SEER,BLCA,fold5,seer_n003k_00pct,0.10692978928961848,-0.1603610470368821,13905,82,36,3001.0
leave_one_type_out_tcga_plus_pan_seer,Pan-cancer TCGA + pan-SEER,BRCA,fold1,seer_n003k_00pct,0.086198480251007,-0.07118179545853397,13770,217,30,3001.0
leave_one_type_out_tcga_plus_pan_seer,Pan-cancer TCGA + pan-SEER,BRCA,fold2,seer_n003k_00pct,0.048691840879293305,-0.06478531893955647,13770,217,30,3001.0
leave_one_type_out_tcga_plus_pan_seer,Pan-cancer TCGA + pan-SEER,BRCA,fold3,seer_n003k_00pct,0.05494930356356275,-0.06375455224702214,13770,217,31,3001.0
leave_one_type_out_tcga_plus_pan_seer,Pan-cancer TCGA + pan-SEER,BRCA,fold4,seer_n003k_00pct,0.0889009587399506,-0.15593378339494093,13771,216,30,3001.0
leave_one_type_out_tcga_plus_pan_seer,Pan-cancer TCGA + pan-SEER,BRCA,fold5,seer_n003k_00pct,0.058864441379424516,-0.09184007482271672,13771,216,30,3001.0
leave_one_type_out_tcga_plus_pan_seer,Pan-cancer TCGA + pan-SEER,CESC,fold1,seer_n003k_00pct,0.05098172127871703,-0.09975245552117018,13928,59,14,3001.0
leave_one_type_out_tcga_plus_pan_seer,Pan-cancer TCGA + pan-SEER,CESC,fold2,seer_n003k_00pct,0.11728839624573137,-0.0673512066527358,13928,59,14,3001.0
leave_one_type_out_tcga_plus_pan_seer,Pan-cancer TCGA + pan-SEER,CESC,fold3,seer_n003k_00pct,0.06006031019221916,-0.0450345549957733,13928,59,14,3001.0
leave_one_type_out_tcga_plus_pan_seer,Pan-cancer TCGA + pan-SEER,CESC,fold4,seer_n003k_00pct,0.07211121999685613,-0.2323522358837771,13928,59,15,3001.0
leave_one_type_out_tcga_plus_pan_seer,Pan-cancer TCGA + pan-SEER,CESC,fold5,seer_n003k_00pct,0.12292963677837802,-0.17378275975241658,13929,58,14,3001.0
leave_one_type_out_tcga_plus_pan_seer,Pan-cancer TCGA + pan-SEER,CHOL,fold1,seer_n003k_00pct,0.03457201957330359,-0.1876605450717281,13975,12,6,3001.0
leave_one_type_out_tcga_plus_pan_seer,Pan-cancer TCGA + pan-SEER,CHOL,fold2,seer_n003k_00pct,0.056446999372574407,-0.2718549250903601,13976,11,6,3001.0
leave_one_type_out_tcga_plus_pan_seer,Pan-cancer TCGA + pan-SEER,CHOL,fold3,seer_n003k_00pct,0.036711128819984715,-0.194269035495038,13976,11,5,3001.0
leave_one_type_out_tcga_plus_pan_seer,Pan-cancer TCGA + pan-SEER,CHOL,fold4,seer_n003k_00pct,0.04258007310285808,-0.3656381534007932,13976,11,5,3001.0
leave_one_type_out_tcga_plus_pan_seer,Pan-cancer TCGA + pan-SEER,COAD,fold1,seer_n003k_00pct,0.039151053065805394,-0.17212393439368934,13898,89,20,3001.0
leave_one_type_out_tcga_plus_pan_seer,Pan-cancer TCGA + pan-SEER,COAD,fold2,seer_n003k_00pct,0.03844381747598506,-0.1619116390885778,13898,89,20,3001.0
leave_one_type_out_tcga_plus_pan_seer,Pan-cancer TCGA + pan-SEER,COAD,fold3,seer_n003k_00pct,0.042312298905440866,-0.1575793546717843,13899,88,19,3001.0
leave_one_type_out_tcga_plus_pan_seer,Pan-cancer TCGA + pan-SEER,COAD,fold4,seer_n003k_00pct,0.04875081032579908,-0.22089006353672364,13899,88,19,3001.0
leave_one_type_out_tcga_plus_pan_seer,Pan-cancer TCGA + pan-SEER,COAD,fold5,seer_n003k_00pct,0.030531348289907983,-0.07775893450021333,13899,88,20,3001.0
leave_one_type_out_tcga_plus_pan_seer,Pan-cancer TCGA + pan-SEER,DLBC,fold1,seer_n003k_00pct,0.12570505086943035,-0.044328050434527116,13963,24,5,3001.0
leave_one_type_out_tcga_plus_pan_seer,Pan-cancer TCGA + pan-SEER,DLBC,fold2,seer_n003k_00pct,0.16408553625021083,-0.04504200442704792,13964,23,4,3001.0
leave_one_type_out_tcga_plus_pan_seer,Pan-cancer TCGA + pan-SEER,ESCA,fold1,seer_n003k_00pct,0.042702956574827554,-0.20332659704656011,13950,37,16,3001.0
leave_one_type_out_tcga_plus_pan_seer,Pan-cancer TCGA + pan-SEER,ESCA,fold2,seer_n003k_00pct,0.018982592177115426,-0.11301488151139183,13950,37,16,3001.0
leave_one_type_out_tcga_plus_pan_seer,Pan-cancer TCGA + pan-SEER,ESCA,fold3,seer_n003k_00pct,0.017547906903548245,-0.1171410840094314,13950,37,15,3001.0
leave_one_type_out_tcga_plus_pan_seer,Pan-cancer TCGA + pan-SEER,ESCA,fold4,seer_n003k_00pct,0.023437797883849216,-0.1327812098939625,13950,37,15,3001.0
leave_one_type_out_tcga_plus_pan_seer,Pan-cancer TCGA + pan-SEER,ESCA,fold5,seer_n003k_00pct,0.02392592662315551,-0.16507410497548522,13950,37,15,3001.0
leave_one_type_out_tcga_plus_pan_seer,Pan-cancer TCGA + pan-SEER,GBM,fold1,seer_n003k_00pct,0.02434350853385959,-0.03394146820821848,13868,119,99,3001.0
leave_one_type_out_tcga_plus_pan_seer,Pan-cancer TCGA + pan-SEER,GBM,fold2,seer_n003k_00pct,0.03513887764360313,-0.04736530759490819,13868,119,98,3001.0
leave_one_type_out_tcga_plus_pan_seer,Pan-cancer TCGA + pan-SEER,GBM,fold3,seer_n003k_00pct,0.03161027949516726,-0.0448333191297145,13868,119,98,3001.0
leave_one_type_out_tcga_plus_pan_seer,Pan-cancer TCGA + pan-SEER,GBM,fold4,seer_n003k_00pct,0.027227602919792957,-0.037669603177579,13868,119,98,3001.0
leave_one_type_out_tcga_plus_pan_seer,Pan-cancer TCGA + pan-SEER,GBM,fold5,seer_n003k_00pct,0.0426991531982847,-0.04614809968749334,13868,119,98,3001.0
leave_one_type_out_tcga_plus_pan_seer,Pan-cancer TCGA + pan-SEER,HNSC,fold3,seer_n003k_00pct,0.11980651593279995,-0.03892657061320595,13882,105,44,3001.0
leave_one_type_out_tcga_plus_pan_seer,Pan-cancer TCGA + pan-SEER,HNSC,fold5,seer_n003k_00pct,0.07128338021694058,-0.11900693720125793,13882,105,45,3001.0
leave_one_type_out_tcga_plus_pan_seer,Pan-cancer TCGA + pan-SEER,KICH,fold2,seer_n003k_00pct,0.07374216829897243,-0.03744585391337614,13931,56,6,3001.0
leave_one_type_out_tcga_plus_pan_seer,Pan-cancer TCGA + pan-SEER,KIRC,fold2,seer_n003k_00pct,0.05240903056481476,-0.06847665109503995,13880,107,35,3001.0
leave_one_type_out_tcga_plus_pan_seer,Pan-cancer TCGA + pan-SEER,KIRC,fold4,seer_n003k_00pct,0.05784752789814588,-0.03582475056905642,13880,107,36,3001.0
leave_one_type_out_tcga_plus_pan_seer,Pan-cancer TCGA + pan-SEER,KIRP,fold1,seer_n003k_00pct,0.10008487582135046,-0.10762602907558246,13929,58,9,3001.0
leave_one_type_out_tcga_plus_pan_seer,Pan-cancer TCGA + pan-SEER,KIRP,fold2,seer_n003k_00pct,0.04374607208897036,-0.15128481126810484,13929,58,9,3001.0
leave_one_type_out_tcga_plus_pan_seer,Pan-cancer TCGA + pan-SEER,KIRP,fold3,seer_n003k_00pct,0.02936382268496569,-0.09366143887631342,13929,58,9,3001.0
leave_one_type_out_tcga_plus_pan_seer,Pan-cancer TCGA + pan-SEER,KIRP,fold4,seer_n003k_00pct,0.03804704401453202,-0.11315727380141938,13930,57,8,3001.0
leave_one_type_out_tcga_plus_pan_seer,Pan-cancer TCGA + pan-SEER,KIRP,fold5,seer_n003k_00pct,0.031403257918348075,-0.10391013449970843,13930,57,9,3001.0
leave_one_type_out_tcga_plus_pan_seer,Pan-cancer TCGA + pan-SEER,LAML,fold3,seer_n003k_00pct,0.034564710171518624,-0.18238561002152484,13952,35,22,3001.0
leave_one_type_out_tcga_plus_pan_seer,Pan-cancer TCGA + pan-SEER,LAML,fold4,seer_n003k_00pct,0.024648448380815195,-0.12353705338254495,13953,34,21,3001.0
leave_one_type_out_tcga_plus_pan_seer,Pan-cancer TCGA + pan-SEER,LAML,fold5,seer_n003k_00pct,0.04300741622105157,-0.2136216463074338,13953,34,21,3001.0
leave_one_type_out_tcga_plus_pan_seer,Pan-cancer TCGA + pan-SEER,LGG,fold1,seer_n003k_00pct,0.04816392061687868,-0.11693448233361375,13884,103,25,3001.0
leave_one_type_out_tcga_plus_pan_seer,Pan-cancer TCGA + pan-SEER,LGG,fold2,seer_n003k_00pct,0.09068385921166613,-0.08375480001937888,13885,102,25,3001.0
leave_one_type_out_tcga_plus_pan_seer,Pan-cancer TCGA + pan-SEER,LGG,fold5,seer_n003k_00pct,0.03640444863402131,-0.06455567664489192,13885,102,25,3001.0
leave_one_type_out_tcga_plus_pan_seer,Pan-cancer TCGA + pan-SEER,LIHC,fold2,seer_n003k_00pct,0.04475287909920104,-0.1849637948563167,13913,74,27,3001.0
leave_one_type_out_tcga_plus_pan_seer,Pan-cancer TCGA + pan-SEER,LIHC,fold3,seer_n003k_00pct,0.037530562961704164,-0.21620326100948656,13913,74,26,3001.0
leave_one_type_out_tcga_plus_pan_seer,Pan-cancer TCGA + pan-SEER,LIHC,fold5,seer_n003k_00pct,0.04632051061999183,-0.1197176832920203,13913,74,26,3001.0
leave_one_type_out_tcga_plus_pan_seer,Pan-cancer TCGA + pan-SEER,LUAD,fold2,seer_n003k_00pct,0.08131846953891682,-0.06597538864082005,13885,102,37,3001.0
leave_one_type_out_tcga_plus_pan_seer,Pan-cancer TCGA + pan-SEER,LUAD,fold3,seer_n003k_00pct,0.04637629440337481,-0.08173856976179206,13885,102,37,3001.0
leave_one_type_out_tcga_plus_pan_seer,Pan-cancer TCGA + pan-SEER,LUSC,fold2,seer_n003k_00pct,0.05420933112961848,-0.06881425592350782,13887,100,43,3001.0
leave_one_type_out_tcga_plus_pan_seer,Pan-cancer TCGA + pan-SEER,LUSC,fold3,seer_n003k_00pct,0.06363452848783885,-0.06009517036208076,13888,99,43,3001.0
leave_one_type_out_tcga_plus_pan_seer,Pan-cancer TCGA + pan-SEER,LUSC,fold4,seer_n003k_00pct,0.09710606110479027,-0.08345412131232087,13888,99,43,3001.0
leave_one_type_out_tcga_plus_pan_seer,Pan-cancer TCGA + pan-SEER,LUSC,fold5,seer_n003k_00pct,0.1980917030423987,-0.16137661931308195,13888,99,43,3001.0
leave_one_type_out_tcga_plus_pan_seer,Pan-cancer TCGA + pan-SEER,MESO,fold1,seer_n003k_00pct,0.030465985929690194,-0.050414059759024306,13970,17,15,3001.0
leave_one_type_out_tcga_plus_pan_seer,Pan-cancer TCGA + pan-SEER,MESO,fold2,seer_n003k_00pct,0.07045748874315538,-0.18940401570454019,13970,17,15,3001.0
leave_one_type_out_tcga_plus_pan_seer,Pan-cancer TCGA + pan-SEER,MESO,fold3,seer_n003k_00pct,0.045184164888006875,-0.07127316669186862,13970,17,15,3001.0
leave_one_type_out_tcga_plus_pan_seer,Pan-cancer TCGA + pan-SEER,MESO,fold4,seer_n003k_00pct,0.031100891446059622,-0.09090301179182021,13970,17,14,3001.0
leave_one_type_out_tcga_plus_pan_seer,Pan-cancer TCGA + pan-SEER,OV,fold1,seer_n003k_00pct,0.10947975721037896,-0.04556628609992007,13870,117,70,3001.0
leave_one_type_out_tcga_plus_pan_seer,Pan-cancer TCGA + pan-SEER,OV,fold2,seer_n003k_00pct,0.07112696689672533,-0.06329795957509639,13870,117,70,3001.0
leave_one_type_out_tcga_plus_pan_seer,Pan-cancer TCGA + pan-SEER,OV,fold3,seer_n003k_00pct,0.07206654076252225,-0.04297597993192691,13871,116,70,3001.0
leave_one_type_out_tcga_plus_pan_seer,Pan-cancer TCGA + pan-SEER,OV,fold5,seer_n003k_00pct,0.1268861700045981,-0.10015187553650348,13871,116,69,3001.0
leave_one_type_out_tcga_plus_pan_seer,Pan-cancer TCGA + pan-SEER,PAAD,fold1,seer_n003k_00pct,0.025017039540892315,-0.1279321029283782,13950,37,20,3001.0
leave_one_type_out_tcga_plus_pan_seer,Pan-cancer TCGA + pan-SEER,PAAD,fold2,seer_n003k_00pct,0.03458457604224512,-0.41389385774173465,13950,37,20,3001.0
leave_one_type_out_tcga_plus_pan_seer,Pan-cancer TCGA + pan-SEER,PAAD,fold3,seer_n003k_00pct,0.016140615522601272,-0.08240928697461403,13950,37,20,3001.0
leave_one_type_out_tcga_plus_pan_seer,Pan-cancer TCGA + pan-SEER,PAAD,fold5,seer_n003k_00pct,0.018356443661492562,-0.13710339446779188,13951,36,20,3001.0
leave_one_type_out_tcga_plus_pan_seer,Pan-cancer TCGA + pan-SEER,PCPG,fold1,seer_n003k_00pct,0.02261450149840543,-0.03624148692640006,13897,90,3,3001.0
leave_one_type_out_tcga_plus_pan_seer,Pan-cancer TCGA + pan-SEER,PCPG,fold2,seer_n003k_00pct,0.018773539088675188,0.008809407794835085,13898,89,3,3001.0
leave_one_type_out_tcga_plus_pan_seer,Pan-cancer TCGA + pan-SEER,PRAD,fold1,seer_n003k_00pct,0.015473901614872386,-0.02805995071043499,13737,250,5,3001.0
leave_one_type_out_tcga_plus_pan_seer,Pan-cancer TCGA + pan-SEER,PRAD,fold2,seer_n003k_00pct,0.011944455318947233,-0.01614012246962365,13737,250,5,3001.0
leave_one_type_out_tcga_plus_pan_seer,Pan-cancer TCGA + pan-SEER,READ,fold1,seer_n003k_00pct,0.018510221509554278,-0.11995776881619605,13954,33,5,3001.0
leave_one_type_out_tcga_plus_pan_seer,Pan-cancer TCGA + pan-SEER,READ,fold2,seer_n003k_00pct,0.04962169016136501,-0.13606637982018155,13954,33,5,3001.0
leave_one_type_out_tcga_plus_pan_seer,Pan-cancer TCGA + pan-SEER,READ,fold3,seer_n003k_00pct,0.015986939042836542,-0.09669076386339626,13954,33,5,3001.0
leave_one_type_out_tcga_plus_pan_seer,Pan-cancer TCGA + pan-SEER,READ,fold4,seer_n003k_00pct,0.02185643727367396,-0.10451384762788248,13954,33,6,3001.0
leave_one_type_out_tcga_plus_pan_seer,Pan-cancer TCGA + pan-SEER,READ,fold5,seer_n003k_00pct,0.02775439621526461,-0.12904937693686483,13955,32,5,3001.0
leave_one_type_out_tcga_plus_pan_seer,Pan-cancer TCGA + pan-SEER,SARC,fold2,seer_n003k_00pct,0.08590018276692303,-0.09464740978376286,13935,52,19,3001.0
leave_one_type_out_tcga_plus_pan_seer,Pan-cancer TCGA + pan-SEER,SARC,fold3,seer_n003k_00pct,0.12298262389411468,-0.08380668086719548,13935,52,20,3001.0
leave_one_type_out_tcga_plus_pan_seer,Pan-cancer TCGA + pan-SEER,SARC,fold4,seer_n003k_00pct,0.13733751626202118,-0.07315896425620647,13935,52,20,3001.0
leave_one_type_out_tcga_plus_pan_seer,Pan-cancer TCGA + pan-SEER,SARC,fold5,seer_n003k_00pct,0.08253196184785692,-0.14772735958957356,13935,52,20,3001.0
leave_one_type_out_tcga_plus_pan_seer,Pan-cancer TCGA + pan-SEER,SKCM,fold1,seer_n003k_00pct,0.2657294299389584,0.06922155845328434,13896,91,43,3001.0
leave_one_type_out_tcga_plus_pan_seer,Pan-cancer TCGA + pan-SEER,SKCM,fold2,seer_n003k_00pct,0.23152340430671198,0.11620494261348993,13896,91,43,3001.0
leave_one_type_out_tcga_plus_pan_seer,Pan-cancer TCGA + pan-SEER,STAD,fold1,seer_n003k_00pct,0.029212834276427957,-0.14468021502697903,13903,84,34,3001.0
leave_one_type_out_tcga_plus_pan_seer,Pan-cancer TCGA + pan-SEER,STAD,fold2,seer_n003k_00pct,0.04325257275753844,-0.17480723661931735,13903,84,34,3001.0
leave_one_type_out_tcga_plus_pan_seer,Pan-cancer TCGA + pan-SEER,STAD,fold3,seer_n003k_00pct,0.022145144364247388,-0.16496897368918764,13904,83,33,3001.0
leave_one_type_out_tcga_plus_pan_seer,Pan-cancer TCGA + pan-SEER,STAD,fold4,seer_n003k_00pct,0.030845037156734666,-0.1590665337530094,13904,83,33,3001.0
leave_one_type_out_tcga_plus_pan_seer,Pan-cancer TCGA + pan-SEER,STAD,fold5,seer_n003k_00pct,0.026841036060036,-0.176105859046566,13904,83,34,3001.0
leave_one_type_out_tcga_plus_pan_seer,Pan-cancer TCGA + pan-SEER,TGCT,fold1,seer_n003k_00pct,0.02325046279438783,0.009610923365270878,13920,67,2,3001.0
leave_one_type_out_tcga_plus_pan_seer,Pan-cancer TCGA + pan-SEER,TGCT,fold2,seer_n003k_00pct,0.03755960837948159,0.023920068950364644,13920,67,2,3001.0
leave_one_type_out_tcga_plus_pan_seer,Pan-cancer TCGA + pan-SEER,THCA,fold2,seer_n003k_00pct,0.013683575833473335,-0.016856006855009736,13818,169,6,3001.0
leave_one_type_out_tcga_plus_pan_seer,Pan-cancer TCGA + pan-SEER,THCA,fold3,seer_n003k_00pct,0.020876008590824918,-0.020037115373252076,13819,168,5,3001.0
leave_one_type_out_tcga_plus_pan_seer,Pan-cancer TCGA + pan-SEER,THYM,fold1,seer_n003k_00pct,0.026313820645164656,-0.03705140749148074,13925,62,5,3001.0
leave_one_type_out_tcga_plus_pan_seer,Pan-cancer TCGA + pan-SEER,THYM,fold2,seer_n003k_00pct,0.04095983313774869,-0.04699562471424587,13926,61,4,3001.0
leave_one_type_out_tcga_plus_pan_seer,Pan-cancer TCGA + pan-SEER,UCEC,fold1,seer_n003k_00pct,0.030587025030284924,-0.11541261450810392,13877,110,19,3001.0
leave_one_type_out_tcga_plus_pan_seer,Pan-cancer TCGA + pan-SEER,UCEC,fold2,seer_n003k_00pct,0.03571544759111232,-0.04783473806502225,13878,109,18,3001.0
leave_one_type_out_tcga_plus_pan_seer,Pan-cancer TCGA + pan-SEER,UCEC,fold4,seer_n003k_00pct,0.024946603442694653,-0.1505141810740123,13878,109,18,3001.0
leave_one_type_out_tcga_plus_pan_seer,Pan-cancer TCGA + pan-SEER,UCEC,fold5,seer_n003k_00pct,0.055440499780776274,-0.06943138930983528,13878,109,18,3001.0
leave_one_type_out_tcga_plus_pan_seer,Pan-cancer TCGA + pan-SEER,UCS,fold1,seer_n003k_00pct,0.039277765329660874,-0.19262330995852364,13975,12,7,3001.0
leave_one_type_out_tcga_plus_pan_seer,Pan-cancer TCGA + pan-SEER,UCS,fold2,seer_n003k_00pct,0.037233993209855196,-0.06523901598472089,13976,11,7,3001.0
leave_one_type_out_tcga_plus_pan_seer,Pan-cancer TCGA + pan-SEER,UCS,fold3,seer_n003k_00pct,0.12486565454634097,-0.12207750775063539,13976,11,7,3001.0
leave_one_type_out_tcga_plus_pan_seer,Pan-cancer TCGA + pan-SEER,UCS,fold4,seer_n003k_00pct,0.07333265608672417,-0.21538073042854394,13976,11,7,3001.0
leave_one_type_out_tcga_plus_pan_seer,Pan-cancer TCGA + pan-SEER,UCS,fold5,seer_n003k_00pct,0.05676589737853008,-0.13897953803984345,13976,11,7,3001.0
leave_one_type_out_tcga_plus_pan_seer,Pan-cancer TCGA + pan-SEER,UVM,fold1,seer_n003k_00pct,0.023727929843043016,-0.10568627152594608,13967,20,6,3001.0
leave_one_type_out_tcga_plus_pan_seer,Pan-cancer TCGA + pan-SEER,UVM,fold2,seer_n003k_00pct,0.02679335942283075,-0.10953032910175788,13967,20,6,3001.0
leave_one_type_out_tcga_plus_pan_seer,Pan-cancer TCGA + pan-SEER,UVM,fold4,seer_n003k_00pct,0.02679153070546402,-0.19714814951524157,13967,20,5,3001.0
leave_one_type_out_tcga_plus_pan_seer,Pan-cancer TCGA + pan-SEER,ACC,fold1,seer_n010k_00pct,0.047186587643163226,-0.04241136690408436,20966,19,7,9999.0
leave_one_type_out_tcga_plus_pan_seer,Pan-cancer TCGA + pan-SEER,ACC,fold2,seer_n010k_00pct,0.08413295205582376,-0.1382993307383552,20967,18,7,9999.0
leave_one_type_out_tcga_plus_pan_seer,Pan-cancer TCGA + pan-SEER,ACC,fold3,seer_n010k_00pct,0.0467572129245274,-0.10955356668845229,20967,18,7,9999.0
leave_one_type_out_tcga_plus_pan_seer,Pan-cancer TCGA + pan-SEER,ACC,fold4,seer_n010k_00pct,0.04243651186754319,-0.047319298436294975,20967,18,6,9999.0
leave_one_type_out_tcga_plus_pan_seer,Pan-cancer TCGA + pan-SEER,ACC,fold5,seer_n010k_00pct,0.05763629392570621,-0.03523500213344867,20967,18,6,9999.0
leave_one_type_out_tcga_plus_pan_seer,Pan-cancer TCGA + pan-SEER,BLCA,fold1,seer_n010k_00pct,0.037768539937618764,-0.15793300391148907,20903,82,36,9999.0
leave_one_type_out_tcga_plus_pan_seer,Pan-cancer TCGA + pan-SEER,BLCA,fold2,seer_n010k_00pct,0.04741243198010341,-0.08462730470101903,20903,82,36,9999.0
leave_one_type_out_tcga_plus_pan_seer,Pan-cancer TCGA + pan-SEER,BLCA,fold3,seer_n010k_00pct,0.04162375321975298,-0.11118476870066357,20903,82,36,9999.0
leave_one_type_out_tcga_plus_pan_seer,Pan-cancer TCGA + pan-SEER,BLCA,fold4,seer_n010k_00pct,0.04614054622937167,-0.14450747160103508,20903,82,36,9999.0
leave_one_type_out_tcga_plus_pan_seer,Pan-cancer TCGA + pan-SEER,BLCA,fold5,seer_n010k_00pct,0.060217951208913996,-0.2070728851175866,20903,82,36,9999.0
leave_one_type_out_tcga_plus_pan_seer,Pan-cancer TCGA + pan-SEER,BRCA,fold1,seer_n010k_00pct,0.03911322245663612,-0.11826705325290485,20768,217,30,9999.0
leave_one_type_out_tcga_plus_pan_seer,Pan-cancer TCGA + pan-SEER,BRCA,fold2,seer_n010k_00pct,0.036723190062219586,-0.07675396975663018,20768,217,30,9999.0
leave_one_type_out_tcga_plus_pan_seer,Pan-cancer TCGA + pan-SEER,BRCA,fold3,seer_n010k_00pct,0.03962467118187139,-0.0790791846287135,20768,217,31,9999.0
leave_one_type_out_tcga_plus_pan_seer,Pan-cancer TCGA + pan-SEER,BRCA,fold4,seer_n010k_00pct,0.04623922952349892,-0.19859551261139263,20769,216,30,9999.0
leave_one_type_out_tcga_plus_pan_seer,Pan-cancer TCGA + pan-SEER,BRCA,fold5,seer_n010k_00pct,0.048798760779263275,-0.10190575542287796,20769,216,30,9999.0
leave_one_type_out_tcga_plus_pan_seer,Pan-cancer TCGA + pan-SEER,CESC,fold1,seer_n010k_00pct,0.04795515858958954,-0.10277901821029767,20926,59,14,9999.0
leave_one_type_out_tcga_plus_pan_seer,Pan-cancer TCGA + pan-SEER,CESC,fold2,seer_n010k_00pct,0.0959708575657721,-0.08866874533269507,20926,59,14,9999.0
leave_one_type_out_tcga_plus_pan_seer,Pan-cancer TCGA + pan-SEER,CESC,fold3,seer_n010k_00pct,0.039729494159531975,-0.06536537102846049,20926,59,14,9999.0
leave_one_type_out_tcga_plus_pan_seer,Pan-cancer TCGA + pan-SEER,CESC,fold4,seer_n010k_00pct,0.056098521855298414,-0.24836493402533483,20926,59,15,9999.0
leave_one_type_out_tcga_plus_pan_seer,Pan-cancer TCGA + pan-SEER,CESC,fold5,seer_n010k_00pct,0.07902352149771737,-0.21768887503307727,20927,58,14,9999.0
leave_one_type_out_tcga_plus_pan_seer,Pan-cancer TCGA + pan-SEER,CHOL,fold1,seer_n010k_00pct,0.03748165536870527,-0.18475090927632642,20973,12,6,9999.0
leave_one_type_out_tcga_plus_pan_seer,Pan-cancer TCGA + pan-SEER,CHOL,fold2,seer_n010k_00pct,0.05716941026692077,-0.2711325141960137,20974,11,6,9999.0
leave_one_type_out_tcga_plus_pan_seer,Pan-cancer TCGA + pan-SEER,CHOL,fold3,seer_n010k_00pct,0.03417687019323674,-0.19680329412178596,20974,11,5,9999.0
leave_one_type_out_tcga_plus_pan_seer,Pan-cancer TCGA + pan-SEER,CHOL,fold4,seer_n010k_00pct,0.038265306562693516,-0.3699529199409578,20974,11,5,9999.0
leave_one_type_out_tcga_plus_pan_seer,Pan-cancer TCGA + pan-SEER,COAD,fold1,seer_n010k_00pct,0.033487305810368094,-0.17778768164912662,20896,89,20,9999.0
leave_one_type_out_tcga_plus_pan_seer,Pan-cancer TCGA + pan-SEER,COAD,fold2,seer_n010k_00pct,0.031109457939473794,-0.1692459986250891,20896,89,20,9999.0
leave_one_type_out_tcga_plus_pan_seer,Pan-cancer TCGA + pan-SEER,COAD,fold3,seer_n010k_00pct,0.03405416172490561,-0.16583749185231955,20897,88,19,9999.0
leave_one_type_out_tcga_plus_pan_seer,Pan-cancer TCGA + pan-SEER,COAD,fold4,seer_n010k_00pct,0.03492745133229507,-0.23471342253022764,20897,88,19,9999.0
leave_one_type_out_tcga_plus_pan_seer,Pan-cancer TCGA + pan-SEER,COAD,fold5,seer_n010k_00pct,0.023949700194335833,-0.08434058259578549,20897,88,20,9999.0
leave_one_type_out_tcga_plus_pan_seer,Pan-cancer TCGA + pan-SEER,DLBC,fold1,seer_n010k_00pct,0.09750053684441232,-0.07253256445954515,20961,24,5,9999.0
leave_one_type_out_tcga_plus_pan_seer,Pan-cancer TCGA + pan-SEER,DLBC,fold2,seer_n010k_00pct,0.13971026243506798,-0.06941727824219077,20962,23,4,9999.0
leave_one_type_out_tcga_plus_pan_seer,Pan-cancer TCGA + pan-SEER,ESCA,fold1,seer_n010k_00pct,0.031249494533471606,-0.21478005908791606,20948,37,16,9999.0
leave_one_type_out_tcga_plus_pan_seer,Pan-cancer TCGA + pan-SEER,ESCA,fold2,seer_n010k_00pct,0.0175305121994548,-0.11446696148905246,20948,37,16,9999.0
leave_one_type_out_tcga_plus_pan_seer,Pan-cancer TCGA + pan-SEER,ESCA,fold3,seer_n010k_00pct,0.016069214723190842,-0.1186197761897888,20948,37,15,9999.0
leave_one_type_out_tcga_plus_pan_seer,Pan-cancer TCGA + pan-SEER,ESCA,fold4,seer_n010k_00pct,0.020868355104882788,-0.13535065267292895,20948,37,15,9999.0
leave_one_type_out_tcga_plus_pan_seer,Pan-cancer TCGA + pan-SEER,ESCA,fold5,seer_n010k_00pct,0.023369654135420716,-0.16563037746322,20948,37,15,9999.0
leave_one_type_out_tcga_plus_pan_seer,Pan-cancer TCGA + pan-SEER,GBM,fold1,seer_n010k_00pct,0.02294989957755214,-0.03533507716452593,20866,119,99,9999.0
leave_one_type_out_tcga_plus_pan_seer,Pan-cancer TCGA + pan-SEER,GBM,fold2,seer_n010k_00pct,0.0310521686686752,-0.05145201656983611,20866,119,98,9999.0
leave_one_type_out_tcga_plus_pan_seer,Pan-cancer TCGA + pan-SEER,GBM,fold3,seer_n010k_00pct,0.027227193334598825,-0.049216405290282934,20866,119,98,9999.0
leave_one_type_out_tcga_plus_pan_seer,Pan-cancer TCGA + pan-SEER,GBM,fold4,seer_n010k_00pct,0.023948852222507807,-0.040948353874864146,20866,119,98,9999.0
leave_one_type_out_tcga_plus_pan_seer,Pan-cancer TCGA + pan-SEER,GBM,fold5,seer_n010k_00pct,0.033470606718523185,-0.05537664616725485,20866,119,98,9999.0
leave_one_type_out_tcga_plus_pan_seer,Pan-cancer TCGA + pan-SEER,HNSC,fold3,seer_n010k_00pct,0.053226394862735255,-0.10550669168327065,20880,105,44,9999.0
leave_one_type_out_tcga_plus_pan_seer,Pan-cancer TCGA + pan-SEER,HNSC,fold5,seer_n010k_00pct,0.06731185066561941,-0.1229784667525791,20880,105,45,9999.0
leave_one_type_out_tcga_plus_pan_seer,Pan-cancer TCGA + pan-SEER,KICH,fold2,seer_n010k_00pct,0.029999099895235533,-0.08118892231711303,20929,56,6,9999.0
leave_one_type_out_tcga_plus_pan_seer,Pan-cancer TCGA + pan-SEER,KIRC,fold2,seer_n010k_00pct,0.044962718345838086,-0.07592296331401663,20878,107,35,9999.0
leave_one_type_out_tcga_plus_pan_seer,Pan-cancer TCGA + pan-SEER,KIRC,fold4,seer_n010k_00pct,0.04513833186701215,-0.04853394660019015,20878,107,36,9999.0
leave_one_type_out_tcga_plus_pan_seer,Pan-cancer TCGA + pan-SEER,KIRP,fold1,seer_n010k_00pct,0.08193400654002146,-0.12577689835691147,20927,58,9,9999.0
leave_one_type_out_tcga_plus_pan_seer,Pan-cancer TCGA + pan-SEER,KIRP,fold2,seer_n010k_00pct,0.03202528079086059,-0.1630056025662146,20927,58,9,9999.0
leave_one_type_out_tcga_plus_pan_seer,Pan-cancer TCGA + pan-SEER,KIRP,fold3,seer_n010k_00pct,0.02422531172928093,-0.09879994983199819,20927,58,9,9999.0
leave_one_type_out_tcga_plus_pan_seer,Pan-cancer TCGA + pan-SEER,KIRP,fold4,seer_n010k_00pct,0.027335966743213397,-0.123868351072738,20928,57,8,9999.0
leave_one_type_out_tcga_plus_pan_seer,Pan-cancer TCGA + pan-SEER,KIRP,fold5,seer_n010k_00pct,0.025380793844363064,-0.10993259857369345,20928,57,9,9999.0
leave_one_type_out_tcga_plus_pan_seer,Pan-cancer TCGA + pan-SEER,LAML,fold3,seer_n010k_00pct,0.03327409599574472,-0.18367622419729876,20950,35,22,9999.0
leave_one_type_out_tcga_plus_pan_seer,Pan-cancer TCGA + pan-SEER,LAML,fold4,seer_n010k_00pct,0.02629302477699945,-0.1218924769863607,20951,34,21,9999.0
leave_one_type_out_tcga_plus_pan_seer,Pan-cancer TCGA + pan-SEER,LAML,fold5,seer_n010k_00pct,0.0415730848300515,-0.21505597769843388,20951,34,21,9999.0
leave_one_type_out_tcga_plus_pan_seer,Pan-cancer TCGA + pan-SEER,LGG,fold1,seer_n010k_00pct,0.03648885635983904,-0.1286095465906534,20882,103,25,9999.0
leave_one_type_out_tcga_plus_pan_seer,Pan-cancer TCGA + pan-SEER,LGG,fold2,seer_n010k_00pct,0.03893819350768633,-0.13550046572335867,20883,102,25,9999.0
leave_one_type_out_tcga_plus_pan_seer,Pan-cancer TCGA + pan-SEER,LGG,fold5,seer_n010k_00pct,0.0323289991684232,-0.06863112611049002,20883,102,25,9999.0
leave_one_type_out_tcga_plus_pan_seer,Pan-cancer TCGA + pan-SEER,LIHC,fold2,seer_n010k_00pct,0.0398457850520918,-0.18987088890342593,20911,74,27,9999.0
leave_one_type_out_tcga_plus_pan_seer,Pan-cancer TCGA + pan-SEER,LIHC,fold3,seer_n010k_00pct,0.032291182627395824,-0.22144264134379488,20911,74,26,9999.0
leave_one_type_out_tcga_plus_pan_seer,Pan-cancer TCGA + pan-SEER,LIHC,fold5,seer_n010k_00pct,0.03549083693799178,-0.13054735697402037,20911,74,26,9999.0
leave_one_type_out_tcga_plus_pan_seer,Pan-cancer TCGA + pan-SEER,LUAD,fold2,seer_n010k_00pct,0.06127692236821954,-0.08601693581151731,20883,102,37,9999.0
leave_one_type_out_tcga_plus_pan_seer,Pan-cancer TCGA + pan-SEER,LUAD,fold3,seer_n010k_00pct,0.03711267773885235,-0.09100218642631452,20883,102,37,9999.0
leave_one_type_out_tcga_plus_pan_seer,Pan-cancer TCGA + pan-SEER,LUSC,fold2,seer_n010k_00pct,0.04413775291830633,-0.07888583413481998,20885,100,43,9999.0
leave_one_type_out_tcga_plus_pan_seer,Pan-cancer TCGA + pan-SEER,LUSC,fold3,seer_n010k_00pct,0.05196115318930126,-0.07176854566061835,20886,99,43,9999.0
leave_one_type_out_tcga_plus_pan_seer,Pan-cancer TCGA + pan-SEER,LUSC,fold4,seer_n010k_00pct,0.06346266178864547,-0.11709752062846567,20886,99,43,9999.0
leave_one_type_out_tcga_plus_pan_seer,Pan-cancer TCGA + pan-SEER,LUSC,fold5,seer_n010k_00pct,0.0866899413424222,-0.27277838101305846,20886,99,43,9999.0
leave_one_type_out_tcga_plus_pan_seer,Pan-cancer TCGA + pan-SEER,MESO,fold1,seer_n010k_00pct,0.029622935026986975,-0.05125711066172753,20968,17,15,9999.0
leave_one_type_out_tcga_plus_pan_seer,Pan-cancer TCGA + pan-SEER,MESO,fold2,seer_n010k_00pct,0.06299532404232355,-0.19686618040537202,20968,17,15,9999.0
leave_one_type_out_tcga_plus_pan_seer,Pan-cancer TCGA + pan-SEER,MESO,fold3,seer_n010k_00pct,0.03971745517616675,-0.07673987640370875,20968,17,15,9999.0
leave_one_type_out_tcga_plus_pan_seer,Pan-cancer TCGA + pan-SEER,MESO,fold4,seer_n010k_00pct,0.040810492408039085,-0.08119341082984075,20968,17,14,9999.0
leave_one_type_out_tcga_plus_pan_seer,Pan-cancer TCGA + pan-SEER,OV,fold1,seer_n010k_00pct,0.06862992463657562,-0.08641611867372341,20868,117,70,9999.0
leave_one_type_out_tcga_plus_pan_seer,Pan-cancer TCGA + pan-SEER,OV,fold2,seer_n010k_00pct,0.057965803385975595,-0.07645912308584613,20868,117,70,9999.0
leave_one_type_out_tcga_plus_pan_seer,Pan-cancer TCGA + pan-SEER,OV,fold3,seer_n010k_00pct,0.05602481516253828,-0.05901770553191088,20869,116,70,9999.0
leave_one_type_out_tcga_plus_pan_seer,Pan-cancer TCGA + pan-SEER,OV,fold5,seer_n010k_00pct,0.08186845995240347,-0.1451695855886981,20869,116,69,9999.0
leave_one_type_out_tcga_plus_pan_seer,Pan-cancer TCGA + pan-SEER,PAAD,fold1,seer_n010k_00pct,0.021571134192647556,-0.13137800827662297,20948,37,20,9999.0
leave_one_type_out_tcga_plus_pan_seer,Pan-cancer TCGA + pan-SEER,PAAD,fold2,seer_n010k_00pct,0.029009585195532046,-0.41946884858844774,20948,37,20,9999.0
leave_one_type_out_tcga_plus_pan_seer,Pan-cancer TCGA + pan-SEER,PAAD,fold3,seer_n010k_00pct,0.016239189068329146,-0.08231071342888616,20948,37,20,9999.0
leave_one_type_out_tcga_plus_pan_seer,Pan-cancer TCGA + pan-SEER,PAAD,fold5,seer_n010k_00pct,0.016936395844401212,-0.13852344228488322,20949,36,20,9999.0
leave_one_type_out_tcga_plus_pan_seer,Pan-cancer TCGA + pan-SEER,PCPG,fold1,seer_n010k_00pct,0.016467464513646196,-0.04238852391115929,20895,90,3,9999.0
leave_one_type_out_tcga_plus_pan_seer,Pan-cancer TCGA + pan-SEER,PCPG,fold2,seer_n010k_00pct,0.02117005739443275,0.011205926100592647,20896,89,3,9999.0
leave_one_type_out_tcga_plus_pan_seer,Pan-cancer TCGA + pan-SEER,PRAD,fold1,seer_n010k_00pct,0.007611849343902039,-0.03592200298140534,20735,250,5,9999.0
leave_one_type_out_tcga_plus_pan_seer,Pan-cancer TCGA + pan-SEER,PRAD,fold2,seer_n010k_00pct,0.00641926486782511,-0.02166531292074577,20735,250,5,9999.0
leave_one_type_out_tcga_plus_pan_seer,Pan-cancer TCGA + pan-SEER,READ,fold1,seer_n010k_00pct,0.012256471158444776,-0.12621151916730555,20952,33,5,9999.0
leave_one_type_out_tcga_plus_pan_seer,Pan-cancer TCGA + pan-SEER,READ,fold2,seer_n010k_00pct,0.025644830077816004,-0.16004323990373054,20952,33,5,9999.0
leave_one_type_out_tcga_plus_pan_seer,Pan-cancer TCGA + pan-SEER,READ,fold3,seer_n010k_00pct,0.012487845626812029,-0.10018985727942077,20952,33,5,9999.0
leave_one_type_out_tcga_plus_pan_seer,Pan-cancer TCGA + pan-SEER,READ,fold4,seer_n010k_00pct,0.019906667249222906,-0.10646361765233353,20952,33,6,9999.0
leave_one_type_out_tcga_plus_pan_seer,Pan-cancer TCGA + pan-SEER,READ,fold5,seer_n010k_00pct,0.02309031402998739,-0.13371345912214203,20953,32,5,9999.0
leave_one_type_out_tcga_plus_pan_seer,Pan-cancer TCGA + pan-SEER,SARC,fold2,seer_n010k_00pct,0.049394669207275414,-0.13115292334341047,20933,52,19,9999.0
leave_one_type_out_tcga_plus_pan_seer,Pan-cancer TCGA + pan-SEER,SARC,fold3,seer_n010k_00pct,0.06921279066254703,-0.13757651409876315,20933,52,20,9999.0
leave_one_type_out_tcga_plus_pan_seer,Pan-cancer TCGA + pan-SEER,SARC,fold4,seer_n010k_00pct,0.11228373382875187,-0.09821274668947577,20933,52,20,9999.0
leave_one_type_out_tcga_plus_pan_seer,Pan-cancer TCGA + pan-SEER,SARC,fold5,seer_n010k_00pct,0.06962149256494035,-0.16063782887249012,20933,52,20,9999.0
leave_one_type_out_tcga_plus_pan_seer,Pan-cancer TCGA + pan-SEER,SKCM,fold1,seer_n010k_00pct,0.20062692631852685,0.004119054832852825,20894,91,43,9999.0
leave_one_type_out_tcga_plus_pan_seer,Pan-cancer TCGA + pan-SEER,SKCM,fold2,seer_n010k_00pct,0.14572103968712963,0.03040257799390758,20894,91,43,9999.0
leave_one_type_out_tcga_plus_pan_seer,Pan-cancer TCGA + pan-SEER,STAD,fold1,seer_n010k_00pct,0.02637810196455686,-0.14751494733885012,20901,84,34,9999.0
leave_one_type_out_tcga_plus_pan_seer,Pan-cancer TCGA + pan-SEER,STAD,fold2,seer_n010k_00pct,0.031712940054888776,-0.186346869321967,20901,84,34,9999.0
leave_one_type_out_tcga_plus_pan_seer,Pan-cancer TCGA + pan-SEER,STAD,fold3,seer_n010k_00pct,0.022351310024304835,-0.16476280802913018,20902,83,33,9999.0
leave_one_type_out_tcga_plus_pan_seer,Pan-cancer TCGA + pan-SEER,STAD,fold4,seer_n010k_00pct,0.026095252306443915,-0.16381631860330015,20902,83,33,9999.0
leave_one_type_out_tcga_plus_pan_seer,Pan-cancer TCGA + pan-SEER,STAD,fold5,seer_n010k_00pct,0.027246242735085895,-0.1757006523715161,20902,83,34,9999.0
leave_one_type_out_tcga_plus_pan_seer,Pan-cancer TCGA + pan-SEER,TGCT,fold1,seer_n010k_00pct,0.013479183248796888,-0.0001603561803200631,20918,67,2,9999.0
leave_one_type_out_tcga_plus_pan_seer,Pan-cancer TCGA + pan-SEER,TGCT,fold2,seer_n010k_00pct,0.02500467545074045,0.011365136021623498,20918,67,2,9999.0
leave_one_type_out_tcga_plus_pan_seer,Pan-cancer TCGA + pan-SEER,THCA,fold2,seer_n010k_00pct,0.009927260721255425,-0.020612321967227648,20816,169,6,9999.0
leave_one_type_out_tcga_plus_pan_seer,Pan-cancer TCGA + pan-SEER,THCA,fold3,seer_n010k_00pct,0.007447725783573394,-0.0334653981805036,20817,168,5,9999.0
leave_one_type_out_tcga_plus_pan_seer,Pan-cancer TCGA + pan-SEER,THYM,fold1,seer_n010k_00pct,0.02475411314533226,-0.03861111499131314,20923,62,5,9999.0
leave_one_type_out_tcga_plus_pan_seer,Pan-cancer TCGA + pan-SEER,THYM,fold2,seer_n010k_00pct,0.028233829463649683,-0.059721628388344876,20924,61,4,9999.0
leave_one_type_out_tcga_plus_pan_seer,Pan-cancer TCGA + pan-SEER,UCEC,fold2,seer_n010k_00pct,0.03780573801675084,-0.045744447639383734,20876,109,18,9999.0
leave_one_type_out_tcga_plus_pan_seer,Pan-cancer TCGA + pan-SEER,UCEC,fold4,seer_n010k_00pct,0.023589484040081696,-0.15187130047662523,20876,109,18,9999.0
leave_one_type_out_tcga_plus_pan_seer,Pan-cancer TCGA + pan-SEER,UCEC,fold5,seer_n010k_00pct,0.04668607996604759,-0.07818580912456397,20876,109,18,9999.0
leave_one_type_out_tcga_plus_pan_seer,Pan-cancer TCGA + pan-SEER,UCS,fold1,seer_n010k_00pct,0.03509522142654892,-0.1968058538616356,20973,12,7,9999.0
leave_one_type_out_tcga_plus_pan_seer,Pan-cancer TCGA + pan-SEER,UCS,fold2,seer_n010k_00pct,0.04139358186154531,-0.06107942733303077,20974,11,7,9999.0
leave_one_type_out_tcga_plus_pan_seer,Pan-cancer TCGA + pan-SEER,UCS,fold3,seer_n010k_00pct,0.0966048336382252,-0.15033832865875116,20974,11,7,9999.0
leave_one_type_out_tcga_plus_pan_seer,Pan-cancer TCGA + pan-SEER,UCS,fold4,seer_n010k_00pct,0.06331413056276042,-0.2253992559525077,20974,11,7,9999.0
leave_one_type_out_tcga_plus_pan_seer,Pan-cancer TCGA + pan-SEER,UCS,fold5,seer_n010k_00pct,0.05680319857265649,-0.13894223684571705,20974,11,7,9999.0
leave_one_type_out_tcga_plus_pan_seer,Pan-cancer TCGA + pan-SEER,UVM,fold1,seer_n010k_00pct,0.02762688250533733,-0.10178731886365176,20965,20,6,9999.0
leave_one_type_out_tcga_plus_pan_seer,Pan-cancer TCGA + pan-SEER,UVM,fold2,seer_n010k_00pct,0.025527299111489564,-0.11079638941309905,20965,20,6,9999.0
leave_one_type_out_tcga_plus_pan_seer,Pan-cancer TCGA + pan-SEER,UVM,fold4,seer_n010k_00pct,0.02359296152033666,-0.20034671870036894,20965,20,5,9999.0
leave_one_type_out_tcga_plus_pan_seer,Pan-cancer TCGA + pan-SEER,ACC,fold1,seer_n035k_00pct,0.04206744297862135,-0.04753051156862624,46437,19,7,35470.0
leave_one_type_out_tcga_plus_pan_seer,Pan-cancer TCGA + pan-SEER,ACC,fold2,seer_n035k_00pct,0.062012819686361714,-0.16041946310781724,46438,18,7,35470.0
leave_one_type_out_tcga_plus_pan_seer,Pan-cancer TCGA + pan-SEER,ACC,fold3,seer_n035k_00pct,0.04750112211631561,-0.10880965749666408,46438,18,7,35470.0
leave_one_type_out_tcga_plus_pan_seer,Pan-cancer TCGA + pan-SEER,ACC,fold4,seer_n035k_00pct,0.05508621745425932,-0.03466959284957885,46438,18,6,35470.0
leave_one_type_out_tcga_plus_pan_seer,Pan-cancer TCGA + pan-SEER,ACC,fold5,seer_n035k_00pct,0.040678752429324776,-0.052192543629830106,46438,18,6,35470.0
leave_one_type_out_tcga_plus_pan_seer,Pan-cancer TCGA + pan-SEER,BLCA,fold1,seer_n035k_00pct,0.033537010744499704,-0.1621645331046081,46374,82,36,35470.0
leave_one_type_out_tcga_plus_pan_seer,Pan-cancer TCGA + pan-SEER,BLCA,fold2,seer_n035k_00pct,0.04809524089036816,-0.0839444957907543,46374,82,36,35470.0
leave_one_type_out_tcga_plus_pan_seer,Pan-cancer TCGA + pan-SEER,BLCA,fold3,seer_n035k_00pct,0.0426057367128643,-0.11020278520755225,46374,82,36,35470.0
leave_one_type_out_tcga_plus_pan_seer,Pan-cancer TCGA + pan-SEER,BLCA,fold4,seer_n035k_00pct,0.04232969385722873,-0.148318323973178,46374,82,36,35470.0
leave_one_type_out_tcga_plus_pan_seer,Pan-cancer TCGA + pan-SEER,BLCA,fold5,seer_n035k_00pct,0.055389311136729076,-0.2119015251897715,46374,82,36,35470.0
leave_one_type_out_tcga_plus_pan_seer,Pan-cancer TCGA + pan-SEER,BRCA,fold1,seer_n035k_00pct,0.033448392350607065,-0.1239318833589339,46239,217,30,35470.0
leave_one_type_out_tcga_plus_pan_seer,Pan-cancer TCGA + pan-SEER,BRCA,fold2,seer_n035k_00pct,0.03180004723974687,-0.0816771125791029,46239,217,30,35470.0
leave_one_type_out_tcga_plus_pan_seer,Pan-cancer TCGA + pan-SEER,BRCA,fold3,seer_n035k_00pct,0.03489243846389606,-0.08381141734668883,46239,217,31,35470.0
leave_one_type_out_tcga_plus_pan_seer,Pan-cancer TCGA + pan-SEER,BRCA,fold4,seer_n035k_00pct,0.03862631329781339,-0.20620842883707816,46240,216,30,35470.0
leave_one_type_out_tcga_plus_pan_seer,Pan-cancer TCGA + pan-SEER,BRCA,fold5,seer_n035k_00pct,0.040865687367757315,-0.10983882883438392,46240,216,30,35470.0
leave_one_type_out_tcga_plus_pan_seer,Pan-cancer TCGA + pan-SEER,CESC,fold1,seer_n035k_00pct,0.039761141563756236,-0.11097303523613097,46397,59,14,35470.0
leave_one_type_out_tcga_plus_pan_seer,Pan-cancer TCGA + pan-SEER,CESC,fold2,seer_n035k_00pct,0.08464697898344503,-0.09999262391502214,46397,59,14,35470.0
leave_one_type_out_tcga_plus_pan_seer,Pan-cancer TCGA + pan-SEER,CESC,fold3,seer_n035k_00pct,0.040961213211148755,-0.0641336519768437,46397,59,14,35470.0
leave_one_type_out_tcga_plus_pan_seer,Pan-cancer TCGA + pan-SEER,CESC,fold4,seer_n035k_00pct,0.04832883443700724,-0.256134621443626,46397,59,15,35470.0
leave_one_type_out_tcga_plus_pan_seer,Pan-cancer TCGA + pan-SEER,CESC,fold5,seer_n035k_00pct,0.0657801869309398,-0.23093220959985483,46398,58,14,35470.0
leave_one_type_out_tcga_plus_pan_seer,Pan-cancer TCGA + pan-SEER,CHOL,fold1,seer_n035k_00pct,0.03433406472192551,-0.18789849992310617,45973,12,6,34999.0
leave_one_type_out_tcga_plus_pan_seer,Pan-cancer TCGA + pan-SEER,CHOL,fold2,seer_n035k_00pct,0.04215115383924503,-0.28615077062368943,45974,11,6,34999.0
leave_one_type_out_tcga_plus_pan_seer,Pan-cancer TCGA + pan-SEER,CHOL,fold3,seer_n035k_00pct,0.02940885837999453,-0.20157130593502817,45974,11,5,34999.0
leave_one_type_out_tcga_plus_pan_seer,Pan-cancer TCGA + pan-SEER,CHOL,fold4,seer_n035k_00pct,0.037769162528428,-0.3704490639752233,45974,11,5,34999.0
leave_one_type_out_tcga_plus_pan_seer,Pan-cancer TCGA + pan-SEER,COAD,fold1,seer_n035k_00pct,0.02881198208937946,-0.18246300537011526,45896,89,20,34999.0
leave_one_type_out_tcga_plus_pan_seer,Pan-cancer TCGA + pan-SEER,COAD,fold2,seer_n035k_00pct,0.02852176955916154,-0.17183368700540136,45896,89,20,34999.0
leave_one_type_out_tcga_plus_pan_seer,Pan-cancer TCGA + pan-SEER,COAD,fold3,seer_n035k_00pct,0.03047402086236894,-0.16941763271485621,45897,88,19,34999.0
leave_one_type_out_tcga_plus_pan_seer,Pan-cancer TCGA + pan-SEER,COAD,fold4,seer_n035k_00pct,0.02939388172241996,-0.24024699214010276,45897,88,19,34999.0
leave_one_type_out_tcga_plus_pan_seer,Pan-cancer TCGA + pan-SEER,COAD,fold5,seer_n035k_00pct,0.02194809619227901,-0.0863421865978423,45897,88,20,34999.0
leave_one_type_out_tcga_plus_pan_seer,Pan-cancer TCGA + pan-SEER,DLBC,fold1,seer_n035k_00pct,0.08724154833764028,-0.08279155296631718,45961,24,5,34999.0
leave_one_type_out_tcga_plus_pan_seer,Pan-cancer TCGA + pan-SEER,DLBC,fold2,seer_n035k_00pct,0.1273910433402991,-0.08173649733695965,45962,23,4,34999.0
leave_one_type_out_tcga_plus_pan_seer,Pan-cancer TCGA + pan-SEER,ESCA,fold1,seer_n035k_00pct,0.023429668941630098,-0.22259988467975758,45948,37,16,34999.0
leave_one_type_out_tcga_plus_pan_seer,Pan-cancer TCGA + pan-SEER,ESCA,fold2,seer_n035k_00pct,0.01940643794355682,-0.11259103574495044,45948,37,16,34999.0
leave_one_type_out_tcga_plus_pan_seer,Pan-cancer TCGA + pan-SEER,ESCA,fold3,seer_n035k_00pct,0.01551488203081435,-0.1191741088821653,45948,37,15,34999.0
leave_one_type_out_tcga_plus_pan_seer,Pan-cancer TCGA + pan-SEER,ESCA,fold4,seer_n035k_00pct,0.02166775839882748,-0.13455124937898424,45948,37,15,34999.0
leave_one_type_out_tcga_plus_pan_seer,Pan-cancer TCGA + pan-SEER,ESCA,fold5,seer_n035k_00pct,0.02275675456482301,-0.16624327703381772,45948,37,15,34999.0
leave_one_type_out_tcga_plus_pan_seer,Pan-cancer TCGA + pan-SEER,GBM,fold1,seer_n035k_00pct,0.021092005366189402,-0.037192971375888666,45866,119,99,34999.0
leave_one_type_out_tcga_plus_pan_seer,Pan-cancer TCGA + pan-SEER,GBM,fold2,seer_n035k_00pct,0.027239888682995768,-0.05526429655551555,45866,119,98,34999.0
leave_one_type_out_tcga_plus_pan_seer,Pan-cancer TCGA + pan-SEER,GBM,fold3,seer_n035k_00pct,0.026048567066328975,-0.05039503155855278,45866,119,98,34999.0
leave_one_type_out_tcga_plus_pan_seer,Pan-cancer TCGA + pan-SEER,GBM,fold4,seer_n035k_00pct,0.021658125844769827,-0.04323908025260213,45866,119,98,34999.0
leave_one_type_out_tcga_plus_pan_seer,Pan-cancer TCGA + pan-SEER,GBM,fold5,seer_n035k_00pct,0.030364223171501815,-0.05848302971427622,45866,119,98,34999.0
leave_one_type_out_tcga_plus_pan_seer,Pan-cancer TCGA + pan-SEER,HNSC,fold3,seer_n035k_00pct,0.044371098947317354,-0.11436198759868854,45880,105,44,34999.0
leave_one_type_out_tcga_plus_pan_seer,Pan-cancer TCGA + pan-SEER,HNSC,fold5,seer_n035k_00pct,0.05904124766560168,-0.13124906975259684,45880,105,45,34999.0
leave_one_type_out_tcga_plus_pan_seer,Pan-cancer TCGA + pan-SEER,KICH,fold2,seer_n035k_00pct,0.025782640618357177,-0.08540538159399139,45929,56,6,34999.0
leave_one_type_out_tcga_plus_pan_seer,Pan-cancer TCGA + pan-SEER,KIRC,fold2,seer_n035k_00pct,0.0395748562071258,-0.08131082545272891,45878,107,35,34999.0
leave_one_type_out_tcga_plus_pan_seer,Pan-cancer TCGA + pan-SEER,KIRC,fold4,seer_n035k_00pct,0.038954146021046,-0.0547181324461563,45878,107,36,34999.0
leave_one_type_out_tcga_plus_pan_seer,Pan-cancer TCGA + pan-SEER,KIRP,fold1,seer_n035k_00pct,0.06175020716294742,-0.1459606977339855,45927,58,9,34999.0
leave_one_type_out_tcga_plus_pan_seer,Pan-cancer TCGA + pan-SEER,KIRP,fold2,seer_n035k_00pct,0.024091059030374437,-0.17093982432670074,45927,58,9,34999.0
leave_one_type_out_tcga_plus_pan_seer,Pan-cancer TCGA + pan-SEER,KIRP,fold3,seer_n035k_00pct,0.02425295333272856,-0.09877230822855056,45927,58,9,34999.0
leave_one_type_out_tcga_plus_pan_seer,Pan-cancer TCGA + pan-SEER,KIRP,fold4,seer_n035k_00pct,0.023721671797965402,-0.12748264601798598,45928,57,8,34999.0
leave_one_type_out_tcga_plus_pan_seer,Pan-cancer TCGA + pan-SEER,KIRP,fold5,seer_n035k_00pct,0.021025796658380447,-0.11428759575967606,45928,57,9,34999.0
leave_one_type_out_tcga_plus_pan_seer,Pan-cancer TCGA + pan-SEER,LAML,fold3,seer_n035k_00pct,0.03418991414186196,-0.18276040605118152,45950,35,22,34999.0
leave_one_type_out_tcga_plus_pan_seer,Pan-cancer TCGA + pan-SEER,LAML,fold4,seer_n035k_00pct,0.025084922075186474,-0.12310057968817367,45951,34,21,34999.0
leave_one_type_out_tcga_plus_pan_seer,Pan-cancer TCGA + pan-SEER,LAML,fold5,seer_n035k_00pct,0.03543942255027481,-0.22118963997821056,45951,34,21,34999.0
leave_one_type_out_tcga_plus_pan_seer,Pan-cancer TCGA + pan-SEER,LGG,fold1,seer_n035k_00pct,0.03081474539841338,-0.13428365755207905,45882,103,25,34999.0
leave_one_type_out_tcga_plus_pan_seer,Pan-cancer TCGA + pan-SEER,LGG,fold2,seer_n035k_00pct,0.029593957705374766,-0.14484470152567025,45883,102,25,34999.0
leave_one_type_out_tcga_plus_pan_seer,Pan-cancer TCGA + pan-SEER,LGG,fold5,seer_n035k_00pct,0.027087354574934035,-0.07387277070397918,45883,102,25,34999.0
leave_one_type_out_tcga_plus_pan_seer,Pan-cancer TCGA + pan-SEER,LIHC,fold2,seer_n035k_00pct,0.03785657652737071,-0.19186009742814703,45911,74,27,34999.0
leave_one_type_out_tcga_plus_pan_seer,Pan-cancer TCGA + pan-SEER,LIHC,fold3,seer_n035k_00pct,0.03031438203885559,-0.22341944193233512,45911,74,26,34999.0
leave_one_type_out_tcga_plus_pan_seer,Pan-cancer TCGA + pan-SEER,LIHC,fold5,seer_n035k_00pct,0.03342853297271747,-0.13260966093929466,45911,74,26,34999.0
leave_one_type_out_tcga_plus_pan_seer,Pan-cancer TCGA + pan-SEER,LUAD,fold2,seer_n035k_00pct,0.04975083082591725,-0.09754302735381962,45883,102,37,34999.0
leave_one_type_out_tcga_plus_pan_seer,Pan-cancer TCGA + pan-SEER,LUAD,fold3,seer_n035k_00pct,0.034259110634012,-0.09385575353115488,45883,102,37,34999.0
leave_one_type_out_tcga_plus_pan_seer,Pan-cancer TCGA + pan-SEER,LUSC,fold2,seer_n035k_00pct,0.041205902729603096,-0.08181768432352321,45885,100,43,34999.0
leave_one_type_out_tcga_plus_pan_seer,Pan-cancer TCGA + pan-SEER,LUSC,fold3,seer_n035k_00pct,0.045873585325444534,-0.07785611352447508,45886,99,43,34999.0
leave_one_type_out_tcga_plus_pan_seer,Pan-cancer TCGA + pan-SEER,LUSC,fold4,seer_n035k_00pct,0.055204663535535596,-0.12535551888157553,45886,99,43,34999.0
leave_one_type_out_tcga_plus_pan_seer,Pan-cancer TCGA + pan-SEER,LUSC,fold5,seer_n035k_00pct,0.06564613541583719,-0.29382218693964346,45886,99,43,34999.0
leave_one_type_out_tcga_plus_pan_seer,Pan-cancer TCGA + pan-SEER,MESO,fold1,seer_n035k_00pct,0.03448092651595999,-0.04639911917275451,45968,17,15,34999.0
leave_one_type_out_tcga_plus_pan_seer,Pan-cancer TCGA + pan-SEER,MESO,fold2,seer_n035k_00pct,0.06243940840118176,-0.1974220960465138,45968,17,15,34999.0
leave_one_type_out_tcga_plus_pan_seer,Pan-cancer TCGA + pan-SEER,MESO,fold3,seer_n035k_00pct,0.037673785324114764,-0.07878354625576073,45968,17,15,34999.0
leave_one_type_out_tcga_plus_pan_seer,Pan-cancer TCGA + pan-SEER,MESO,fold4,seer_n035k_00pct,0.04033401444582183,-0.081669888792058,45968,17,14,34999.0
leave_one_type_out_tcga_plus_pan_seer,Pan-cancer TCGA + pan-SEER,OV,fold2,seer_n035k_00pct,0.049155170589063504,-0.08526975588275822,45868,117,70,34999.0
leave_one_type_out_tcga_plus_pan_seer,Pan-cancer TCGA + pan-SEER,OV,fold5,seer_n035k_00pct,0.06711575131814584,-0.15992229422295573,45869,116,69,34999.0
leave_one_type_out_tcga_plus_pan_seer,Pan-cancer TCGA + pan-SEER,PAAD,fold1,seer_n035k_00pct,0.02477783351176874,-0.12817130895750178,45948,37,20,34999.0
leave_one_type_out_tcga_plus_pan_seer,Pan-cancer TCGA + pan-SEER,PAAD,fold2,seer_n035k_00pct,0.029892221621039376,-0.4185862121629404,45948,37,20,34999.0
leave_one_type_out_tcga_plus_pan_seer,Pan-cancer TCGA + pan-SEER,PAAD,fold3,seer_n035k_00pct,0.019852210216401354,-0.07869769228081396,45948,37,20,34999.0
leave_one_type_out_tcga_plus_pan_seer,Pan-cancer TCGA + pan-SEER,PAAD,fold5,seer_n035k_00pct,0.02179348227272556,-0.13366635585655887,45949,36,20,34999.0
leave_one_type_out_tcga_plus_pan_seer,Pan-cancer TCGA + pan-SEER,PCPG,fold1,seer_n035k_00pct,0.016142325474652733,-0.042713662950152755,45895,90,3,34999.0
leave_one_type_out_tcga_plus_pan_seer,Pan-cancer TCGA + pan-SEER,PCPG,fold2,seer_n035k_00pct,0.018988312707450897,0.009024181413610794,45896,89,3,34999.0
leave_one_type_out_tcga_plus_pan_seer,Pan-cancer TCGA + pan-SEER,PRAD,fold1,seer_n035k_00pct,0.005119398259770737,-0.03841445406553664,45735,250,5,34999.0
leave_one_type_out_tcga_plus_pan_seer,Pan-cancer TCGA + pan-SEER,PRAD,fold2,seer_n035k_00pct,0.00588586151905233,-0.022198716269518554,45735,250,5,34999.0
leave_one_type_out_tcga_plus_pan_seer,Pan-cancer TCGA + pan-SEER,READ,fold1,seer_n035k_00pct,0.012828506950180582,-0.12563948337556974,45952,33,5,34999.0
leave_one_type_out_tcga_plus_pan_seer,Pan-cancer TCGA + pan-SEER,READ,fold2,seer_n035k_00pct,0.02381538333262076,-0.1618726866489258,45952,33,5,34999.0
leave_one_type_out_tcga_plus_pan_seer,Pan-cancer TCGA + pan-SEER,READ,fold3,seer_n035k_00pct,0.010933689657632362,-0.10174401324860044,45952,33,5,34999.0
leave_one_type_out_tcga_plus_pan_seer,Pan-cancer TCGA + pan-SEER,READ,fold4,seer_n035k_00pct,0.018398607067136773,-0.10797167783441966,45952,33,6,34999.0
leave_one_type_out_tcga_plus_pan_seer,Pan-cancer TCGA + pan-SEER,READ,fold5,seer_n035k_00pct,0.02134300874273318,-0.13546076440939625,45953,32,5,34999.0
leave_one_type_out_tcga_plus_pan_seer,Pan-cancer TCGA + pan-SEER,SARC,fold2,seer_n035k_00pct,0.04247502214501871,-0.13807257040566717,45933,52,19,34999.0
leave_one_type_out_tcga_plus_pan_seer,Pan-cancer TCGA + pan-SEER,SARC,fold3,seer_n035k_00pct,0.05833998349963346,-0.1484493212616767,45933,52,20,34999.0
leave_one_type_out_tcga_plus_pan_seer,Pan-cancer TCGA + pan-SEER,SARC,fold4,seer_n035k_00pct,0.06649564831008042,-0.14400083220814722,45933,52,20,34999.0
leave_one_type_out_tcga_plus_pan_seer,Pan-cancer TCGA + pan-SEER,SARC,fold5,seer_n035k_00pct,0.059116483169475806,-0.17114283826795468,45933,52,20,34999.0
leave_one_type_out_tcga_plus_pan_seer,Pan-cancer TCGA + pan-SEER,SKCM,fold1,seer_n035k_00pct,0.14371075328030228,-0.05279711820537175,45894,91,43,34999.0
leave_one_type_out_tcga_plus_pan_seer,Pan-cancer TCGA + pan-SEER,SKCM,fold2,seer_n035k_00pct,0.11191446645277874,-0.003403995240443311,45894,91,43,34999.0
leave_one_type_out_tcga_plus_pan_seer,Pan-cancer TCGA + pan-SEER,STAD,fold1,seer_n035k_00pct,0.025056097872973977,-0.14883695143043302,45901,84,34,34999.0
leave_one_type_out_tcga_plus_pan_seer,Pan-cancer TCGA + pan-SEER,STAD,fold2,seer_n035k_00pct,0.028136917145197865,-0.18992289223165792,45901,84,34,34999.0
leave_one_type_out_tcga_plus_pan_seer,Pan-cancer TCGA + pan-SEER,STAD,fold3,seer_n035k_00pct,0.02145902342532309,-0.16565509462811195,45902,83,33,34999.0
leave_one_type_out_tcga_plus_pan_seer,Pan-cancer TCGA + pan-SEER,STAD,fold4,seer_n035k_00pct,0.025259289325632348,-0.16465228158411171,45902,83,33,34999.0
leave_one_type_out_tcga_plus_pan_seer,Pan-cancer TCGA + pan-SEER,STAD,fold5,seer_n035k_00pct,0.023279153830866133,-0.17966774127573587,45902,83,34,34999.0
leave_one_type_out_tcga_plus_pan_seer,Pan-cancer TCGA + pan-SEER,TGCT,fold1,seer_n035k_00pct,0.019744589835073986,0.006105050405957034,45918,67,2,34999.0
leave_one_type_out_tcga_plus_pan_seer,Pan-cancer TCGA + pan-SEER,TGCT,fold2,seer_n035k_00pct,0.021290923110634637,0.0076513836815176855,45918,67,2,34999.0
leave_one_type_out_tcga_plus_pan_seer,Pan-cancer TCGA + pan-SEER,THCA,fold2,seer_n035k_00pct,0.007886512034325296,-0.022653070654157774,45816,169,6,34999.0
leave_one_type_out_tcga_plus_pan_seer,Pan-cancer TCGA + pan-SEER,THCA,fold3,seer_n035k_00pct,0.00671290357839032,-0.034200220385686673,45817,168,5,34999.0
leave_one_type_out_tcga_plus_pan_seer,Pan-cancer TCGA + pan-SEER,THYM,fold1,seer_n035k_00pct,0.019933906858112534,-0.043431321278532865,45923,62,5,34999.0
leave_one_type_out_tcga_plus_pan_seer,Pan-cancer TCGA + pan-SEER,THYM,fold2,seer_n035k_00pct,0.026916848974848744,-0.061038608877145815,45924,61,4,34999.0
leave_one_type_out_tcga_plus_pan_seer,Pan-cancer TCGA + pan-SEER,UCEC,fold2,seer_n035k_00pct,0.022125340173780244,-0.06142484548235433,45876,109,18,34999.0
leave_one_type_out_tcga_plus_pan_seer,Pan-cancer TCGA + pan-SEER,UCEC,fold5,seer_n035k_00pct,0.0376222646546641,-0.08724962443594746,45876,109,18,34999.0
leave_one_type_out_tcga_plus_pan_seer,Pan-cancer TCGA + pan-SEER,UCS,fold1,seer_n035k_00pct,0.04111891826767683,-0.1907821570205077,45973,12,7,34999.0
leave_one_type_out_tcga_plus_pan_seer,Pan-cancer TCGA + pan-SEER,UCS,fold2,seer_n035k_00pct,0.037619775613413516,-0.06485323358116257,45974,11,7,34999.0
leave_one_type_out_tcga_plus_pan_seer,Pan-cancer TCGA + pan-SEER,UCS,fold3,seer_n035k_00pct,0.09076672600620256,-0.1561764362907738,45974,11,7,34999.0
leave_one_type_out_tcga_plus_pan_seer,Pan-cancer TCGA + pan-SEER,UCS,fold4,seer_n035k_00pct,0.058033130008847494,-0.23068025650642063,45974,11,7,34999.0
leave_one_type_out_tcga_plus_pan_seer,Pan-cancer TCGA + pan-SEER,UVM,fold2,seer_n035k_00pct,0.028132489606673874,-0.10819119891791475,45965,20,6,34999.0
leave_one_type_out_tcga_plus_pan_seer,Pan-cancer TCGA + pan-SEER,UVM,fold4,seer_n035k_00pct,0.022184352463075544,-0.20175532775763005,45965,20,5,34999.0
